object_name,safe_name,category_guess,stl_path,raw_triangles,exported_triangles,skipped_degenerate,min_x,min_y,min_z,max_x,max_y,max_z,span_x,span_y,span_z
hyp10,hyp10,hypodermis/seam,/home/asunkari/ros-worm/openworm_geometry/object_stls/stl/hyp10.stl,2240,2240,0,-0.04392397031188011,4.1927361488342285,0.18826444447040558,0.031636398285627365,4.619907379150391,0.6482669115066528,0.07556036859750748,0.4271712303161621,0.46000248193740845
hyp9,hyp9,hypodermis/seam,/home/asunkari/ros-worm/openworm_geometry/object_stls/stl/hyp9.stl,2096,2096,0,-0.04399491846561432,3.9946224689483643,0.07859139889478683,0.03170578181743622,4.386119842529297,0.37172946333885193,0.07570070028305054,0.3914973735809326,0.2931380569934845
hyp8,hyp8,hypodermis/seam,/home/asunkari/ros-worm/openworm_geometry/object_stls/stl/hyp8.stl,1808,1808,0,-0.0885942280292511,4.001688003540039,0.023324059322476387,0.07743505388498306,4.2205424308776855,0.18301734328269958,0.16602927446365356,0.21885442733764648,0.15969328582286835
hyp11,hyp11,hypodermis/seam,/home/asunkari/ros-worm/openworm_geometry/object_stls/stl/hyp11.stl,2768,2768,0,-0.08720945566892624,3.933873176574707,0.053254373371601105,0.07684049010276794,4.204285621643066,0.2075197845697403,0.16404995322227478,0.2704124450683594,0.1542654037475586
hyp7,hyp7,hypodermis/seam,/home/asunkari/ros-worm/openworm_geometry/object_stls/stl/hyp7.stl,115408,115408,0,-0.28922805190086365,-3.3659322261810303,-0.7076897621154785,0.28723761439323425,4.060296058654785,0.6868475675582886,0.5764656662940979,7.4262285232543945,1.394537329673767
Seam_Cells_Left,Seam_Cells_Left,hypodermis/seam,/home/asunkari/ros-worm/openworm_geometry/object_stls/stl/Seam_Cells_Left.stl,11072,11072,0,0.10138000547885895,-3.0871129035949707,-0.45982134342193604,0.2933638393878937,3.9912021160125732,0.5522667169570923,0.19198383390903473,7.078314781188965,1.0120880603790283
hyp5,hyp5,hypodermis/seam,/home/asunkari/ros-worm/openworm_geometry/object_stls/stl/hyp5.stl,10752,10752,0,-0.10364309698343277,-3.4258646965026855,0.5022537708282471,0.06597325205802917,-3.2241575717926025,0.6631128787994385,0.16961634159088135,0.201707124710083,0.1608591079711914
hyp4,hyp4,hypodermis/seam,/home/asunkari/ros-worm/openworm_geometry/object_stls/stl/hyp4.stl,14080,14080,0,-0.08487589657306671,-3.478510856628418,0.5192886590957642,0.046207260340452194,-3.364372491836548,0.6625623106956482,0.1310831606388092,0.11413836479187012,0.14327365159988403
hyp2,hyp2,hypodermis/seam,/home/asunkari/ros-worm/openworm_geometry/object_stls/stl/hyp2.stl,22784,22784,0,-0.09233454614877701,-3.5043742656707764,0.49820396304130554,0.04921301454305649,-3.140819549560547,0.6157164573669434,0.1415475606918335,0.3635547161102295,0.11751249432563782
hyp1,hyp1,hypodermis/seam,/home/asunkari/ros-worm/openworm_geometry/object_stls/stl/hyp1.stl,20480,20480,0,-0.09407173842191696,-3.4944424629211426,0.48476487398147583,0.05163549259305,-3.104644536972046,0.6143240332603455,0.14570723474025726,0.3897979259490967,0.12955915927886963
Seam_Cells_Right,Seam_Cells_Right,hypodermis/seam,/home/asunkari/ros-worm/openworm_geometry/object_stls/stl/Seam_Cells_Right.stl,11072,11072,0,-0.29437389969825745,-3.0871129035949707,-0.4593680500984192,-0.10628318786621094,3.9912023544311523,0.5522666573524475,0.1880907118320465,7.078315258026123,1.0116347074508667
hyp3,hyp3,hypodermis/seam,/home/asunkari/ros-worm/openworm_geometry/object_stls/stl/hyp3.stl,12288,12288,0,-0.07167916744947433,-3.527763843536377,0.5350276827812195,0.032678671181201935,-3.2616055011749268,0.6615875363349915,0.10435783863067627,0.2661583423614502,0.12655985355377197
Cuticle,Cuticle,cuticle/body-envelope,/home/asunkari/ros-worm/openworm_geometry/object_stls/stl/Cuticle.stl,32096,32096,0,-0.3074254095554352,-3.527811050415039,-0.7171018123626709,0.3057541251182556,4.625528812408447,0.6913139820098877,0.6131795644760132,8.153339385986328,1.4084157943725586
Phar_Gland_g1_R,Phar_Gland_g1_R,neuron-or-cell,/home/asunkari/ros-worm/openworm_geometry/object_stls/stl/Phar_Gland_g1_R.stl,2240,2240,0,-0.07326815277338028,-2.8536062240600586,0.3038907051086426,-0.03042377345263958,-2.532024383544922,0.4885469973087311,0.04284437745809555,0.3215818405151367,0.1846562922000885
Phar_Gland_g2_VR,Phar_Gland_g2_VR,neuron-or-cell,/home/asunkari/ros-worm/openworm_geometry/object_stls/stl/Phar_Gland_g2_VR.stl,1984,1984,0,-0.09498491138219833,-2.590960741043091,0.2710514962673187,-0.0324191153049469,-2.3846566677093506,0.40404611825942993,0.06256579607725143,0.20630407333374023,0.1329946219921112
Phar_Gland_Dorsal_g2,Phar_Gland_Dorsal_g2,other-cell/anatomy,/home/asunkari/ros-worm/openworm_geometry/object_stls/stl/Phar_Gland_Dorsal_g2.stl,4160,4160,0,-0.10025740414857864,-3.4097442626953125,0.31297120451927185,0.05753076821565628,-2.387277364730835,0.5950590372085571,0.15778817236423492,1.0224668979644775,0.2820878326892853
Arcade_Cell_Ant,Arcade_Cell_Ant,other-cell/anatomy,/home/asunkari/ros-worm/openworm_geometry/object_stls/stl/Arcade_Cell_Ant.stl,15680,15680,0,-0.09109698981046677,-3.495954751968384,0.4888978600502014,0.04823494330048561,-3.173342704772949,0.6152755618095398,0.13933193683624268,0.32261204719543457,0.12637770175933838
Arcade_Cell_Post,Arcade_Cell_Post,other-cell/anatomy,/home/asunkari/ros-worm/openworm_geometry/object_stls/stl/Arcade_Cell_Post.stl,13824,13824,0,-0.09663344919681549,-3.4764716625213623,0.4726529121398926,0.05101413279771805,-3.088528871536255,0.623478889465332,0.14764758944511414,0.3879427909851074,0.15082597732543945
e1VR,e1VR,neuron-or-cell,/home/asunkari/ros-worm/openworm_geometry/object_stls/stl/e1VR.stl,2624,2624,0,-0.08464497327804565,-3.462606906890869,0.5154579281806946,-0.03289839252829552,-3.143465518951416,0.5843719840049744,0.05174658074975014,0.3191413879394531,0.06891405582427979
e3VR,e3VR,neuron-or-cell,/home/asunkari/ros-worm/openworm_geometry/object_stls/stl/e3VR.stl,2736,2736,0,-0.09171544760465622,-3.4478349685668945,0.512840747833252,-0.03277122974395752,-3.0897300243377686,0.5838468074798584,0.0589442178606987,0.358104944229126,0.07100605964660645
e2DR,e2DR,neuron-or-cell,/home/asunkari/ros-worm/openworm_geometry/object_stls/stl/e2DR.stl,4368,4368,0,-0.05063549801707268,-3.4614062309265137,0.5828412771224976,-0.01918032206594944,-3.2485251426696777,0.6202481389045715,0.03145517408847809,0.21288108825683594,0.037406861782073975
e2DL,e2DL,neuron-or-cell,/home/asunkari/ros-worm/openworm_geometry/object_stls/stl/e2DL.stl,4112,4112,0,-0.009822556748986244,-3.4614129066467285,0.5405835509300232,0.035553593188524246,-3.2515316009521484,0.6027805805206299,0.04537615180015564,0.20988130569458008,0.06219702959060669
e3D,e3D,other-cell/anatomy,/home/asunkari/ros-worm/openworm_geometry/object_stls/stl/e3D.stl,3040,3040,0,-0.040608324110507965,-3.445678234100342,0.5945448279380798,-0.002191668376326561,-3.0820705890655518,0.6174606084823608,0.038416653871536255,0.36360764503479004,0.022915780544281006
e1D,e1D,other-cell/anatomy,/home/asunkari/ros-worm/openworm_geometry/object_stls/stl/e1D.stl,3392,3392,0,-0.036284189671278,-3.4603586196899414,0.5957270264625549,-0.006453225389122963,-3.140094041824341,0.6175223588943481,0.029830964282155037,0.3202645778656006,0.021795332431793213
e2V,e2V,other-cell/anatomy,/home/asunkari/ros-worm/openworm_geometry/object_stls/stl/e2V.stl,4528,4528,0,-0.071652352809906,-3.463068962097168,0.5319565534591675,-0.002319173887372017,-3.254366397857666,0.5726233124732971,0.06933318078517914,0.20870256423950195,0.04066675901412964
pm1,pm1,muscle/pharynx-muscle,/home/asunkari/ros-worm/openworm_geometry/object_stls/stl/pm1.stl,10048,10048,0,-0.09085673838853836,-3.4333317279815674,0.47107261419296265,0.04913719743490219,-3.0279691219329834,0.6085832118988037,0.13999393582344055,0.405362606048584,0.13751059770584106
pm2VR,pm2VR,muscle/pharynx-muscle,/home/asunkari/ros-worm/openworm_geometry/object_stls/stl/pm2VR.stl,4800,4800,0,-0.06995386630296707,-3.426251173019409,0.5321440100669861,-0.02645975537598133,-3.2218196392059326,0.5888601541519165,0.04349411278963089,0.20443153381347656,0.05671614408493042
pm2VL,pm2VL,muscle/pharynx-muscle,/home/asunkari/ros-worm/openworm_geometry/object_stls/stl/pm2VL.stl,4608,4608,0,-0.016675183549523354,-3.4263370037078857,0.5327340960502625,0.026845980435609818,-3.2228782176971436,0.5904794931411743,0.04352116584777832,0.2034587860107422,0.057745397090911865
pm2D,pm2D,muscle/pharynx-muscle,/home/asunkari/ros-worm/openworm_geometry/object_stls/stl/pm2D.stl,4544,4544,0,-0.04000535234808922,-3.4236676692962646,0.5894641876220703,-0.0024872496724128723,-3.214796543121338,0.6161019206047058,0.037518102675676346,0.20887112617492676,0.026637732982635498
mc3DR,mc3DR,muscle/pharynx-muscle,/home/asunkari/ros-worm/openworm_geometry/object_stls/stl/mc3DR.stl,6992,6992,0,-0.1356070637702942,-2.5924620628356934,0.3674130439758301,-0.04066108912229538,-2.372154951095581,0.45334815979003906,0.09494597464799881,0.2203071117401123,0.08593511581420898
mc2V,mc2V,muscle/pharynx-muscle,/home/asunkari/ros-worm/openworm_geometry/object_stls/stl/mc2V.stl,6368,6368,0,-0.03842288628220558,-2.9254865646362305,0.3529045283794403,-0.004236022010445595,-2.5942420959472656,0.48833179473876953,0.03418686240911484,0.33124446868896484,0.13542726635932922
mc2DR,mc2DR,muscle/pharynx-muscle,/home/asunkari/ros-worm/openworm_geometry/object_stls/stl/mc2DR.stl,6336,6336,0,-0.10563604533672333,-2.9196207523345947,0.41421085596084595,-0.03879382461309433,-2.591569662094116,0.5868954658508301,0.066842220723629,0.3280510902404785,0.17268460988998413
mc1V,mc1V,muscle/pharynx-muscle,/home/asunkari/ros-worm/openworm_geometry/object_stls/stl/mc1V.stl,9024,9024,0,-0.03813748434185982,-3.4252007007598877,0.43245306611061096,-0.004796181805431843,-2.92264461517334,0.5690494179725647,0.03334130346775055,0.5025560855865479,0.13659635186195374
mc1DR,mc1DR,muscle/pharynx-muscle,/home/asunkari/ros-worm/openworm_geometry/object_stls/stl/mc1DR.stl,9312,9312,0,-0.10626943409442902,-3.4227826595306396,0.5361886620521545,-0.03019273281097412,-2.9174368381500244,0.6036245226860046,0.0760767012834549,0.5053458213806152,0.0674358606338501
pm8,pm8,muscle/pharynx-muscle,/home/asunkari/ros-worm/openworm_geometry/object_stls/stl/pm8.stl,896,896,0,-0.09871543943881989,-2.3809638023376465,0.27982696890830994,0.055978912860155106,-2.3561582565307617,0.4341747760772705,0.1546943485736847,0.024805545806884766,0.15434780716896057
mc3V,mc3V,muscle/pharynx-muscle,/home/asunkari/ros-worm/openworm_geometry/object_stls/stl/mc3V.stl,6176,6176,0,-0.044486578553915024,-2.5955796241760254,0.24324628710746765,0.0014470145106315613,-2.3794896602630615,0.39290985465049744,0.045933593064546585,0.21608996391296387,0.14966356754302979
pm7VL,pm7VL,muscle/pharynx-muscle,/home/asunkari/ros-worm/openworm_geometry/object_stls/stl/pm7VL.stl,4624,4624,0,-0.015619192272424698,-2.4946553707122803,0.24585312604904175,0.10336022824048996,-2.374354362487793,0.4132184386253357,0.11897942423820496,0.1203010082244873,0.16736531257629395
pm7D,pm7D,muscle/pharynx-muscle,/home/asunkari/ros-worm/openworm_geometry/object_stls/stl/pm7D.stl,5184,5184,0,-0.10791823267936707,-2.481215000152588,0.35977059602737427,0.06576396524906158,-2.3702845573425293,0.48936179280281067,0.17368219792842865,0.1109304428100586,0.1295911967754364
pm6VL,pm6VL,muscle/pharynx-muscle,/home/asunkari/ros-worm/openworm_geometry/object_stls/stl/pm6VL.stl,5536,5536,0,-0.01839638501405716,-2.5954504013061523,0.25380492210388184,0.10087950527667999,-2.4084298610687256,0.4232611358165741,0.11927589029073715,0.18702054023742676,0.16945621371269226
pm6D,pm6D,muscle/pharynx-muscle,/home/asunkari/ros-worm/openworm_geometry/object_stls/stl/pm6D.stl,1128,1128,0,-0.10190405696630478,-2.5907654762268066,0.3770383298397064,0.05964735522866249,-2.399495840072632,0.4901110529899597,0.16155141592025757,0.1912696361541748,0.1130727231502533
mc3DL,mc3DL,muscle/pharynx-muscle,/home/asunkari/ros-worm/openworm_geometry/object_stls/stl/mc3DL.stl,1748,1748,0,-0.0020482055842876434,-2.5924315452575684,0.3673693835735321,0.09242776036262512,-2.372208833694458,0.45339348912239075,0.09447596967220306,0.22022271156311035,0.08602410554885864
pm6VR,pm6VR,muscle/pharynx-muscle,/home/asunkari/ros-worm/openworm_geometry/object_stls/stl/pm6VR.stl,5024,5024,0,-0.143575981259346,-2.5954501628875732,0.25316524505615234,-0.025646481662988663,-2.408458709716797,0.4235136806964874,0.11792950332164764,0.18699145317077637,0.17034843564033508
pm5VL,pm5VL,muscle/pharynx-muscle,/home/asunkari/ros-worm/openworm_geometry/object_stls/stl/pm5VL.stl,5008,5008,0,-0.01761713996529579,-2.92514967918396,0.35398346185684204,0.07034146785736084,-2.592489719390869,0.556800901889801,0.08795860409736633,0.3326599597930908,0.20281744003295898
pm5D,pm5D,muscle/pharynx-muscle,/home/asunkari/ros-worm/openworm_geometry/object_stls/stl/pm5D.stl,5376,5376,0,-0.08475510030984879,-2.9186325073242188,0.41281360387802124,0.041909072548151016,-2.5908052921295166,0.6142057776451111,0.1266641765832901,0.32782721519470215,0.20139217376708984
mc2DL,mc2DL,muscle/pharynx-muscle,/home/asunkari/ros-worm/openworm_geometry/object_stls/stl/mc2DL.stl,6336,6336,0,-0.003924412652850151,-2.919621467590332,0.41421085596084595,0.06308339536190033,-2.5915727615356445,0.586995005607605,0.06700780987739563,0.3280487060546875,0.17278414964675903
pm5VR,pm5VR,muscle/pharynx-muscle,/home/asunkari/ros-worm/openworm_geometry/object_stls/stl/pm5VR.stl,4368,4368,0,-0.11279521137475967,-2.924971103668213,0.3541973829269409,-0.024831639602780342,-2.592658281326294,0.5561738610267639,0.08796357363462448,0.33231282234191895,0.201976478099823
pm4VL,pm4VL,muscle/pharynx-muscle,/home/asunkari/ros-worm/openworm_geometry/object_stls/stl/pm4VL.stl,3376,3376,0,-0.016075029969215393,-3.0495448112487793,0.4351933002471924,0.07133246213197708,-2.919799327850342,0.5644072890281677,0.08740749210119247,0.1297454833984375,0.12921398878097534
pm4D,pm4D,muscle/pharynx-muscle,/home/asunkari/ros-worm/openworm_geometry/object_stls/stl/pm4D.stl,3352,3352,0,-0.08488952368497849,-3.043001651763916,0.5312889814376831,0.040893714874982834,-2.916334867477417,0.6213424205780029,0.12578323483467102,0.12666678428649902,0.09005343914031982
e3VL,e3VL,neuron-or-cell,/home/asunkari/ros-worm/openworm_geometry/object_stls/stl/e3VL.stl,2736,2736,0,-0.009947014972567558,-3.4478354454040527,0.5128408074378967,0.0489971898496151,-3.0897302627563477,0.5838468670845032,0.058944202959537506,0.3581051826477051,0.07100605964660645
e1VL,e1VL,neuron-or-cell,/home/asunkari/ros-worm/openworm_geometry/object_stls/stl/e1VL.stl,2624,2624,0,-0.009819849394261837,-3.462606906890869,0.5154579877853394,0.04192672297358513,-3.143465518951416,0.5843720436096191,0.05174657329916954,0.3191413879394531,0.06891405582427979
Phar_Gland_g1_L,Phar_Gland_g1_L,neuron-or-cell,/home/asunkari/ros-worm/openworm_geometry/object_stls/stl/Phar_Gland_g1_L.stl,10176,10176,0,-0.014234507456421852,-2.85286021232605,0.3030652403831482,0.03198247402906418,-2.530062437057495,0.48928800225257874,0.04621697962284088,0.3227977752685547,0.18622276186943054
Phar_Gland_g2_VL,Phar_Gland_g2_VL,neuron-or-cell,/home/asunkari/ros-worm/openworm_geometry/object_stls/stl/Phar_Gland_g2_VL.stl,1984,1984,0,-0.01281639002263546,-2.590960741043091,0.2710516154766083,0.05226663872599602,-2.3846564292907715,0.4040462374687195,0.06508302688598633,0.20630431175231934,0.1329946219921112
pm4VR,pm4VR,muscle/pharynx-muscle,/home/asunkari/ros-worm/openworm_geometry/object_stls/stl/pm4VR.stl,3392,3392,0,-0.11385707557201385,-3.0498287677764893,0.4348773658275604,-0.0258730910718441,-2.9194278717041016,0.5644342303276062,0.08798398077487946,0.1304008960723877,0.12955686450004578
pm3VL,pm3VL,muscle/pharynx-muscle,/home/asunkari/ros-worm/openworm_geometry/object_stls/stl/pm3VL.stl,6576,6576,0,-0.018467675894498825,-3.419351577758789,0.4720301032066345,0.04924149066209793,-3.04703688621521,0.5906681418418884,0.06770916283130646,0.3723146915435791,0.1186380386352539
pm3D,pm3D,muscle/pharynx-muscle,/home/asunkari/ros-worm/openworm_geometry/object_stls/stl/pm3D.stl,5232,5232,0,-0.06831275671720505,-3.4159183502197266,0.5463932156562805,0.0272904671728611,-3.0442447662353516,0.6157834529876709,0.09560322761535645,0.371673583984375,0.06939023733139038
mc1DL,mc1DL,muscle/pharynx-muscle,/home/asunkari/ros-worm/openworm_geometry/object_stls/stl/mc1DL.stl,9312,9312,0,-0.011400636285543442,-3.4228272438049316,0.5362011790275574,0.06312760710716248,-2.917506217956543,0.6035539507865906,0.07452824711799622,0.5053210258483887,0.0673527717590332
pm3VR,pm3VR,muscle/pharynx-muscle,/home/asunkari/ros-worm/openworm_geometry/object_stls/stl/pm3VR.stl,6320,6320,0,-0.091921366751194,-3.4193029403686523,0.47036826610565186,-0.02372094988822937,-3.046719789505005,0.5898585319519043,0.06820041686296463,0.37258315086364746,0.11949026584625244
pm7VR,pm7VR,muscle/pharynx-muscle,/home/asunkari/ros-worm/openworm_geometry/object_stls/stl/pm7VR.stl,4768,4768,0,-0.14610514044761658,-2.494781494140625,0.24594464898109436,-0.02522648498415947,-2.3756790161132812,0.4129047095775604,0.12087865173816681,0.11910247802734375,0.16696006059646606
mu_bod_VL22,mu_bod_VL22,muscle/pharynx-muscle,/home/asunkari/ros-worm/openworm_geometry/object_stls/stl/mu_bod_VL22.stl,11552,11552,0,-0.01550709456205368,2.210836410522461,-0.2668570578098297,0.1206074059009552,3.329690933227539,-0.11086612194776535,0.13611450791358948,1.1188545227050781,0.15599092841148376
mu_bod_VL20,mu_bod_VL20,muscle/pharynx-muscle,/home/asunkari/ros-worm/openworm_geometry/object_stls/stl/mu_bod_VL20.stl,11648,11648,0,-0.02001575380563736,1.3035420179367065,-0.14999578893184662,0.13440416753292084,2.415127992630005,0.0805494487285614,0.1544199287891388,1.1115859746932983,0.23054523766040802
mu_bod_VL18,mu_bod_VL18,muscle/pharynx-muscle,/home/asunkari/ros-worm/openworm_geometry/object_stls/stl/mu_bod_VL18.stl,9600,9600,0,-0.018604137003421783,0.5116761922836304,-0.19174395501613617,0.15306629240512848,1.5108771324157715,0.09840599447488785,0.17167043685913086,0.9992009401321411,0.2901499569416046
mu_bod_VL16,mu_bod_VL16,muscle/pharynx-muscle,/home/asunkari/ros-worm/openworm_geometry/object_stls/stl/mu_bod_VL16.stl,6192,6192,0,-0.01818922907114029,-0.15723364055156708,-0.558564305305481,0.1524449586868286,0.5106613039970398,-0.17551976442337036,0.1706341803073883,0.6678949594497681,0.3830445408821106
mu_bod_VL14,mu_bod_VL14,muscle/pharynx-muscle,/home/asunkari/ros-worm/openworm_geometry/object_stls/stl/mu_bod_VL14.stl,8912,8912,0,-0.020927824079990387,-0.8300691246986389,-0.6692783832550049,0.14152368903160095,0.05678723007440567,-0.4386559724807739,0.16245150566101074,0.8868563771247864,0.23062241077423096
mu_bod_VL12,mu_bod_VL12,muscle/pharynx-muscle,/home/asunkari/ros-worm/openworm_geometry/object_stls/stl/mu_bod_VL12.stl,9040,9040,0,-0.018432699143886566,-1.4850866794586182,-0.6666008830070496,0.13592471182346344,-0.6216945052146912,-0.4579990804195404,0.1543574035167694,0.863392174243927,0.20860180258750916
mu_bod_VL10,mu_bod_VL10,muscle/pharynx-muscle,/home/asunkari/ros-worm/openworm_geometry/object_stls/stl/mu_bod_VL10.stl,7488,7488,0,-0.024165280163288116,-2.0439860820770264,-0.5327214002609253,0.12840864062309265,-1.281636118888855,-0.10003136098384857,0.15257391333580017,0.7623499631881714,0.4326900243759155
mu_bod_VL8,mu_bod_VL8,muscle/pharynx-muscle,/home/asunkari/ros-worm/openworm_geometry/object_stls/stl/mu_bod_VL8.stl,3872,3872,0,0.01072695106267929,-2.5906271934509277,-0.2130049467086792,0.12623196840286255,-1.8451532125473022,0.2347288280725479,0.11550501734018326,0.7454739809036255,0.4477337598800659
mu_bod_VL6,mu_bod_VL6,muscle/pharynx-muscle,/home/asunkari/ros-worm/openworm_geometry/object_stls/stl/mu_bod_VL6.stl,2608,2608,0,-0.0007507391273975372,-2.931675672531128,0.15897582471370697,0.0982956662774086,-2.404618501663208,0.3724791407585144,0.09904640913009644,0.5270571708679199,0.21350331604480743
mu_bod_VL4,mu_bod_VL4,muscle/pharynx-muscle,/home/asunkari/ros-worm/openworm_geometry/object_stls/stl/mu_bod_VL4.stl,1792,1792,0,-0.00889371708035469,-3.143723487854004,0.2982141971588135,0.07768277078866959,-2.7265965938568115,0.4572678506374359,0.08657649159431458,0.4171268939971924,0.15905365347862244
mu_bod_VL2,mu_bod_VL2,muscle/pharynx-muscle,/home/asunkari/ros-worm/openworm_geometry/object_stls/stl/mu_bod_VL2.stl,3744,3744,0,-0.013019770383834839,-3.3678481578826904,0.39586541056632996,0.05942629277706146,-2.9732003211975098,0.53475022315979,0.0724460631608963,0.39464783668518066,0.13888481259346008
mu_bod_VL21,mu_bod_VL21,muscle/pharynx-muscle,/home/asunkari/ros-worm/openworm_geometry/object_stls/stl/mu_bod_VL21.stl,3616,3616,0,0.11302705109119415,2.067657232284546,-0.19208954274654388,0.2146463245153427,2.855679750442505,-0.00584956631064415,0.10161927342414856,0.788022518157959,0.18623997271060944
mu_bod_VL19,mu_bod_VL19,muscle/pharynx-muscle,/home/asunkari/ros-worm/openworm_geometry/object_stls/stl/mu_bod_VL19.stl,2656,2656,0,0.12769952416419983,1.6559261083602905,-0.04468882828950882,0.22277669608592987,2.262418746948242,0.1149371862411499,0.09507717192173004,0.6064926385879517,0.15962600708007812
mu_bod_VL17,mu_bod_VL17,muscle/pharynx-muscle,/home/asunkari/ros-worm/openworm_geometry/object_stls/stl/mu_bod_VL17.stl,4576,4576,0,0.12860150635242462,0.9037762880325317,0.03822082653641701,0.2180730104446411,1.8514420986175537,0.19187487661838531,0.08947150409221649,0.947665810585022,0.1536540538072586
mu_bod_VL15,mu_bod_VL15,muscle/pharynx-muscle,/home/asunkari/ros-worm/openworm_geometry/object_stls/stl/mu_bod_VL15.stl,4960,4960,0,0.132612407207489,0.1213146448135376,-0.40336528420448303,0.2364347130060196,1.1241867542266846,0.17468927800655365,0.10382230579853058,1.002872109413147,0.5780545473098755
mu_bod_VL13,mu_bod_VL13,muscle/pharynx-muscle,/home/asunkari/ros-worm/openworm_geometry/object_stls/stl/mu_bod_VL13.stl,3680,3680,0,0.13399988412857056,-0.47527337074279785,-0.6172231435775757,0.2370162159204483,0.3474324345588684,-0.16467782855033875,0.10301633179187775,0.8227058053016663,0.45254531502723694
mu_bod_VL11,mu_bod_VL11,muscle/pharynx-muscle,/home/asunkari/ros-worm/openworm_geometry/object_stls/stl/mu_bod_VL11.stl,4192,4192,0,0.12496993690729141,-1.1391870975494385,-0.6327109932899475,0.22879745066165924,-0.25221383571624756,-0.4408389627933502,0.10382751375436783,0.8869732618331909,0.1918720304965973
mu_bod_VL9,mu_bod_VL9,muscle/pharynx-muscle,/home/asunkari/ros-worm/openworm_geometry/object_stls/stl/mu_bod_VL9.stl,4144,4144,0,0.12196084856987,-1.7852343320846558,-0.573035717010498,0.21183674037456512,-0.9459577202796936,-0.2425747811794281,0.08987589180469513,0.8392766118049622,0.33046093583106995
mu_bod_VL7,mu_bod_VL7,muscle/pharynx-muscle,/home/asunkari/ros-worm/openworm_geometry/object_stls/stl/mu_bod_VL7.stl,2800,2800,0,0.10531432926654816,-2.2648427486419678,-0.28351926803588867,0.21545839309692383,-1.5952130556106567,0.07454857975244522,0.11014406383037567,0.669629693031311,0.3580678403377533
mu_bod_VL5,mu_bod_VL5,muscle/pharynx-muscle,/home/asunkari/ros-worm/openworm_geometry/object_stls/stl/mu_bod_VL5.stl,2800,2800,0,0.0753246396780014,-2.746919870376587,0.03311467170715332,0.20669196546077728,-2.0749549865722656,0.31961414217948914,0.13136732578277588,0.6719648838043213,0.2864994704723358
mu_bod_VL3,mu_bod_VL3,muscle/pharynx-muscle,/home/asunkari/ros-worm/openworm_geometry/object_stls/stl/mu_bod_VL3.stl,2400,2400,0,0.04261621832847595,-3.1397321224212646,0.30061328411102295,0.156442791223526,-2.5568370819091797,0.47950199246406555,0.11382657289505005,0.582895040512085,0.1788887083530426
mu_bod_VL1,mu_bod_VL1,muscle/pharynx-muscle,/home/asunkari/ros-worm/openworm_geometry/object_stls/stl/mu_bod_VL1.stl,3264,3264,0,0.021788980811834335,-3.366185188293457,0.4463789463043213,0.11370354145765305,-2.945744037628174,0.5651310086250305,0.09191456437110901,0.4204411506652832,0.11875206232070923
mu_bod_VR22,mu_bod_VR22,muscle/pharynx-muscle,/home/asunkari/ros-worm/openworm_geometry/object_stls/stl/mu_bod_VR22.stl,11072,11072,0,-0.1259705126285553,2.293616771697998,-0.2642752230167389,-0.01429874449968338,3.3293917179107666,-0.12655334174633026,0.11167176812887192,1.0357749462127686,0.13772188127040863
mu_bod_VR20,mu_bod_VR20,muscle/pharynx-muscle,/home/asunkari/ros-worm/openworm_geometry/object_stls/stl/mu_bod_VR20.stl,12160,12160,0,-0.1440565139055252,1.3034508228302002,-0.1732366383075714,-0.017104677855968475,2.496093273162842,0.08393070101737976,0.12695184350013733,1.1926424503326416,0.25716733932495117
mu_bod_VR18,mu_bod_VR18,muscle/pharynx-muscle,/home/asunkari/ros-worm/openworm_geometry/object_stls/stl/mu_bod_VR18.stl,9616,9616,0,-0.1514776051044464,0.5094833970069885,-0.21473906934261322,-0.01983427256345749,1.5103931427001953,0.10075224190950394,0.13164332509040833,1.0009098052978516,0.31549131870269775
mu_bod_VR16,mu_bod_VR16,muscle/pharynx-muscle,/home/asunkari/ros-worm/openworm_geometry/object_stls/stl/mu_bod_VR16.stl,6224,6224,0,-0.15637536346912384,-0.15737874805927277,-0.5589856505393982,-0.01795438677072525,0.5081259608268738,-0.18668216466903687,0.138420969247818,0.6655046939849854,0.37230348587036133
mu_bod_VR14,mu_bod_VR14,muscle/pharynx-muscle,/home/asunkari/ros-worm/openworm_geometry/object_stls/stl/mu_bod_VR14.stl,8912,8912,0,-0.15139657258987427,-0.8301516771316528,-0.669051468372345,-0.013480126857757568,0.056259285658597946,-0.43570366501808167,0.1379164457321167,0.8864109516143799,0.2333478033542633
mu_bod_VR12,mu_bod_VR12,muscle/pharynx-muscle,/home/asunkari/ros-worm/openworm_geometry/object_stls/stl/mu_bod_VR12.stl,9328,9328,0,-0.14643462002277374,-1.4837855100631714,-0.666344165802002,-0.013407096266746521,-0.6221924424171448,-0.45383498072624207,0.13302752375602722,0.8615930676460266,0.2125091850757599
mu_bod_VR10,mu_bod_VR10,muscle/pharynx-muscle,/home/asunkari/ros-worm/openworm_geometry/object_stls/stl/mu_bod_VR10.stl,7104,7104,0,-0.13979393243789673,-2.0440680980682373,-0.5316884517669678,-0.016144834458827972,-1.2820885181427002,-0.09711647778749466,0.12364909797906876,0.7619795799255371,0.4345719814300537
mu_bod_VR8,mu_bod_VR8,muscle/pharynx-muscle,/home/asunkari/ros-worm/openworm_geometry/object_stls/stl/mu_bod_VR8.stl,3872,3872,0,-0.1406273990869522,-2.5906314849853516,-0.21173320710659027,-0.024739187210798264,-1.845629096031189,0.2375633418560028,0.11588820815086365,0.7450023889541626,0.4492965340614319
mu_bod_VR6,mu_bod_VR6,muscle/pharynx-muscle,/home/asunkari/ros-worm/openworm_geometry/object_stls/stl/mu_bod_VR6.stl,2064,2064,0,-0.11033051460981369,-2.84757399559021,0.1601545810699463,-0.025706958025693893,-2.4049954414367676,0.3451095223426819,0.0846235603094101,0.4425785541534424,0.1849549412727356
mu_bod_VR4,mu_bod_VR4,muscle/pharynx-muscle,/home/asunkari/ros-worm/openworm_geometry/object_stls/stl/mu_bod_VR4.stl,2000,2000,0,-0.10292799770832062,-3.095487594604492,0.26828238368034363,-0.026424646377563477,-2.64601993560791,0.44271063804626465,0.07650335133075714,0.44946765899658203,0.17442825436592102
mu_bod_VR2,mu_bod_VR2,muscle/pharynx-muscle,/home/asunkari/ros-worm/openworm_geometry/object_stls/stl/mu_bod_VR2.stl,4128,4128,0,-0.09554483741521835,-3.368569850921631,0.3631967604160309,-0.025033462792634964,-2.890916347503662,0.536146879196167,0.07051137089729309,0.47765350341796875,0.1729501187801361
mu_bod_VR21,mu_bod_VR21,muscle/pharynx-muscle,/home/asunkari/ros-worm/openworm_geometry/object_stls/stl/mu_bod_VR21.stl,4176,4176,0,-0.23081500828266144,1.9848153591156006,-0.1913977712392807,-0.12253710627555847,2.854973554611206,0.02436751127243042,0.10827790200710297,0.8701581954956055,0.21576528251171112
mu_bod_VR19,mu_bod_VR19,muscle/pharynx-muscle,/home/asunkari/ros-worm/openworm_geometry/object_stls/stl/mu_bod_VR19.stl,2672,2672,0,-0.23289170861244202,1.5726754665374756,-0.019249869510531425,-0.13796408474445343,2.199878454208374,0.14074857532978058,0.09492762386798859,0.6272029876708984,0.15999844670295715
mu_bod_VR17,mu_bod_VR17,muscle/pharynx-muscle,/home/asunkari/ros-worm/openworm_geometry/object_stls/stl/mu_bod_VR17.stl,4160,4160,0,-0.22926530241966248,0.9032483696937561,0.03901516646146774,-0.13833199441432953,1.7682892084121704,0.19533078372478485,0.09093330800533295,0.8650408387184143,0.1563156247138977
mu_bod_VR15,mu_bod_VR15,muscle/pharynx-muscle,/home/asunkari/ros-worm/openworm_geometry/object_stls/stl/mu_bod_VR15.stl,4960,4960,0,-0.2467450499534607,0.12074949592351913,-0.4020209312438965,-0.14212343096733093,1.1232787370681763,0.1779254823923111,0.10462161898612976,1.002529263496399,0.5799463987350464
mu_bod_VR13,mu_bod_VR13,muscle/pharynx-muscle,/home/asunkari/ros-worm/openworm_geometry/object_stls/stl/mu_bod_VR13.stl,4208,4208,0,-0.24763643741607666,-0.5597431063652039,-0.6307663321495056,-0.14411704242229462,0.32557404041290283,-0.17041967809200287,0.10351939499378204,0.8853171467781067,0.46034663915634155
mu_bod_VR11,mu_bod_VR11,muscle/pharynx-muscle,/home/asunkari/ros-worm/openworm_geometry/object_stls/stl/mu_bod_VR11.stl,3648,3648,0,-0.23963817954063416,-1.1396702527999878,-0.631981372833252,-0.1357603371143341,-0.3385043144226074,-0.46907639503479004,0.10387784242630005,0.8011659383773804,0.16290497779846191
mu_bod_VR9,mu_bod_VR9,muscle/pharynx-muscle,/home/asunkari/ros-worm/openworm_geometry/object_stls/stl/mu_bod_VR9.stl,8752,8752,0,-0.22410330176353455,-1.7857468128204346,-0.5998309254646301,-0.017188087105751038,-0.9467759728431702,-0.2396445870399475,0.2069152146577835,0.8389708399772644,0.3601863384246826
mu_bod_VR7,mu_bod_VR7,muscle/pharynx-muscle,/home/asunkari/ros-worm/openworm_geometry/object_stls/stl/mu_bod_VR7.stl,2800,2800,0,-0.2271510511636734,-2.265305519104004,-0.2823242247104645,-0.11732348054647446,-1.596045732498169,0.07740287482738495,0.10982757061719894,0.669259786605835,0.35972708463668823
mu_bod_VR5,mu_bod_VR5,muscle/pharynx-muscle,/home/asunkari/ros-worm/openworm_geometry/object_stls/stl/mu_bod_VR5.stl,3232,3232,0,-0.22037166357040405,-2.8291714191436768,0.0349353589117527,-0.09127932041883469,-2.0757322311401367,0.35379719734191895,0.12909233570098877,0.75343918800354,0.31886184215545654
mu_bod_VR3,mu_bod_VR3,muscle/pharynx-muscle,/home/asunkari/ros-worm/openworm_geometry/object_stls/stl/mu_bod_VR3.stl,1968,1968,0,-0.16757065057754517,-3.139887809753418,0.330639123916626,-0.0814281776547432,-2.6381916999816895,0.4825657904148102,0.08614247292280197,0.5016961097717285,0.1519266664981842
mu_bod_VR1,mu_bod_VR1,muscle/pharynx-muscle,/home/asunkari/ros-worm/openworm_geometry/object_stls/stl/mu_bod_VR1.stl,3264,3264,0,-0.14165715873241425,-3.367199182510376,0.44894859194755554,-0.05940207093954086,-2.9662182331085205,0.566905677318573,0.08225508779287338,0.40098094940185547,0.11795708537101746
mu_bod_DR23,mu_bod_DR23,muscle/pharynx-muscle,/home/asunkari/ros-worm/openworm_geometry/object_stls/stl/mu_bod_DR23.stl,6928,6928,0,-0.182405486702919,2.663663864135742,-0.03245185688138008,-0.05281013250350952,3.981976270675659,0.15778055787086487,0.12959535419940948,1.318312406539917,0.19023241102695465
mu_bod_DR22,mu_bod_DR22,muscle/pharynx-muscle,/home/asunkari/ros-worm/openworm_geometry/object_stls/stl/mu_bod_DR22.stl,5920,5920,0,-0.1262812465429306,2.3250460624694824,0.03656594455242157,-0.026655487716197968,3.3480398654937744,0.31783750653266907,0.09962575882673264,1.022993803024292,0.2812715768814087
mu_bod_DR20,mu_bod_DR20,muscle/pharynx-muscle,/home/asunkari/ros-worm/openworm_geometry/object_stls/stl/mu_bod_DR20.stl,8080,8080,0,-0.14443626999855042,1.3342909812927246,0.1948186159133911,-0.03531064838171005,2.521404981613159,0.5210399627685547,0.10912562161684036,1.1871140003204346,0.3262213468551636
mu_bod_DR18,mu_bod_DR18,muscle/pharynx-muscle,/home/asunkari/ros-worm/openworm_geometry/object_stls/stl/mu_bod_DR18.stl,5328,5328,0,-0.14441965520381927,0.5709006190299988,0.3213493227958679,-0.03660093992948532,1.5368826389312744,0.528986930847168,0.10781871527433395,0.9659820199012756,0.20763760805130005
mu_bod_DR16,mu_bod_DR16,muscle/pharynx-muscle,/home/asunkari/ros-worm/openworm_geometry/object_stls/stl/mu_bod_DR16.stl,4816,4816,0,-0.1558079719543457,-0.11980310827493668,-0.03372878208756447,-0.03821644186973572,0.7806259393692017,0.38692229986190796,0.11759153008460999,0.9004290699958801,0.42065107822418213
mu_bod_DR14,mu_bod_DR14,muscle/pharynx-muscle,/home/asunkari/ros-worm/openworm_geometry/object_stls/stl/mu_bod_DR14.stl,4816,4816,0,-0.1518770456314087,-0.8003289103507996,-0.2513767182826996,-0.03599679097533226,0.09024269133806229,0.05142321437597275,0.11588025093078613,0.8905715942382812,0.30279994010925293
mu_bod_DR12,mu_bod_DR12,muscle/pharynx-muscle,/home/asunkari/ros-worm/openworm_geometry/object_stls/stl/mu_bod_DR12.stl,5408,5408,0,-0.14681793749332428,-1.5324546098709106,-0.2745784819126129,-0.03318523243069649,-0.5943393111228943,0.03986448049545288,0.11363270878791809,0.9381152987480164,0.3144429624080658
mu_bod_DR10,mu_bod_DR10,muscle/pharynx-muscle,/home/asunkari/ros-worm/openworm_geometry/object_stls/stl/mu_bod_DR10.stl,4208,4208,0,-0.13859766721725464,-2.089787483215332,-0.10414376854896545,-0.03376557677984238,-1.3459218740463257,0.3937641978263855,0.10483209043741226,0.7438656091690063,0.49790796637535095
mu_bod_DR8,mu_bod_DR8,muscle/pharynx-muscle,/home/asunkari/ros-worm/openworm_geometry/object_stls/stl/mu_bod_DR8.stl,4288,4288,0,-0.13828204572200775,-2.661834239959717,0.22645747661590576,-0.024206198751926422,-1.898144245147705,0.5955944061279297,0.11407584697008133,0.7636899948120117,0.3691369295120239
mu_bod_DR6,mu_bod_DR6,muscle/pharynx-muscle,/home/asunkari/ros-worm/openworm_geometry/object_stls/stl/mu_bod_DR6.stl,1952,1952,0,-0.10794302076101303,-2.9105513095855713,0.5031769871711731,-0.022641800343990326,-2.4634149074554443,0.6429243683815002,0.0853012204170227,0.44713640213012695,0.13974738121032715
mu_bod_DR4,mu_bod_DR4,muscle/pharynx-muscle,/home/asunkari/ros-worm/openworm_geometry/object_stls/stl/mu_bod_DR4.stl,2240,2240,0,-0.09773091226816177,-3.182666063308716,0.5778035521507263,-0.024893183261156082,-2.7069215774536133,0.6622167825698853,0.0728377252817154,0.47574448585510254,0.08441323041915894
mu_bod_DR2,mu_bod_DR2,muscle/pharynx-muscle,/home/asunkari/ros-worm/openworm_geometry/object_stls/stl/mu_bod_DR2.stl,2784,2784,0,-0.0899018719792366,-3.358196973800659,0.6174728870391846,-0.023642241954803467,-3.0414669513702393,0.6665349006652832,0.06625963002443314,0.3167300224304199,0.04906201362609863
mu_bod_DR3,mu_bod_DR3,muscle/pharynx-muscle,/home/asunkari/ros-worm/openworm_geometry/object_stls/stl/mu_bod_DR3.stl,2032,2032,0,-0.16825316846370697,-3.1282572746276855,0.4785228371620178,-0.07946527004241943,-2.6080830097198486,0.6391399502754211,0.08878789842128754,0.5201742649078369,0.16061711311340332
mu_bod_DR5,mu_bod_DR5,muscle/pharynx-muscle,/home/asunkari/ros-worm/openworm_geometry/object_stls/stl/mu_bod_DR5.stl,3280,3280,0,-0.22013792395591736,-2.8106374740600586,0.23596762120723724,-0.08960317820310593,-2.061528444290161,0.6096559762954712,0.13053473830223083,0.7491090297698975,0.37368834018707275
mu_bod_DR7,mu_bod_DR7,muscle/pharynx-muscle,/home/asunkari/ros-worm/openworm_geometry/object_stls/stl/mu_bod_DR7.stl,2864,2864,0,-0.22726920247077942,-2.240509510040283,-0.0826617181301117,-0.11682705581188202,-1.5621949434280396,0.4241524338722229,0.1104421466588974,0.6783145666122437,0.5068141222000122
mu_bod_DR9,mu_bod_DR9,muscle/pharynx-muscle,/home/asunkari/ros-worm/openworm_geometry/object_stls/stl/mu_bod_DR9.stl,3664,3664,0,-0.22442644834518433,-1.7587964534759521,-0.3432154059410095,-0.13124588131904602,-0.9334298372268677,0.13666419684886932,0.0931805670261383,0.8253666162490845,0.47987961769104004
mu_bod_DR11,mu_bod_DR11,muscle/pharynx-muscle,/home/asunkari/ros-worm/openworm_geometry/object_stls/stl/mu_bod_DR11.stl,3632,3632,0,-0.24083654582500458,-1.114572525024414,-0.36294230818748474,-0.13532723486423492,-0.2575454115867615,-0.19762152433395386,0.10550931096076965,0.8570271134376526,0.16532078385353088
mu_bod_DR21,mu_bod_DR21,muscle/pharynx-muscle,/home/asunkari/ros-worm/openworm_geometry/object_stls/stl/mu_bod_DR21.stl,3648,3648,0,-0.2302379012107849,2.011770725250244,0.020880233496427536,-0.12199560552835464,2.8462073802948,0.3791182041168213,0.10824229568243027,0.8344366550445557,0.35823798179626465
mu_bod_DR19,mu_bod_DR19,muscle/pharynx-muscle,/home/asunkari/ros-worm/openworm_geometry/object_stls/stl/mu_bod_DR19.stl,2416,2416,0,-0.2329801470041275,1.5984010696411133,0.2230238914489746,-0.137471541762352,2.1941916942596436,0.46525508165359497,0.09550860524177551,0.5957906246185303,0.24223119020462036
mu_bod_DR17,mu_bod_DR17,muscle/pharynx-muscle,/home/asunkari/ros-worm/openworm_geometry/object_stls/stl/mu_bod_DR17.stl,3728,3728,0,-0.22935162484645844,0.9302946329116821,0.3367626965045929,-0.1378365308046341,1.7846773862838745,0.48981472849845886,0.09151509404182434,0.8543827533721924,0.15305203199386597
mu_bod_DR15,mu_bod_DR15,muscle/pharynx-muscle,/home/asunkari/ros-worm/openworm_geometry/object_stls/stl/mu_bod_DR15.stl,4496,4496,0,-0.2477840632200241,0.06791646778583527,0.024318259209394455,-0.14166107773780823,1.117044448852539,0.43694931268692017,0.10612298548221588,1.0491279363632202,0.4126310646533966
mu_bod_DR13,mu_bod_DR13,muscle/pharynx-muscle,/home/asunkari/ros-worm/openworm_geometry/object_stls/stl/mu_bod_DR13.stl,2848,2848,0,-0.24722042679786682,-0.44737905263900757,-0.2200026512145996,-0.1441616714000702,0.27821433544158936,0.044013574719429016,0.10305875539779663,0.7255933880805969,0.26401621103286743
mu_bod_DL22,mu_bod_DL22,muscle/pharynx-muscle,/home/asunkari/ros-worm/openworm_geometry/object_stls/stl/mu_bod_DL22.stl,5920,5920,0,0.009091630578041077,2.2435474395751953,0.034069567918777466,0.12010286003351212,3.2643425464630127,0.3513752520084381,0.11101122945547104,1.0207951068878174,0.31730568408966064
mu_bod_DL20,mu_bod_DL20,muscle/pharynx-muscle,/home/asunkari/ros-worm/openworm_geometry/object_stls/stl/mu_bod_DL20.stl,6528,6528,0,0.014230992645025253,1.3355847597122192,0.2252945601940155,0.13387592136859894,2.4404265880584717,0.5189142227172852,0.11964492499828339,1.1048418283462524,0.29361966252326965
mu_bod_DL18,mu_bod_DL18,muscle/pharynx-muscle,/home/asunkari/ros-worm/openworm_geometry/object_stls/stl/mu_bod_DL18.stl,5360,5360,0,0.014910925179719925,0.5703270435333252,0.32015836238861084,0.13289378583431244,1.5373764038085938,0.5287914872169495,0.11798286437988281,0.9670493602752686,0.20863312482833862
mu_bod_DL16,mu_bod_DL16,muscle/pharynx-muscle,/home/asunkari/ros-worm/openworm_geometry/object_stls/stl/mu_bod_DL16.stl,4816,4816,0,0.018635481595993042,-0.11882521212100983,-0.035422973334789276,0.14458951354026794,0.7817316651344299,0.38593590259552,0.1259540319442749,0.9005568623542786,0.4213588833808899
mu_bod_DL14,mu_bod_DL14,muscle/pharynx-muscle,/home/asunkari/ros-worm/openworm_geometry/object_stls/stl/mu_bod_DL14.stl,4816,4816,0,0.017872557044029236,-0.7990106344223022,-0.2528687119483948,0.14090999960899353,0.09191669523715973,0.05052303895354271,0.1230374425649643,0.8909273147583008,0.3033917546272278
mu_bod_DL12,mu_bod_DL12,muscle/pharynx-muscle,/home/asunkari/ros-worm/openworm_geometry/object_stls/stl/mu_bod_DL12.stl,5312,5312,0,0.017246633768081665,-1.5014289617538452,-0.2763574719429016,0.13538163900375366,-0.5921564102172852,0.023073961958289146,0.118135005235672,0.9092725515365601,0.2994314432144165
mu_bod_DL10,mu_bod_DL10,muscle/pharynx-muscle,/home/asunkari/ros-worm/openworm_geometry/object_stls/stl/mu_bod_DL10.stl,4192,4192,0,0.01917850226163864,-2.061272382736206,-0.11203017830848694,0.1278768926858902,-1.3340657949447632,0.37492552399635315,0.10869839042425156,0.7272065877914429,0.4869557023048401
mu_bod_DL8,mu_bod_DL8,muscle/pharynx-muscle,/home/asunkari/ros-worm/openworm_geometry/object_stls/stl/mu_bod_DL8.stl,3920,3920,0,0.012142341583967209,-2.590175151824951,0.22434228658676147,0.12684431672096252,-1.8949707746505737,0.5779355764389038,0.11470197141170502,0.6952043771743774,0.35359328985214233
mu_bod_DL6,mu_bod_DL6,muscle/pharynx-muscle,/home/asunkari/ros-worm/openworm_geometry/object_stls/stl/mu_bod_DL6.stl,2576,2576,0,0.001398034393787384,-2.9098012447357178,0.4957793951034546,0.0942598432302475,-2.4340600967407227,0.6445111632347107,0.09286180883646011,0.4757411479949951,0.1487317681312561
mu_bod_DL4,mu_bod_DL4,muscle/pharynx-muscle,/home/asunkari/ros-worm/openworm_geometry/object_stls/stl/mu_bod_DL4.stl,2240,2240,0,-0.007981758564710617,-3.1800625324249268,0.5751877427101135,0.07835879921913147,-2.7032809257507324,0.6618848443031311,0.08634056150913239,0.47678160667419434,0.08669710159301758
mu_bod_DL2,mu_bod_DL2,muscle/pharynx-muscle,/home/asunkari/ros-worm/openworm_geometry/object_stls/stl/mu_bod_DL2.stl,2792,2792,0,-0.010957827791571617,-3.356602907180786,0.6055334806442261,0.06102935969829559,-3.003023862838745,0.6664196252822876,0.07198718935251236,0.353579044342041,0.06088614463806152
mu_bod_DL23,mu_bod_DL23,muscle/pharynx-muscle,/home/asunkari/ros-worm/openworm_geometry/object_stls/stl/mu_bod_DL23.stl,6896,6896,0,0.04325956851243973,2.663242816925049,-0.034667328000068665,0.17085590958595276,3.9807214736938477,0.15690253674983978,0.12759634852409363,1.3174786567687988,0.19156986474990845
mu_bod_DL21,mu_bod_DL21,muscle/pharynx-muscle,/home/asunkari/ros-worm/openworm_geometry/object_stls/stl/mu_bod_DL21.stl,3672,3672,0,0.11270722001791,2.01193904876709,0.016688141971826553,0.21991276741027832,2.8732142448425293,0.37810543179512024,0.10720554739236832,0.8612751960754395,0.361417293548584
mu_bod_DL19,mu_bod_DL19,muscle/pharynx-muscle,/home/asunkari/ros-worm/openworm_geometry/object_stls/stl/mu_bod_DL19.stl,2424,2424,0,0.1277785748243332,1.5988788604736328,0.22194014489650726,0.22354656457901,2.196992874145508,0.46452832221984863,0.09576798975467682,0.598114013671875,0.24258817732334137
mu_bod_DL17,mu_bod_DL17,muscle/pharynx-muscle,/home/asunkari/ros-worm/openworm_geometry/object_stls/stl/mu_bod_DL17.stl,4064,4064,0,0.12816698849201202,0.845787763595581,0.3322082459926605,0.21796052157878876,1.8028637170791626,0.4891242980957031,0.08979353308677673,0.9570759534835815,0.1569160521030426
mu_bod_DL15,mu_bod_DL15,muscle/pharynx-muscle,/home/asunkari/ros-worm/openworm_geometry/object_stls/stl/mu_bod_DL15.stl,4040,4040,0,0.13502955436706543,0.06964447349309921,0.022284677252173424,0.23664182424545288,1.0582592487335205,0.4122394025325775,0.10161226987838745,0.9886147975921631,0.38995471596717834
mu_bod_DL3,mu_bod_DL3,muscle/pharynx-muscle,/home/asunkari/ros-worm/openworm_geometry/object_stls/stl/mu_bod_DL3.stl,2048,2048,0,0.04368939623236656,-3.1244418621063232,0.4760568141937256,0.15089012682437897,-2.6042022705078125,0.6386561989784241,0.1072007268667221,0.5202395915985107,0.1625993847846985
mu_bod_DL5,mu_bod_DL5,muscle/pharynx-muscle,/home/asunkari/ros-worm/openworm_geometry/object_stls/stl/mu_bod_DL5.stl,3272,3272,0,0.06949760019779205,-2.8069136142730713,0.21294710040092468,0.2067929059267044,-2.0334575176239014,0.6090522408485413,0.13729530572891235,0.7734560966491699,0.3961051404476166
mu_bod_DL7,mu_bod_DL7,muscle/pharynx-muscle,/home/asunkari/ros-worm/openworm_geometry/object_stls/stl/mu_bod_DL7.stl,2832,2832,0,0.10501614958047867,-2.237079620361328,-0.08442065119743347,0.21515347063541412,-1.558863878250122,0.42310893535614014,0.11013732105493546,0.678215742111206,0.507529616355896
mu_bod_DL9,mu_bod_DL9,muscle/pharynx-muscle,/home/asunkari/ros-worm/openworm_geometry/object_stls/stl/mu_bod_DL9.stl,3656,3656,0,0.12159457057714462,-1.7556911706924438,-0.35384848713874817,0.21189941465854645,-0.9055732488632202,0.135658398270607,0.09030484408140182,0.8501179218292236,0.48950690031051636
mu_bod_DL11,mu_bod_DL11,muscle/pharynx-muscle,/home/asunkari/ros-worm/openworm_geometry/object_stls/stl/mu_bod_DL11.stl,3672,3672,0,0.1290404349565506,-1.0853164196014404,-0.3583000600337982,0.22644385695457458,-0.25556230545043945,-0.20966026186943054,0.09740342199802399,0.829754114151001,0.14863979816436768
mu_bod_DL13,mu_bod_DL13,muscle/pharynx-muscle,/home/asunkari/ros-worm/openworm_geometry/object_stls/stl/mu_bod_DL13.stl,2848,2848,0,0.13356523215770721,-0.44526538252830505,-0.22372552752494812,0.23514524102210999,0.2595723867416382,0.04325772449374199,0.10158000886440277,0.7048377990722656,0.2669832408428192
mu_bod_VR23,mu_bod_VR23,muscle/pharynx-muscle,/home/asunkari/ros-worm/openworm_geometry/object_stls/stl/mu_bod_VR23.stl,7680,7680,0,-0.182648167014122,2.640166997909546,-0.2405284196138382,-0.05280779302120209,3.975022315979004,0.031309932470321655,0.12984037399291992,1.334855318069458,0.27183836698532104
mu_bod_VL23,mu_bod_VL23,muscle/pharynx-muscle,/home/asunkari/ros-worm/openworm_geometry/object_stls/stl/mu_bod_VL23.stl,7680,7680,0,0.04236655682325363,2.6406147480010986,-0.2414012849330902,0.17144785821437836,3.9752280712127686,0.02837124839425087,0.12908130884170532,1.33461332321167,0.2697725296020508
mu_bod_DR1,mu_bod_DR1,muscle/pharynx-muscle,/home/asunkari/ros-worm/openworm_geometry/object_stls/stl/mu_bod_DR1.stl,3248,3248,0,-0.14158493280410767,-3.3603029251098633,0.555891752243042,-0.056462377309799194,-2.9579644203186035,0.6438906192779541,0.08512255549430847,0.40233850479125977,0.08799886703491211
mu_bod_DR24,mu_bod_DR24,muscle/pharynx-muscle,/home/asunkari/ros-worm/openworm_geometry/object_stls/stl/mu_bod_DR24.stl,6160,6160,0,-0.10075436532497406,3.1453967094421387,0.04034805670380592,-0.010125145316123962,3.983365058898926,0.14739902317523956,0.0906292200088501,0.8379683494567871,0.10705097019672394
mu_bod_DL1,mu_bod_DL1,muscle/pharynx-muscle,/home/asunkari/ros-worm/openworm_geometry/object_stls/stl/mu_bod_DL1.stl,3280,3280,0,0.022858895361423492,-3.358546257019043,0.5527318716049194,0.11360789835453033,-2.933697462081909,0.6436522006988525,0.09074900299310684,0.4248487949371338,0.0909203290939331
mu_bod_DL24,mu_bod_DL24,muscle/pharynx-muscle,/home/asunkari/ros-worm/openworm_geometry/object_stls/stl/mu_bod_DL24.stl,6688,6688,0,-0.00012339279055595398,3.060098648071289,0.036205168813467026,0.09023746848106384,3.982184648513794,0.14720593392848969,0.0903608649969101,0.9220860004425049,0.11100076138973236
mu_bod_VR24,mu_bod_VR24,muscle/pharynx-muscle,/home/asunkari/ros-worm/openworm_geometry/object_stls/stl/mu_bod_VR24.stl,9904,9904,0,-0.1005556583404541,3.12227201461792,-0.2672975957393646,0.0016656070947647095,3.9398043155670166,-0.02702980488538742,0.10222126543521881,0.8175323009490967,0.2402677834033966
Sp_bag_P_4R,Sp_bag_P_4R,neuron-or-cell,/home/asunkari/ros-worm/openworm_geometry/object_stls/stl/Sp_bag_P_4R.stl,1216,1216,0,-0.15898510813713074,1.41300630569458,0.10528983175754547,-0.10512486100196838,1.520133376121521,0.19890813529491425,0.053860247135162354,0.10712707042694092,0.09361830353736877
Sp_neck_P_1L,Sp_neck_P_1L,neuron-or-cell,/home/asunkari/ros-worm/openworm_geometry/object_stls/stl/Sp_neck_P_1L.stl,2304,2304,0,-0.08954429626464844,1.7538801431655884,0.1364513784646988,-0.058571625500917435,1.7757071256637573,0.1981378197669983,0.030972670763731003,0.021826982498168945,0.0616864413022995
Sp_neck_P_1R,Sp_neck_P_1R,neuron-or-cell,/home/asunkari/ros-worm/openworm_geometry/object_stls/stl/Sp_neck_P_1R.stl,2304,2304,0,-0.12304675579071045,1.7540197372436523,0.13648004829883575,-0.09207378327846527,1.7757129669189453,0.19816650450229645,0.030972972512245178,0.02169322967529297,0.06168645620346069
Sp_neck_P_2L,Sp_neck_P_2L,neuron-or-cell,/home/asunkari/ros-worm/openworm_geometry/object_stls/stl/Sp_neck_P_2L.stl,2368,2368,0,-0.08942439407110214,1.7399927377700806,0.13698463141918182,-0.05862231180071831,1.7607897520065308,0.1986287236213684,0.030802082270383835,0.020797014236450195,0.061644092202186584
Sp_neck_P_3R,Sp_neck_P_3R,neuron-or-cell,/home/asunkari/ros-worm/openworm_geometry/object_stls/stl/Sp_neck_P_3R.stl,2432,2432,0,-0.12301740050315857,1.7230970859527588,0.1385461390018463,-0.09213533997535706,1.7424896955490112,0.2003956139087677,0.030882060527801514,0.01939260959625244,0.06184947490692139
Sp_neck_P_4L,Sp_neck_P_4L,neuron-or-cell,/home/asunkari/ros-worm/openworm_geometry/object_stls/stl/Sp_neck_P_4L.stl,2432,2432,0,-0.089482881128788,1.7078553438186646,0.13910891115665436,-0.05860530212521553,1.727846622467041,0.20099464058876038,0.030877579003572464,0.019991278648376465,0.06188572943210602
Sp_neck_P_3L,Sp_neck_P_3L,neuron-or-cell,/home/asunkari/ros-worm/openworm_geometry/object_stls/stl/Sp_neck_P_3L.stl,2432,2432,0,-0.08948279172182083,1.7230970859527588,0.1385461390018463,-0.058600738644599915,1.7424896955490112,0.2003956139087677,0.030882053077220917,0.01939260959625244,0.06184947490692139
Sp_neck_P_2R,Sp_neck_P_2R,neuron-or-cell,/home/asunkari/ros-worm/openworm_geometry/object_stls/stl/Sp_neck_P_2R.stl,2368,2368,0,-0.12299606204032898,1.7399994134902954,0.13701331615447998,-0.09207367897033691,1.7609293460845947,0.19865740835666656,0.030922383069992065,0.020929932594299316,0.061644092202186584
Sp_neck_P_4R,Sp_neck_P_4R,neuron-or-cell,/home/asunkari/ros-worm/openworm_geometry/object_stls/stl/Sp_neck_P_4R.stl,2432,2432,0,-0.12301283329725266,1.707855463027954,0.13910891115665436,-0.0921352356672287,1.727846622467041,0.20099464058876038,0.030877597630023956,0.019991159439086914,0.06188572943210602
Sp_bag_P_1V,Sp_bag_P_1V,other-cell/anatomy,/home/asunkari/ros-worm/openworm_geometry/object_stls/stl/Sp_bag_P_1V.stl,6144,6144,0,-0.13142625987529755,1.6611055135726929,0.07707758247852325,-0.0494806170463562,1.7146978378295898,0.1578303575515747,0.08194564282894135,0.05359232425689697,0.08075277507305145
Sp_bag_P_2R,Sp_bag_P_2R,neuron-or-cell,/home/asunkari/ros-worm/openworm_geometry/object_stls/stl/Sp_bag_P_2R.stl,1216,1216,0,-0.1588345319032669,1.6067771911621094,0.09362206608057022,-0.10497630387544632,1.6576727628707886,0.1869414895772934,0.05385822802782059,0.0508955717086792,0.09331942349672318
Sp_bag_P_3V,Sp_bag_P_3V,other-cell/anatomy,/home/asunkari/ros-worm/openworm_geometry/object_stls/stl/Sp_bag_P_3V.stl,1216,1216,0,-0.13533948361873627,1.5253657102584839,0.0759081169962883,-0.04488348588347435,1.6096277236938477,0.13252829015254974,0.09045599400997162,0.08426201343536377,0.056620173156261444
Sp_bag_P_1D,Sp_bag_P_1D,other-cell/anatomy,/home/asunkari/ros-worm/openworm_geometry/object_stls/stl/Sp_bag_P_1D.stl,6144,6144,0,-0.13271686434745789,1.6495997905731201,0.1543215960264206,-0.04842862859368324,1.7053582668304443,0.20618031919002533,0.08428823947906494,0.05575847625732422,0.051858723163604736
Sp_bag_P_1R,Sp_bag_P_1R,neuron-or-cell,/home/asunkari/ros-worm/openworm_geometry/object_stls/stl/Sp_bag_P_1R.stl,6144,6144,0,-0.15545916557312012,1.6542097330093384,0.09947402775287628,-0.10281702876091003,1.7112749814987183,0.1934807300567627,0.05264213681221008,0.05706524848937988,0.09400670230388641
Sp_bag_P_1L,Sp_bag_P_1L,neuron-or-cell,/home/asunkari/ros-worm/openworm_geometry/object_stls/stl/Sp_bag_P_1L.stl,6144,6144,0,-0.0790807381272316,1.654250144958496,0.09946388751268387,-0.02706974931061268,1.711685061454773,0.1943141371011734,0.05201099067926407,0.057434916496276855,0.09485024958848953
Sp_bag_P_2D,Sp_bag_P_2D,other-cell/anatomy,/home/asunkari/ros-worm/openworm_geometry/object_stls/stl/Sp_bag_P_2D.stl,1216,1216,0,-0.13643291592597961,1.6033529043197632,0.15331891179084778,-0.04444617033004761,1.6505887508392334,0.20840434730052948,0.091986745595932,0.047235846519470215,0.0550854355096817
Sp_bag_P_2L,Sp_bag_P_2L,neuron-or-cell,/home/asunkari/ros-worm/openworm_geometry/object_stls/stl/Sp_bag_P_2L.stl,1216,1216,0,-0.07624514400959015,1.6068722009658813,0.09511728584766388,-0.022010093554854393,1.6575233936309814,0.18486084043979645,0.05423504859209061,0.0506511926651001,0.08974355459213257
Sp_bag_P_2V,Sp_bag_P_2V,other-cell/anatomy,/home/asunkari/ros-worm/openworm_geometry/object_stls/stl/Sp_bag_P_2V.stl,1216,1216,0,-0.13446258008480072,1.611507534980774,0.07068008184432983,-0.04707344248890877,1.661771297454834,0.12613950669765472,0.08738914132118225,0.05026376247406006,0.05545942485332489
Sp_bag_P_3D,Sp_bag_P_3D,other-cell/anatomy,/home/asunkari/ros-worm/openworm_geometry/object_stls/stl/Sp_bag_P_3D.stl,1216,1216,0,-0.1364884227514267,1.5198487043380737,0.15757383406162262,-0.04471936821937561,1.6018333435058594,0.21425573527812958,0.09176905453205109,0.08198463916778564,0.05668190121650696
Sp_bag_P_3L,Sp_bag_P_3L,neuron-or-cell,/home/asunkari/ros-worm/openworm_geometry/object_stls/stl/Sp_bag_P_3L.stl,1216,1216,0,-0.07650969922542572,1.5225902795791626,0.09895037859678268,-0.022501381114125252,1.6063698530197144,0.19211898744106293,0.05400831997394562,0.08377957344055176,0.09316860884428024
Sp_bag_P_3R,Sp_bag_P_3R,neuron-or-cell,/home/asunkari/ros-worm/openworm_geometry/object_stls/stl/Sp_bag_P_3R.stl,1216,1216,0,-0.1588464081287384,1.5226820707321167,0.09800884127616882,-0.10504233092069626,1.6062957048416138,0.19231876730918884,0.053804077208042145,0.08361363410949707,0.09430992603302002
Sp_bag_P_4D,Sp_bag_P_4D,other-cell/anatomy,/home/asunkari/ros-worm/openworm_geometry/object_stls/stl/Sp_bag_P_4D.stl,1216,1216,0,-0.1370352953672409,1.4125757217407227,0.1646411269903183,-0.045895107090473175,1.5173314809799194,0.2212914377450943,0.09114018827676773,0.10475575923919678,0.056650310754776
Sp_bag_P_4L,Sp_bag_P_4L,neuron-or-cell,/home/asunkari/ros-worm/openworm_geometry/object_stls/stl/Sp_bag_P_4L.stl,1216,1216,0,-0.07636101543903351,1.4131842851638794,0.1063922867178917,-0.022273840382695198,1.5200610160827637,0.19827580451965332,0.05408717691898346,0.10687673091888428,0.09188351780176163
Sp_bag_P_4V,Sp_bag_P_4V,other-cell/anatomy,/home/asunkari/ros-worm/openworm_geometry/object_stls/stl/Sp_bag_P_4V.stl,1216,1216,0,-0.1345745474100113,1.4150301218032837,0.08235197514295578,-0.04638741537928581,1.5227805376052856,0.13915403187274933,0.08818712830543518,0.10775041580200195,0.05680205672979355
Sp_bag_A_4V,Sp_bag_A_4V,other-cell/anatomy,/home/asunkari/ros-worm/openworm_geometry/object_stls/stl/Sp_bag_A_4V.stl,1216,1216,0,0.029313206672668457,-0.3715251684188843,-0.5366537570953369,0.11750034242868423,-0.30287331342697144,-0.47245797514915466,0.08818713575601578,0.06865185499191284,0.06419578194618225
Sp_bag_A_4R,Sp_bag_A_4R,neuron-or-cell,/home/asunkari/ros-worm/openworm_geometry/object_stls/stl/Sp_bag_A_4R.stl,1216,1216,0,0.005199633538722992,-0.37455591559410095,-0.5125020742416382,0.05928681045770645,-0.30493971705436707,-0.4138592481613159,0.05408717691898346,0.06961619853973389,0.09864282608032227
Sp_bag_A_4D,Sp_bag_A_4D,other-cell/anatomy,/home/asunkari/ros-worm/openworm_geometry/object_stls/stl/Sp_bag_A_4D.stl,1216,1216,0,0.02882089838385582,-0.3760988116264343,-0.454522967338562,0.11996109038591385,-0.3091260492801666,-0.39062386751174927,0.09114019572734833,0.0669727623462677,0.06389909982681274
Sp_bag_A_3L,Sp_bag_A_3L,neuron-or-cell,/home/asunkari/ros-worm/openworm_geometry/object_stls/stl/Sp_bag_A_3L.stl,1216,1216,0,0.08796811103820801,-0.42699092626571655,-0.5256308317184448,0.14177218079566956,-0.37306761741638184,-0.4265519082546234,0.05380406975746155,0.05392330884933472,0.09907892346382141
Sp_bag_A_3R,Sp_bag_A_3R,neuron-or-cell,/home/asunkari/ros-worm/openworm_geometry/object_stls/stl/Sp_bag_A_3R.stl,1216,1216,0,0.005427170544862747,-0.4270533323287964,-0.5248215794563293,0.059435486793518066,-0.3730545938014984,-0.4266436994075775,0.05400831624865532,0.053998738527297974,0.09817788004875183
Sp_bag_A_3D,Sp_bag_A_3D,other-cell/anatomy,/home/asunkari/ros-worm/openworm_geometry/object_stls/stl/Sp_bag_A_3D.stl,1216,1216,0,0.027645159512758255,-0.4280025064945221,-0.46628686785697937,0.11941421777009964,-0.3759498596191406,-0.40425196290016174,0.09176905453205109,0.05205264687538147,0.06203490495681763
Sp_bag_A_2V,Sp_bag_A_2V,other-cell/anatomy,/home/asunkari/ros-worm/openworm_geometry/object_stls/stl/Sp_bag_A_2V.stl,1216,1216,0,0.029999230057001114,-0.4568401873111725,-0.5560472011566162,0.11738836765289307,-0.42536425590515137,-0.49783945083618164,0.08738914132118225,0.03147593140602112,0.05820775032043457
Sp_bag_A_2R,Sp_bag_A_2R,neuron-or-cell,/home/asunkari/ros-worm/openworm_geometry/object_stls/stl/Sp_bag_A_2R.stl,1216,1216,0,0.004935882985591888,-0.4573211967945099,-0.5312881469726562,0.059170935302972794,-0.4263465106487274,-0.4393081068992615,0.054235052317380905,0.03097468614578247,0.09198004007339478
Sp_bag_A_2D,Sp_bag_A_2D,other-cell/anatomy,/home/asunkari/ros-worm/openworm_geometry/object_stls/stl/Sp_bag_A_2D.stl,1216,1216,0,0.027371957898139954,-0.45766744017601013,-0.47299501299858093,0.11935870349407196,-0.4282214641571045,-0.41527125239372253,0.091986745595932,0.02944597601890564,0.0577237606048584
Sp_bag_A_1R,Sp_bag_A_1R,neuron-or-cell,/home/asunkari/ros-worm/openworm_geometry/object_stls/stl/Sp_bag_A_1R.stl,6144,6144,0,0.009995538741350174,-0.49329400062561035,-0.5256936550140381,0.06200651824474335,-0.4575483202934265,-0.43633782863616943,0.05201097950339317,0.03574568033218384,0.08935582637786865
Sp_bag_A_1L,Sp_bag_A_1L,neuron-or-cell,/home/asunkari/ros-worm/openworm_geometry/object_stls/stl/Sp_bag_A_1L.stl,6144,6144,0,0.08574281632900238,-0.49310195446014404,-0.5256052613258362,0.13838495314121246,-0.4575231969356537,-0.4367114007472992,0.05264213681221008,0.035578757524490356,0.08889386057853699
Sp_bag_A_1D,Sp_bag_A_1D,other-cell/anatomy,/home/asunkari/ros-worm/openworm_geometry/object_stls/stl/Sp_bag_A_1D.stl,6144,6144,0,0.03135441988706589,-0.49290379881858826,-0.4707202911376953,0.11564265191555023,-0.45789045095443726,-0.4198143780231476,0.08428823202848434,0.035013347864151,0.05090591311454773
Sp_bag_A_3V,Sp_bag_A_3V,other-cell/anatomy,/home/asunkari/ros-worm/openworm_geometry/object_stls/stl/Sp_bag_A_3V.stl,1216,1216,0,0.027809277176856995,-0.42507806420326233,-0.5481275916099548,0.11826527863740921,-0.37154194712638855,-0.48585817217826843,0.09045600146055222,0.05353611707687378,0.0622694194316864
Sp_bag_A_2L,Sp_bag_A_2L,neuron-or-cell,/home/asunkari/ros-worm/openworm_geometry/object_stls/stl/Sp_bag_A_2L.stl,1216,1216,0,0.08790208399295807,-0.457332968711853,-0.5327799320220947,0.14176030457019806,-0.4262944757938385,-0.43723762035369873,0.05385822057723999,0.031038492918014526,0.095542311668396
Sp_bag_A_1V,Sp_bag_A_1V,other-cell/anatomy,/home/asunkari/ros-worm/openworm_geometry/object_stls/stl/Sp_bag_A_1V.stl,6144,6144,0,0.032406408339738846,-0.49315330386161804,-0.5482082962989807,0.11435204744338989,-0.45744648575782776,-0.47381392121315,0.08194564282894135,0.03570681810379028,0.07439437508583069
Sp_neck_A_4L,Sp_neck_A_4L,neuron-or-cell,/home/asunkari/ros-worm/openworm_geometry/object_stls/stl/Sp_neck_A_4L.stl,2432,2432,0,0.07506102323532104,-0.5063068866729736,-0.490253210067749,0.1059386134147644,-0.49352994561195374,-0.42970970273017883,0.03087759017944336,0.012776941061019897,0.06054350733757019
Sp_neck_A_2L,Sp_neck_A_2L,neuron-or-cell,/home/asunkari/ros-worm/openworm_geometry/object_stls/stl/Sp_neck_A_2L.stl,2368,2368,0,0.07499946653842926,-0.5268487334251404,-0.4941740930080414,0.10592184215784073,-0.5134928226470947,-0.43391653895378113,0.03092237561941147,0.013355910778045654,0.060257554054260254
Sp_neck_A_3R,Sp_neck_A_3R,neuron-or-cell,/home/asunkari/ros-worm/openworm_geometry/object_stls/stl/Sp_neck_A_3R.stl,2432,2432,0,0.041526518762111664,-0.5136727690696716,-0.4924854636192322,0.07240857183933258,-0.5011950135231018,-0.43193525075912476,0.030882053077220917,0.012477755546569824,0.06055021286010742
Sp_neck_A_4R,Sp_neck_A_4R,neuron-or-cell,/home/asunkari/ros-worm/openworm_geometry/object_stls/stl/Sp_neck_A_4R.stl,2432,2432,0,0.04153108224272728,-0.5063068866729736,-0.490253210067749,0.07240866124629974,-0.49352994561195374,-0.42970970273017883,0.030877579003572464,0.012776941061019897,0.06054350733757019
Sp_neck_A_3L,Sp_neck_A_3L,neuron-or-cell,/home/asunkari/ros-worm/openworm_geometry/object_stls/stl/Sp_neck_A_3L.stl,2432,2432,0,0.07506111264228821,-0.5136727690696716,-0.4924854636192322,0.10594318062067032,-0.5011950135231018,-0.43193525075912476,0.03088206797838211,0.012477755546569824,0.06055021286010742
Sp_neck_A_2R,Sp_neck_A_2R,neuron-or-cell,/home/asunkari/ros-worm/openworm_geometry/object_stls/stl/Sp_neck_A_2R.stl,2368,2368,0,0.041548095643520355,-0.5267707109451294,-0.4941978454589844,0.07235017418861389,-0.5134883522987366,-0.43393567204475403,0.030802078545093536,0.013282358646392822,0.06026217341423035
Sp_neck_A_1L,Sp_neck_A_1L,neuron-or-cell,/home/asunkari/ros-worm/openworm_geometry/object_stls/stl/Sp_neck_A_1L.stl,2304,2304,0,0.07499956339597702,-0.5341029763221741,-0.4965425431728363,0.1059725359082222,-0.5202559232711792,-0.43618661165237427,0.030972972512245178,0.013847053050994873,0.060355931520462036
Sp_neck_A_1R,Sp_neck_A_1R,neuron-or-cell,/home/asunkari/ros-worm/openworm_geometry/object_stls/stl/Sp_neck_A_1R.stl,2304,2304,0,0.041497405618429184,-0.5340985655784607,-0.4965616762638092,0.07247007638216019,-0.5201737880706787,-0.43621036410331726,0.030972670763731003,0.013924777507781982,0.06035131216049194
Sp_bag_A_4L,Sp_bag_A_4L,neuron-or-cell,/home/asunkari/ros-worm/openworm_geometry/object_stls/stl/Sp_bag_A_4L.stl,1216,1216,0,0.08805066347122192,-0.37462979555130005,-0.5136693120002747,0.14191091060638428,-0.30470705032348633,-0.41309383511543274,0.053860247135162354,0.06992274522781372,0.10057547688484192
Gonadal_Sheath_A5D,Gonadal_Sheath_A5D,reproductive,/home/asunkari/ros-worm/openworm_geometry/object_stls/stl/Gonadal_Sheath_A5D.stl,3040,3040,0,0.010108910501003265,-1.0924856662750244,-0.5310868620872498,0.1445956826210022,-0.5354836583137512,-0.422626793384552,0.13448676466941833,0.5570020079612732,0.10846006870269775
Gonadal_Sheath_A4D,Gonadal_Sheath_A4D,reproductive,/home/asunkari/ros-worm/openworm_geometry/object_stls/stl/Gonadal_Sheath_A4D.stl,2016,2016,0,0.01598963886499405,-1.545615315437317,-0.4922398626804352,0.14399608969688416,-1.074931025505066,-0.22273066639900208,0.1280064582824707,0.470684289932251,0.2695091962814331
Gonadal_Sheath_P5D,Gonadal_Sheath_P5D,reproductive,/home/asunkari/ros-worm/openworm_geometry/object_stls/stl/Gonadal_Sheath_P5D.stl,2800,2800,0,-0.18427331745624542,1.7723113298416138,0.042066968977451324,-0.04590345919132233,2.2636449337005615,0.21411655843257904,0.1383698582649231,0.49133360385894775,0.17204958200454712
Gonadal_Sheath_P4D,Gonadal_Sheath_P4D,reproductive,/home/asunkari/ros-worm/openworm_geometry/object_stls/stl/Gonadal_Sheath_P4D.stl,2016,2016,0,-0.17822393774986267,2.243856430053711,-0.11102315783500671,-0.03621184080839157,2.815706968307495,0.12200083583593369,0.1420120894908905,0.5718505382537842,0.233024001121521
Gonadal_Sheath_P3L,Gonadal_Sheath_P3L,reproductive,/home/asunkari/ros-worm/openworm_geometry/object_stls/stl/Gonadal_Sheath_P3L.stl,2208,2208,0,-0.08238998800516129,2.806339979171753,-0.2087680548429489,-0.021581321954727173,3.344473123550415,-0.036458782851696014,0.06080866605043411,0.5381331443786621,0.1723092794418335
Gonadal_Sheath_P2L,Gonadal_Sheath_P2L,reproductive,/home/asunkari/ros-worm/openworm_geometry/object_stls/stl/Gonadal_Sheath_P2L.stl,2912,2912,0,-0.0654301568865776,3.3297364711761475,-0.16692979633808136,-0.016178835183382034,3.540501832962036,-0.01919667050242424,0.04925132170319557,0.21076536178588867,0.14773312211036682
Gonadal_Sheath_P1L,Gonadal_Sheath_P1L,reproductive,/home/asunkari/ros-worm/openworm_geometry/object_stls/stl/Gonadal_Sheath_P1L.stl,6496,6496,0,-0.10426317155361176,1.4115997552871704,-0.05825255811214447,-0.017729051411151886,3.539822578430176,0.390127569437027,0.08653412014245987,2.128222942352295,0.44838011264801025
Gonadal_Sheath_A3L,Gonadal_Sheath_A3L,reproductive,/home/asunkari/ros-worm/openworm_geometry/object_stls/stl/Gonadal_Sheath_A3L.stl,1760,1760,0,0.06809980422258377,-2.067671298980713,-0.3547675907611847,0.14465096592903137,-1.516860008239746,0.0712369903922081,0.0765511617064476,0.5508112907409668,0.4260045886039734
Gonadal_Sheath_A2L,Gonadal_Sheath_A2L,reproductive,/home/asunkari/ros-worm/openworm_geometry/object_stls/stl/Gonadal_Sheath_A2L.stl,2208,2208,0,0.06501331925392151,-2.265810012817383,-0.03842853754758835,0.13966678082942963,-1.9974777698516846,0.20270070433616638,0.07465346157550812,0.26833224296569824,0.24112924933433533
Gonadal_Sheath_A1L,Gonadal_Sheath_A1L,reproductive,/home/asunkari/ros-worm/openworm_geometry/object_stls/stl/Gonadal_Sheath_A1L.stl,6256,6256,0,0.060152120888233185,-2.264347791671753,-0.4441431164741516,0.1529565453529358,-0.053185369819402695,0.29953891038894653,0.0928044244647026,2.2111623287200928,0.7436820268630981
Rachis_P,Rachis_P,reproductive,/home/asunkari/ros-worm/openworm_geometry/object_stls/stl/Rachis_P.stl,3520,3520,0,-0.15846195816993713,1.2966868877410889,-0.15175959467887878,-0.036014802753925323,3.523613214492798,0.36771488189697266,0.12244715541601181,2.226926326751709,0.5194745063781738
Rachis_A,Rachis_A,reproductive,/home/asunkari/ros-worm/openworm_geometry/object_stls/stl/Rachis_A.stl,3136,3136,0,0.01906565949320793,-2.2383360862731934,-0.4261868894100189,0.15074382722377777,0.019332779571413994,0.2824822962284088,0.13167816400527954,2.257668972015381,0.7086691856384277
Gonadal_Sheath_P4V,Gonadal_Sheath_P4V,reproductive,/home/asunkari/ros-worm/openworm_geometry/object_stls/stl/Gonadal_Sheath_P4V.stl,1504,1504,0,-0.17822395265102386,2.2174670696258545,-0.1886894255876541,-0.03621184080839157,2.809246778488159,0.04194730147719383,0.1420121192932129,0.5917797088623047,0.23063673079013824
Gonadal_Sheath_P3R,Gonadal_Sheath_P3R,reproductive,/home/asunkari/ros-worm/openworm_geometry/object_stls/stl/Gonadal_Sheath_P3R.stl,2208,2208,0,-0.1473369598388672,2.806339979171753,-0.20876803994178772,-0.06835567951202393,3.344473123550415,-0.03645872324705124,0.07898128032684326,0.5381331443786621,0.17230930924415588
Gonadal_Sheath_P2R,Gonadal_Sheath_P2R,reproductive,/home/asunkari/ros-worm/openworm_geometry/object_stls/stl/Gonadal_Sheath_P2R.stl,2912,2912,0,-0.11907176673412323,3.3297362327575684,-0.16692978143692017,-0.0654301568865776,3.540478229522705,-0.019290432333946228,0.053641609847545624,0.21074199676513672,0.14763934910297394
Gonadal_Sheath_P1R,Gonadal_Sheath_P1R,reproductive,/home/asunkari/ros-worm/openworm_geometry/object_stls/stl/Gonadal_Sheath_P1R.stl,6496,6496,0,-0.18381719291210175,1.4115993976593018,-0.058252617716789246,-0.06514734029769897,3.539647340774536,0.3901275396347046,0.11866985261440277,2.1280479431152344,0.44838017225265503
Distal_Tip_Cell_P,Distal_Tip_Cell_P,other-cell/anatomy,/home/asunkari/ros-worm/openworm_geometry/object_stls/stl/Distal_Tip_Cell_P.stl,1088,1088,0,-0.17496176064014435,1.290894627571106,0.2538001239299774,-0.036807168275117874,1.4142720699310303,0.37861868739128113,0.13815459609031677,0.12337744235992432,0.12481856346130371
Gonadal_Sheath_A4V,Gonadal_Sheath_A4V,reproductive,/home/asunkari/ros-worm/openworm_geometry/object_stls/stl/Gonadal_Sheath_A4V.stl,1504,1504,0,0.00680310744792223,-1.5865869522094727,-0.56890469789505,0.14374510943889618,-1.0924838781356812,-0.2915327847003937,0.13694199919700623,0.4941030740737915,0.27737191319465637
Gonadal_Sheath_A3R,Gonadal_Sheath_A3R,reproductive,/home/asunkari/ros-worm/openworm_geometry/object_stls/stl/Gonadal_Sheath_A3R.stl,1760,1760,0,0.012177549302577972,-2.067671298980713,-0.3547675907611847,0.07928599417209625,-1.516860008239746,0.07123702019453049,0.06710844486951828,0.5508112907409668,0.4260046184062958
Gonadal_Sheath_A2R,Gonadal_Sheath_A2R,reproductive,/home/asunkari/ros-worm/openworm_geometry/object_stls/stl/Gonadal_Sheath_A2R.stl,2208,2208,0,0.002303812652826309,-2.265810012817383,-0.03842853754758835,0.06893358379602432,-1.9974778890609741,0.20270070433616638,0.06662976741790771,0.2683321237564087,0.24112924933433533
Gonadal_Sheath_A1R,Gonadal_Sheath_A1R,reproductive,/home/asunkari/ros-worm/openworm_geometry/object_stls/stl/Gonadal_Sheath_A1R.stl,6256,6256,0,0.005824077874422073,-2.264348030090332,-0.4441430866718292,0.08412554860115051,-0.05318537354469299,0.2995389699935913,0.07830147445201874,2.211162567138672,0.7436820268630981
Distal_Tip_Cell_A,Distal_Tip_Cell_A,other-cell/anatomy,/home/asunkari/ros-worm/openworm_geometry/object_stls/stl/Distal_Tip_Cell_A.stl,1280,1280,0,0.032314661890268326,-0.07870342582464218,-0.2475758194923401,0.13542792201042175,0.028623512014746666,-0.14488941431045532,0.10311326384544373,0.107326939702034,0.10268640518188477
vm1L_Ant,vm1L_Ant,muscle/pharynx-muscle,/home/asunkari/ros-worm/openworm_geometry/object_stls/stl/vm1L_Ant.stl,576,576,0,0.021013088524341583,0.36454224586486816,-0.22151558101177216,0.15455745160579681,0.5471293926239014,-0.17025786638259888,0.13354435563087463,0.1825871467590332,0.05125771462917328
vm2R_Ant,vm2R_Ant,muscle/pharynx-muscle,/home/asunkari/ros-worm/openworm_geometry/object_stls/stl/vm2R_Ant.stl,576,576,0,-0.10382166504859924,0.39398640394210815,-0.28248175978660583,-0.011655982583761215,0.5383912324905396,-0.15294064581394196,0.09216567873954773,0.1444048285484314,0.12954111397266388
vm2L_Post,vm2L_Post,muscle/pharynx-muscle,/home/asunkari/ros-worm/openworm_geometry/object_stls/stl/vm2L_Post.stl,576,576,0,0.013742487877607346,0.5412086844444275,-0.15239451825618744,0.08625098317861557,0.7043797373771667,-0.09844793379306793,0.07250849902629852,0.16317105293273926,0.05394658446311951
um1L_Post,um1L_Post,muscle/pharynx-muscle,/home/asunkari/ros-worm/openworm_geometry/object_stls/stl/um1L_Post.stl,1344,1344,0,-0.0028438642621040344,0.572004497051239,-0.142736554145813,0.2351372241973877,0.626879870891571,0.049837566912174225,0.23798108100891113,0.05487537384033203,0.19257411360740662
um1L_Ant,um1L_Ant,muscle/pharynx-muscle,/home/asunkari/ros-worm/openworm_geometry/object_stls/stl/um1L_Ant.stl,1216,1216,0,-0.004170805215835571,0.3401046395301819,-0.21339456737041473,0.21789680421352386,0.49783945083618164,-0.058762624859809875,0.22206760942935944,0.15773481130599976,0.15463194251060486
um1R_Post,um1R_Post,muscle/pharynx-muscle,/home/asunkari/ros-worm/openworm_geometry/object_stls/stl/um1R_Post.stl,1216,1216,0,-0.2559555172920227,0.5373813509941101,-0.15263086557388306,-0.002726912498474121,0.620813250541687,0.029227524995803833,0.2532286047935486,0.0834318995475769,0.1818583905696869
um2L_Post,um2L_Post,muscle/pharynx-muscle,/home/asunkari/ros-worm/openworm_geometry/object_stls/stl/um2L_Post.stl,3776,3776,0,0.0008760616183280945,0.6298792958259583,-0.11659730225801468,0.21946200728416443,0.9828841090202332,0.22390203177928925,0.21858593821525574,0.3530048131942749,0.3404993414878845
um2L_Ant,um2L_Ant,muscle/pharynx-muscle,/home/asunkari/ros-worm/openworm_geometry/object_stls/stl/um2L_Ant.stl,3776,3776,0,0.0008893609046936035,0.11929281800985336,-0.394650936126709,0.2249036282300949,0.4649816155433655,-0.06755340099334717,0.2240142673254013,0.3456887900829315,0.3270975351333618
ut2_Ant,ut2_Ant,reproductive,/home/asunkari/ros-worm/openworm_geometry/object_stls/stl/ut2_Ant.stl,2048,2048,0,-0.2343386560678482,0.09685486555099487,-0.3665443956851959,0.20966830849647522,0.3634616732597351,-0.09875539690256119,0.4440069794654846,0.26660680770874023,0.26778900623321533
um2R_Ant,um2R_Ant,muscle/pharynx-muscle,/home/asunkari/ros-worm/openworm_geometry/object_stls/stl/um2R_Ant.stl,3776,3776,0,-0.2516019940376282,0.11924520134925842,-0.3964052200317383,0.008211255073547363,0.46491721272468567,-0.06844587624073029,0.25981324911117554,0.34567201137542725,0.3279593586921692
um1R_Ant,um1R_Ant,muscle/pharynx-muscle,/home/asunkari/ros-worm/openworm_geometry/object_stls/stl/um1R_Ant.stl,1216,1216,0,-0.25015056133270264,0.3345837891101837,-0.2189788818359375,-0.004034020006656647,0.5110704302787781,-0.07362421602010727,0.2461165487766266,0.17648664116859436,0.14535465836524963
um2R_Post,um2R_Post,muscle/pharynx-muscle,/home/asunkari/ros-worm/openworm_geometry/object_stls/stl/um2R_Post.stl,3776,3776,0,-0.24053028225898743,0.630059003829956,-0.11683909595012665,0.0022883638739585876,0.9829115867614746,0.22393766045570374,0.2428186535835266,0.35285258293151855,0.3407767415046692
vulA,vulA,reproductive,/home/asunkari/ros-worm/openworm_geometry/object_stls/stl/vulA.stl,1280,1280,0,-0.14661306142807007,0.3945460915565491,-0.2926172912120819,0.14687886834144592,0.7408710718154907,-0.09745226055383682,0.293491929769516,0.34632498025894165,0.19516503810882568
vulB1,vulB1,reproductive,/home/asunkari/ros-worm/openworm_geometry/object_stls/stl/vulB1.stl,1280,1280,0,-0.14751429855823517,0.43527063727378845,-0.25431087613105774,0.1421586275100708,0.6849634647369385,-0.11187196522951126,0.2896729111671448,0.24969282746315002,0.14243891835212708
vulB2,vulB2,reproductive,/home/asunkari/ros-worm/openworm_geometry/object_stls/stl/vulB2.stl,1280,1280,0,-0.14351120591163635,0.46036598086357117,-0.22874094545841217,0.14121980965137482,0.6460680365562439,-0.12186643481254578,0.28473103046417236,0.18570205569267273,0.1068745106458664
vulC,vulC,reproductive,/home/asunkari/ros-worm/openworm_geometry/object_stls/stl/vulC.stl,1280,1280,0,-0.12398180365562439,0.47006937861442566,-0.2164430022239685,0.12237805128097534,0.6307457089424133,-0.12397123128175735,0.24635985493659973,0.16067633032798767,0.09247177094221115
vm1R_Ant,vm1R_Ant,muscle/pharynx-muscle,/home/asunkari/ros-worm/openworm_geometry/object_stls/stl/vm1R_Ant.stl,704,704,0,-0.15689316391944885,0.3466046452522278,-0.25146353244781494,-0.020518280565738678,0.5469571352005005,-0.1705695390701294,0.13637489080429077,0.2003524899482727,0.08089399337768555
vm1R_Post,vm1R_Post,muscle/pharynx-muscle,/home/asunkari/ros-worm/openworm_geometry/object_stls/stl/vm1R_Post.stl,704,704,0,-0.17479535937309265,0.550958514213562,-0.16942688822746277,-0.01910664141178131,0.6707482933998108,-0.03521104156970978,0.15568871796131134,0.11978977918624878,0.134215846657753
vm1L_Post,vm1L_Post,muscle/pharynx-muscle,/home/asunkari/ros-worm/openworm_geometry/object_stls/stl/vm1L_Post.stl,704,704,0,0.021067962050437927,0.5505790710449219,-0.16991424560546875,0.1575567126274109,0.6716834306716919,-0.02989622950553894,0.13648875057697296,0.12110435962677002,0.1400180160999298
vulD,vulD,reproductive,/home/asunkari/ros-worm/openworm_geometry/object_stls/stl/vulD.stl,1280,1280,0,-0.10309847444295883,0.48108971118927,-0.20332130789756775,0.10191359370946884,0.6147989630699158,-0.12636953592300415,0.20501206815242767,0.13370925188064575,0.0769517719745636
vulE,vulE,reproductive,/home/asunkari/ros-worm/openworm_geometry/object_stls/stl/vulE.stl,2560,2560,0,-0.2575996220111847,0.4498293995857239,-0.18292665481567383,0.2452397644519806,0.5827397704124451,0.001615007407963276,0.5028393864631653,0.1329103708267212,0.18454165756702423
vulF,vulF,reproductive,/home/asunkari/ros-worm/openworm_geometry/object_stls/stl/vulF.stl,1280,1280,0,-0.058471761643886566,0.5101591944694519,-0.17141103744506836,0.06002563610672951,0.5705937743186951,-0.13566215336322784,0.11849740147590637,0.060434579849243164,0.035748884081840515
vm2R_Post,vm2R_Post,muscle/pharynx-muscle,/home/asunkari/ros-worm/openworm_geometry/object_stls/stl/vm2R_Post.stl,576,576,0,-0.10148759186267853,0.5414248704910278,-0.15217359364032745,-0.011468984186649323,0.7115099430084229,-0.09960576891899109,0.0900186076760292,0.17008507251739502,0.052567824721336365
vm2L_Ant,vm2L_Ant,muscle/pharynx-muscle,/home/asunkari/ros-worm/openworm_geometry/object_stls/stl/vm2L_Ant.stl,576,576,0,0.01273656077682972,0.4024156332015991,-0.2757580876350403,0.09288963675498962,0.5388345122337341,-0.15160617232322693,0.08015307784080505,0.136418879032135,0.12415191531181335
uv2_Post,uv2_Post,other-cell/anatomy,/home/asunkari/ros-worm/openworm_geometry/object_stls/stl/uv2_Post.stl,2112,2112,0,-0.24349266290664673,0.533238410949707,-0.142030730843544,0.23367094993591309,0.5809752941131592,0.022117970511317253,0.4771636128425598,0.04773688316345215,0.1641487032175064
uv1_Post,uv1_Post,other-cell/anatomy,/home/asunkari/ros-worm/openworm_geometry/object_stls/stl/uv1_Post.stl,2112,2112,0,-0.25257205963134766,0.5091722011566162,-0.1480492502450943,0.23872439563274384,0.5701553225517273,0.012852310203015804,0.4912964701652527,0.060983121395111084,0.16090156137943268
uv3_Post,uv3_Post,other-cell/anatomy,/home/asunkari/ros-worm/openworm_geometry/object_stls/stl/uv3_Post.stl,896,896,0,-0.061271850019693375,0.5574788451194763,-0.13957540690898895,0.061449479311704636,0.6224468946456909,-0.10887065529823303,0.12272132933139801,0.0649680495262146,0.03070475161075592
uv3_Ant,uv3_Ant,other-cell/anatomy,/home/asunkari/ros-worm/openworm_geometry/object_stls/stl/uv3_Ant.stl,896,896,0,-0.06107904016971588,0.46646592020988464,-0.20156629383563995,0.06167203187942505,0.5202668309211731,-0.1533801108598709,0.12275107204914093,0.05380091071128845,0.04818618297576904
uv2_Ant,uv2_Ant,other-cell/anatomy,/home/asunkari/ros-worm/openworm_geometry/object_stls/stl/uv2_Ant.stl,2112,2112,0,-0.24029076099395752,0.4203001856803894,-0.17110560834407806,0.22685036063194275,0.5236767530441284,-0.03615543618798256,0.46714112162590027,0.10337656736373901,0.1349501758813858
uv1_Ant,uv1_Ant,other-cell/anatomy,/home/asunkari/ros-worm/openworm_geometry/object_stls/stl/uv1_Ant.stl,2112,2112,0,-0.2576553523540497,0.43398910760879517,-0.17074689269065857,0.23470503091812134,0.5334129929542542,-0.03309662640094757,0.492360383272171,0.09942388534545898,0.137650266289711
du,du,neuron-or-cell,/home/asunkari/ros-worm/openworm_geometry/object_stls/stl/du.stl,2496,2496,0,-0.24402044713497162,0.3841157853603363,-0.1264309138059616,0.2189897745847702,0.6477745175361633,0.07102152705192566,0.4630102217197418,0.263658732175827,0.19745244085788727
ut3_Post,ut3_Post,reproductive,/home/asunkari/ros-worm/openworm_geometry/object_stls/stl/ut3_Post.stl,1536,1536,0,-0.22807784378528595,0.9704028964042664,0.04278810694813728,0.20128372311592102,1.1531778573989868,0.21652086079120636,0.42936158180236816,0.18277496099472046,0.17373275756835938
ut2_Post,ut2_Post,reproductive,/home/asunkari/ros-worm/openworm_geometry/object_stls/stl/ut2_Post.stl,2048,2048,0,-0.23027315735816956,0.7306719422340393,-0.03693046420812607,0.2061995565891266,0.9919353723526001,0.21374982595443726,0.43647271394729614,0.2612634301185608,0.2506802976131439
ut1_Post,ut1_Post,reproductive,/home/asunkari/ros-worm/openworm_geometry/object_stls/stl/ut1_Post.stl,4416,4416,0,-0.23731468617916107,0.5088173151016235,-0.13106536865234375,0.21357397735118866,0.7840669751167297,0.11910656094551086,0.45088866353034973,0.2752496600151062,0.2501719295978546
ut1_Ant,ut1_Ant,reproductive,/home/asunkari/ros-worm/openworm_geometry/object_stls/stl/ut1_Ant.stl,4096,4096,0,-0.23713721334934235,0.2962839603424072,-0.2637423872947693,0.20178425312042236,0.5214601755142212,-0.05331597849726677,0.4389214515686035,0.22517621517181396,0.21042640507221222
ut3_Ant,ut3_Ant,reproductive,/home/asunkari/ros-worm/openworm_geometry/object_stls/stl/ut3_Ant.stl,2016,2016,0,-0.20876163244247437,-0.04324948415160179,-0.4336431622505188,0.20416545867919922,0.15499770641326904,-0.19275888800621033,0.4129270911216736,0.19824719429016113,0.24088427424430847
utse,utse,reproductive,/home/asunkari/ros-worm/openworm_geometry/object_stls/stl/utse.stl,8576,8576,0,-0.2772305905818939,0.08776824921369553,-0.20627108216285706,0.2655096650123596,1.00627863407135,0.23695752024650574,0.5427402257919312,0.918510377407074,0.4432286024093628
ut4_Post,ut4_Post,reproductive,/home/asunkari/ros-worm/openworm_geometry/object_stls/stl/ut4_Post.stl,1536,1536,0,-0.21680091321468353,1.1526015996932983,0.08104082196950912,0.002615004777908325,1.3262805938720703,0.23048263788223267,0.21941591799259186,0.17367899417877197,0.14944180846214294
ut4_Ant,ut4_Ant,reproductive,/home/asunkari/ros-worm/openworm_geometry/object_stls/stl/ut4_Ant.stl,1152,1152,0,-0.08148719370365143,-0.2158076912164688,-0.490657776594162,0.168356254696846,0.0035795229487121105,-0.27581503987312317,0.24984344840049744,0.2193872183561325,0.21484273672103882
Sp_Ut_Valve_Post,Sp_Ut_Valve_Post,other-cell/anatomy,/home/asunkari/ros-worm/openworm_geometry/object_stls/stl/Sp_Ut_Valve_Post.stl,1152,1152,0,-0.19016316533088684,1.3247458934783936,0.08128829300403595,-0.013705112040042877,1.4157578945159912,0.2320515364408493,0.17645806074142456,0.09101200103759766,0.15076324343681335
Sp_Ut_Valve_Ant,Sp_Ut_Valve_Ant,other-cell/anatomy,/home/asunkari/ros-worm/openworm_geometry/object_stls/stl/Sp_Ut_Valve_Ant.stl,1152,1152,0,0.008422218263149261,-0.3103788197040558,-0.5262801647186279,0.14417888224124908,-0.19765394926071167,-0.3469836711883545,0.13575667142868042,0.11272487044334412,0.17929649353027344
Gonadal_Sheath_P5V,Gonadal_Sheath_P5V,reproductive,/home/asunkari/ros-worm/openworm_geometry/object_stls/stl/Gonadal_Sheath_P5V.stl,2480,2480,0,-0.1825266182422638,1.7776846885681152,-0.03902088478207588,-0.04590252786874771,2.238072395324707,0.15046948194503784,0.13662409782409668,0.4603877067565918,0.18949036300182343
Oocyte_Post_8,Oocyte_Post_8,reproductive,/home/asunkari/ros-worm/openworm_geometry/object_stls/stl/Oocyte_Post_8.stl,896,896,0,-0.11633725464344025,3.158505916595459,-0.1742006093263626,-0.03021584078669548,3.334200143814087,-0.06347338110208511,0.08612141013145447,0.17569422721862793,0.1107272282242775
Oocyte_Post_7,Oocyte_Post_7,reproductive,/home/asunkari/ros-worm/openworm_geometry/object_stls/stl/Oocyte_Post_7.stl,704,704,0,-0.1197613999247551,2.9785032272338867,-0.1926811933517456,-0.03282816335558891,3.158356189727783,-0.07363680005073547,0.08693324029445648,0.17985296249389648,0.11904439330101013
Oocyte_Post_6,Oocyte_Post_6,reproductive,/home/asunkari/ros-worm/openworm_geometry/object_stls/stl/Oocyte_Post_6.stl,704,704,0,-0.13437102735042572,2.809642791748047,-0.19180260598659515,-0.03217602148652077,2.9790871143341064,-0.050239115953445435,0.10219500958919525,0.16944432258605957,0.14156349003314972
Oocyte_Post_5,Oocyte_Post_5,reproductive,/home/asunkari/ros-worm/openworm_geometry/object_stls/stl/Oocyte_Post_5.stl,704,704,0,-0.16510243713855743,2.571505069732666,-0.16416242718696594,-0.0390673503279686,2.811882734298706,-0.005972950719296932,0.12603509426116943,0.24037766456604004,0.15818947553634644
Oocyte_Post_4,Oocyte_Post_4,reproductive,/home/asunkari/ros-worm/openworm_geometry/object_stls/stl/Oocyte_Post_4.stl,704,704,0,-0.17067201435565948,2.3474068641662598,-0.12346998602151871,-0.05190820246934891,2.5767099857330322,0.06839412450790405,0.11876381188631058,0.22930312156677246,0.19186410307884216
Oocyte_Post_3,Oocyte_Post_3,reproductive,/home/asunkari/ros-worm/openworm_geometry/object_stls/stl/Oocyte_Post_3.stl,704,704,0,-0.1720311939716339,2.1695661544799805,-0.05034276843070984,-0.050549011677503586,2.3661320209503174,0.1243777871131897,0.12148217856884003,0.19656586647033691,0.17472055554389954
Oocyte_Post_2,Oocyte_Post_2,reproductive,/home/asunkari/ros-worm/openworm_geometry/object_stls/stl/Oocyte_Post_2.stl,704,704,0,-0.1672634780406952,2.0083062648773193,-0.0007164250127971172,-0.0593530535697937,2.183614730834961,0.16521374881267548,0.10791042447090149,0.1753084659576416,0.16593016684055328
Oocyte_Post_1,Oocyte_Post_1,reproductive,/home/asunkari/ros-worm/openworm_geometry/object_stls/stl/Oocyte_Post_1.stl,704,704,0,-0.1790047585964203,1.8479692935943604,0.047502901405096054,-0.051733337342739105,2.0210683345794678,0.20525452494621277,0.12727141380310059,0.17309904098510742,0.15775161981582642
Oocyte_Ant_10,Oocyte_Ant_10,reproductive,/home/asunkari/ros-worm/openworm_geometry/object_stls/stl/Oocyte_Ant_10.stl,704,704,0,0.012595251202583313,-2.1627352237701416,-0.020665502175688744,0.12164755165576935,-2.0054221153259277,0.13699378073215485,0.10905230045318604,0.15731310844421387,0.15765927731990814
Oocyte_Ant_9,Oocyte_Ant_9,reproductive,/home/asunkari/ros-worm/openworm_geometry/object_stls/stl/Oocyte_Ant_9.stl,704,704,0,0.019160710275173187,-2.049253463745117,-0.11699488759040833,0.12500877678394318,-1.8757200241088867,0.059234581887722015,0.10584806650876999,0.17353343963623047,0.17622947692871094
Oocyte_Ant_8,Oocyte_Ant_8,reproductive,/home/asunkari/ros-worm/openworm_geometry/object_stls/stl/Oocyte_Ant_8.stl,704,704,0,0.025466684252023697,-1.917420744895935,-0.2049655318260193,0.12771180272102356,-1.733947515487671,-0.0311786737293005,0.10224512219429016,0.18347322940826416,0.17378686368465424
Oocyte_Ant_7,Oocyte_Ant_7,reproductive,/home/asunkari/ros-worm/openworm_geometry/object_stls/stl/Oocyte_Ant_7.stl,704,704,0,0.025969460606575012,-1.7737776041030884,-0.3272567689418793,0.13124600052833557,-1.5339523553848267,-0.11455240100622177,0.10527653992176056,0.23982524871826172,0.2127043604850769
Oocyte_Ant_6,Oocyte_Ant_6,reproductive,/home/asunkari/ros-worm/openworm_geometry/object_stls/stl/Oocyte_Ant_6.stl,704,704,0,0.018210243433713913,-1.5710862874984741,-0.4156499207019806,0.13195477426052094,-1.3486942052841187,-0.23161278665065765,0.11374452710151672,0.22239208221435547,0.18403713405132294
Oocyte_Ant_5,Oocyte_Ant_5,reproductive,/home/asunkari/ros-worm/openworm_geometry/object_stls/stl/Oocyte_Ant_5.stl,704,704,0,0.020417340099811554,-1.3810853958129883,-0.47785547375679016,0.1405806839466095,-1.2169398069381714,-0.31602558493614197,0.12016334384679794,0.1641455888748169,0.1618298888206482
Oocyte_Ant_4,Oocyte_Ant_4,reproductive,/home/asunkari/ros-worm/openworm_geometry/object_stls/stl/Oocyte_Ant_4.stl,704,704,0,0.02276763692498207,-1.247501015663147,-0.5438602566719055,0.1404181718826294,-1.0865843296051025,-0.37539151310920715,0.11765053868293762,0.16091668605804443,0.16846874356269836
Oocyte_Ant_3,Oocyte_Ant_3,reproductive,/home/asunkari/ros-worm/openworm_geometry/object_stls/stl/Oocyte_Ant_3.stl,704,704,0,0.03423776850104332,-1.0995672941207886,-0.5664820075035095,0.14313273131847382,-0.9337642192840576,-0.4334971010684967,0.1088949590921402,0.16580307483673096,0.13298490643501282
Oocyte_Ant_2,Oocyte_Ant_2,reproductive,/home/asunkari/ros-worm/openworm_geometry/object_stls/stl/Oocyte_Ant_2.stl,704,704,0,0.031043261289596558,-0.9403170347213745,-0.5843542814254761,0.13676519691944122,-0.775441586971283,-0.4535689055919647,0.10572193562984467,0.16487544775009155,0.13078537583351135
Oocyte_Ant_1,Oocyte_Ant_1,reproductive,/home/asunkari/ros-worm/openworm_geometry/object_stls/stl/Oocyte_Ant_1.stl,704,704,0,0.025908099487423897,-0.7755047678947449,-0.5840535759925842,0.1303526759147644,-0.6101052761077881,-0.45232897996902466,0.10444457828998566,0.1653994917869568,0.13172459602355957
Gonadal_Sheath_A5V,Gonadal_Sheath_A5V,reproductive,/home/asunkari/ros-worm/openworm_geometry/object_stls/stl/Gonadal_Sheath_A5V.stl,2272,2272,0,0.01061802264302969,-1.106736660003662,-0.5972837805747986,0.14473089575767517,-0.5336088538169861,-0.47252610325813293,0.1341128796339035,0.573127806186676,0.12475767731666565
Pharyn-Intest-Valve,Pharyn-Intest-Valve,other-cell/anatomy,/home/asunkari/ros-worm/openworm_geometry/object_stls/stl/Pharyn-Intest-Valve.stl,4096,4096,0,-0.10910557955503464,-2.380722761154175,0.2609739601612091,0.06785859167575836,-2.283809185028076,0.44239017367362976,0.1769641637802124,0.09691357612609863,0.18141621351242065
int1DL,int1DL,intestine,/home/asunkari/ros-worm/openworm_geometry/object_stls/stl/int1DL.stl,2176,2176,0,-0.09274757653474808,-2.3270082473754883,-0.0928492397069931,0.05957354977726936,-1.6283782720565796,0.41682133078575134,0.15232113003730774,0.6986299753189087,0.5096705555915833
Anus,Anus,neuron-or-cell,/home/asunkari/ros-worm/openworm_geometry/object_stls/stl/Anus.stl,640,640,0,-0.045030977576971054,3.8122079372406006,-0.02193845808506012,-0.014865408651530743,3.9890408515930176,0.03266657516360283,0.030165567994117737,0.176832914352417,0.05460503324866295
int9L,int9L,intestine,/home/asunkari/ros-worm/openworm_geometry/object_stls/stl/int9L.stl,3008,3008,0,-0.034625276923179626,3.052457571029663,-0.18901173770427704,0.13317210972309113,3.8157289028167725,0.04866108298301697,0.16779738664627075,0.7632713317871094,0.237672820687294
int8L,int8L,intestine,/home/asunkari/ros-worm/openworm_geometry/object_stls/stl/int8L.stl,1856,1856,0,0.05907608941197395,2.3869094848632812,-0.17522616684436798,0.15682001411914825,3.0585124492645264,0.19094069302082062,0.0977439284324646,0.6716029644012451,0.3661668598651886
int7L,int7L,intestine,/home/asunkari/ros-worm/openworm_geometry/object_stls/stl/int7L.stl,1856,1856,0,0.05974471569061279,1.7239519357681274,-0.05397944152355194,0.17361171543598175,2.428575277328491,0.4045467674732208,0.11386699974536896,0.7046233415603638,0.4585261940956116
int6L,int6L,intestine,/home/asunkari/ros-worm/openworm_geometry/object_stls/stl/int6L.stl,2624,2624,0,-0.015161745250225067,1.0630781650543213,0.06984353810548782,0.17823903262615204,1.7462464570999146,0.4593932628631592,0.1934007704257965,0.6831682920455933,0.38954973220825195
int5L,int5L,intestine,/home/asunkari/ros-worm/openworm_geometry/object_stls/stl/int5L.stl,2240,2240,0,-0.015433914959430695,0.3484422564506531,-0.020144619047641754,0.18738412857055664,1.0729292631149292,0.45517697930336,0.20281803607940674,0.7244870066642761,0.47532159090042114
int4V,int4V,intestine,/home/asunkari/ros-worm/openworm_geometry/object_stls/stl/int4V.stl,2624,2624,0,-0.22999270260334015,-0.29635077714920044,-0.49673888087272644,0.20054520666599274,0.409651517868042,0.04977934807538986,0.4305379092693329,0.7060022950172424,0.5465182065963745
int3V,int3V,intestine,/home/asunkari/ros-worm/openworm_geometry/object_stls/stl/int3V.stl,2064,2064,0,-0.2215181291103363,-0.9902821183204651,-0.580542802810669,0.020129568874835968,-0.25399458408355713,-0.3544481694698334,0.24164769053459167,0.736287534236908,0.22609463334083557
int2D,int2D,intestine,/home/asunkari/ros-worm/openworm_geometry/object_stls/stl/int2D.stl,2240,2240,0,-0.20580126345157623,-1.688873291015625,-0.4126782715320587,0.020263589918613434,-0.9695866703987122,0.021719766780734062,0.22606486082077026,0.7192866206169128,0.43439802527427673
int1VR,int1VR,intestine,/home/asunkari/ros-worm/openworm_geometry/object_stls/stl/int1VR.stl,2192,2192,0,-0.20141777396202087,-2.330918073654175,-0.21393348276615143,-0.02567959576845169,-1.6986689567565918,0.32728880643844604,0.17573818564414978,0.632249116897583,0.5412222743034363
int1VL,int1VL,intestine,/home/asunkari/ros-worm/openworm_geometry/object_stls/stl/int1VL.stl,2176,2176,0,-0.09225954115390778,-2.330840826034546,-0.21389351785182953,0.057366084307432175,-1.6985173225402832,0.32736602425575256,0.14962562918663025,0.6323235034942627,0.5412595272064209
int4D,int4D,intestine,/home/asunkari/ros-worm/openworm_geometry/object_stls/stl/int4D.stl,2624,2624,0,-0.2300170511007309,-0.33731192350387573,-0.3508315682411194,0.2004372775554657,0.3778804838657379,0.12677916884422302,0.4304543137550354,0.715192437171936,0.4776107370853424
int6R,int6R,intestine,/home/asunkari/ros-worm/openworm_geometry/object_stls/stl/int6R.stl,2624,2624,0,-0.2032461315393448,1.0630028247833252,0.06895574182271957,0.08219204097986221,1.7470169067382812,0.4594264328479767,0.2854381799697876,0.684014081954956,0.3904706835746765
int5R,int5R,intestine,/home/asunkari/ros-worm/openworm_geometry/object_stls/stl/int5R.stl,2240,2240,0,-0.22123025357723236,0.348629891872406,-0.01998160406947136,-0.01504979282617569,1.0729503631591797,0.45521020889282227,0.20618045330047607,0.7243204712867737,0.47519180178642273
Y,Y,other-cell/anatomy,/home/asunkari/ros-worm/openworm_geometry/object_stls/stl/Y.stl,1472,1472,0,-0.03929530829191208,3.925180196762085,-0.02493448182940483,-0.008961178362369537,3.983992338180542,-0.0048539889976382256,0.03033412992954254,0.05881214141845703,0.02008049190044403
B,B,other-cell/anatomy,/home/asunkari/ros-worm/openworm_geometry/object_stls/stl/B.stl,1472,1472,0,-0.039130326360464096,3.928184747695923,-0.018011391162872314,-0.008507002145051956,3.992281198501587,0.00756821408867836,0.03062332421541214,0.06409645080566406,0.025579605251550674
U,U,other-cell/anatomy,/home/asunkari/ros-worm/openworm_geometry/object_stls/stl/U.stl,1472,1472,0,-0.048604171723127365,3.867097854614258,-0.01600473001599312,-0.012666968628764153,3.9291298389434814,0.009622998535633087,0.03593720495700836,0.06203198432922363,0.025627728551626205
F,F,other-cell/anatomy,/home/asunkari/ros-worm/openworm_geometry/object_stls/stl/F.stl,1472,1472,0,-0.0484277606010437,3.8700482845306396,-0.004437756724655628,-0.012512566521763802,3.932192087173462,0.026124611496925354,0.03591519594192505,0.062143802642822266,0.030562367290258408
K,K,other-cell/anatomy,/home/asunkari/ros-worm/openworm_geometry/object_stls/stl/K.stl,1472,1472,0,-0.05686361715197563,3.8125507831573486,-0.006226523779332638,-0.03101746365427971,3.874556064605713,0.045525070279836655,0.025846153497695923,0.06200528144836426,0.05175159499049187
Kprime,Kprime,other-cell/anatomy,/home/asunkari/ros-worm/openworm_geometry/object_stls/stl/Kprime.stl,1472,1472,0,-0.035871028900146484,3.8113853931427,-0.0062265219166874886,-0.014242472127079964,3.873741865158081,0.045525167137384415,0.02162855677306652,0.06235647201538086,0.05175168812274933
vpi3_V,vpi3_V,other-cell/anatomy,/home/asunkari/ros-worm/openworm_geometry/object_stls/stl/vpi3_V.stl,1888,1888,0,-0.10786940157413483,-2.369174003601074,0.26491621136665344,0.06472470611333847,-2.2870137691497803,0.3542819023132324,0.1725941002368927,0.08216023445129395,0.08936569094657898
vpi3_D,vpi3_D,other-cell/anatomy,/home/asunkari/ros-worm/openworm_geometry/object_stls/stl/vpi3_D.stl,1888,1888,0,-0.10786943882703781,-2.3619794845581055,0.3061026930809021,0.06472469866275787,-2.2844228744506836,0.4384939670562744,0.1725941300392151,0.07755661010742188,0.13239127397537231
vpi2_DL,vpi2_DL,neuron-or-cell,/home/asunkari/ros-worm/openworm_geometry/object_stls/stl/vpi2_DL.stl,1872,1872,0,-0.021470393985509872,-2.3688271045684814,0.30236050486564636,0.06002812460064888,-2.2872989177703857,0.4375970959663391,0.08149851858615875,0.0815281867980957,0.13523659110069275
vpi2_V,vpi2_V,other-cell/anatomy,/home/asunkari/ros-worm/openworm_geometry/object_stls/stl/vpi2_V.stl,2272,2272,0,-0.1031750813126564,-2.3750979900360107,0.2775791883468628,0.06002814322710037,-2.2888901233673096,0.3550555408000946,0.16320322453975677,0.08620786666870117,0.07747635245323181
vpi2_DR,vpi2_DR,neuron-or-cell,/home/asunkari/ros-worm/openworm_geometry/object_stls/stl/vpi2_DR.stl,1872,1872,0,-0.1031750962138176,-2.3688137531280518,0.302389919757843,-0.02169429510831833,-2.2872989177703857,0.4375970959663391,0.08148080110549927,0.08151483535766602,0.1352071762084961
vpi1,vpi1,other-cell/anatomy,/home/asunkari/ros-worm/openworm_geometry/object_stls/stl/vpi1.stl,8192,8192,0,-0.09773581475019455,-2.3796911239624023,0.2819547653198242,0.05459107831120491,-2.2854506969451904,0.43396708369255066,0.15232689678668976,0.09424042701721191,0.15201231837272644
int9R,int9R,intestine,/home/asunkari/ros-worm/openworm_geometry/object_stls/stl/int9R.stl,3008,3008,0,-0.06237521022558212,3.0524792671203613,-0.1890358030796051,0.0594915896654129,3.8154194355010986,0.0485774502158165,0.12186679989099503,0.7629401683807373,0.2376132607460022
int8R,int8R,intestine,/home/asunkari/ros-worm/openworm_geometry/object_stls/stl/int8R.stl,1856,1856,0,-0.04086220636963844,2.3871519565582275,-0.17497271299362183,0.05969856306910515,3.0582644939422607,0.1907336711883545,0.10056076943874359,0.6711125373840332,0.3657063841819763
int2V,int2V,intestine,/home/asunkari/ros-worm/openworm_geometry/object_stls/stl/int2V.stl,1856,1856,0,-0.2055625021457672,-1.7528373003005981,-0.5562887191772461,0.020082369446754456,-0.9832580089569092,-0.10071311891078949,0.22564487159252167,0.769579291343689,0.4555755853652954
int1DR,int1DR,intestine,/home/asunkari/ros-worm/openworm_geometry/object_stls/stl/int1DR.stl,2176,2176,0,-0.2013595551252365,-2.326796770095825,-0.09088434278964996,-0.026585504412651062,-1.6314013004302979,0.41629594564437866,0.17477405071258545,0.6953954696655273,0.5071802735328674
int7R,int7R,intestine,/home/asunkari/ros-worm/openworm_geometry/object_stls/stl/int7R.stl,1856,1856,0,-0.043419480323791504,1.7240381240844727,-0.05389522761106491,0.07293201237916946,2.4284141063690186,0.40450236201286316,0.11635149270296097,0.7043759822845459,0.45839759707450867
int3D,int3D,intestine,/home/asunkari/ros-worm/openworm_geometry/object_stls/stl/int3D.stl,2240,2240,0,-0.2215181589126587,-0.9766009449958801,-0.4361460506916046,0.02012956142425537,-0.30165421962738037,-0.22171112895011902,0.24164772033691406,0.6749467253684998,0.2144349217414856
ALNR,ALNR,neuron-or-cell,/home/asunkari/ros-worm/openworm_geometry/object_stls/stl/ALNR.stl,5824,5824,0,-0.14150971174240112,-2.74888277053833,-0.3222806453704834,-0.004874657839536667,4.472743511199951,0.5075157880783081,0.13663505017757416,7.221626281738281,0.8297964334487915
PLNR,PLNR,neuron-or-cell,/home/asunkari/ros-worm/openworm_geometry/object_stls/stl/PLNR.stl,6848,6848,0,-0.2493109107017517,-2.7420754432678223,-0.6361825466156006,-0.007943276315927505,4.420924186706543,0.44728004932403564,0.2413676381111145,7.162999629974365,1.0834625959396362
CANL,CANL,excretory/canal,/home/asunkari/ros-worm/openworm_geometry/object_stls/stl/CANL.stl,4544,4544,0,0.07076318562030792,-2.7951083183288574,-0.44183167815208435,0.27048662304878235,4.031525135040283,0.47119200229644775,0.19972343742847443,6.826633453369141,0.9130237102508545
URYVR,URYVR,neuron-or-cell,/home/asunkari/ros-worm/openworm_geometry/object_stls/stl/URYVR.stl,2624,2624,0,-0.0939326286315918,-3.4257984161376953,0.39156967401504517,-0.02497725933790207,-2.732753038406372,0.5589494109153748,0.06895536929368973,0.6930453777313232,0.1673797369003296
AUAR,AUAR,neuron-or-cell,/home/asunkari/ros-worm/openworm_geometry/object_stls/stl/AUAR.stl,4416,4416,0,-0.12239620089530945,-3.1151912212371826,0.26349082589149475,-0.02315838634967804,-2.63203763961792,0.5494658946990967,0.09923781454563141,0.4831535816192627,0.28597506880760193
PLNL,PLNL,neuron-or-cell,/home/asunkari/ros-worm/openworm_geometry/object_stls/stl/PLNL.stl,6592,6592,0,-0.009367872029542923,-2.742081642150879,-0.6361827254295349,0.23557671904563904,4.420924663543701,0.4523985683917999,0.24494458734989166,7.16300630569458,1.0885813236236572
ALNL,ALNL,neuron-or-cell,/home/asunkari/ros-worm/openworm_geometry/object_stls/stl/ALNL.stl,5824,5824,0,-0.007372603751718998,-2.7488832473754883,-0.3222805857658386,0.10656477510929108,4.470035552978516,0.5075157880783081,0.1139373779296875,7.218918800354004,0.8297963738441467
CANR,CANR,excretory/canal,/home/asunkari/ros-worm/openworm_geometry/object_stls/stl/CANR.stl,4544,4544,0,-0.2890830934047699,-2.7951087951660156,-0.4418315887451172,-0.07209204137325287,4.031525135040283,0.47119224071502686,0.21699105203151703,6.826633930206299,0.913023829460144
URYDR,URYDR,neuron-or-cell,/home/asunkari/ros-worm/openworm_geometry/object_stls/stl/URYDR.stl,3904,3904,0,-0.0936087816953659,-3.4111056327819824,0.49749794602394104,-0.024430546909570694,-2.7334513664245605,0.6129962205886841,0.06917823851108551,0.6776542663574219,0.11549827456474304
ALA,ALA,neuron-or-cell,/home/asunkari/ros-worm/openworm_geometry/object_stls/stl/ALA.stl,9984,9984,0,-0.27607500553131104,-2.7450411319732666,-0.43682095408439636,0.26417526602745056,4.026322364807129,0.6121674180030823,0.540250301361084,6.771363258361816,1.0489883422851562
AUAL,AUAL,neuron-or-cell,/home/asunkari/ros-worm/openworm_geometry/object_stls/stl/AUAL.stl,4416,4416,0,-0.01955987513065338,-3.1151914596557617,0.26349076628685,0.07967793941497803,-2.63203763961792,0.5494658350944519,0.09923781454563141,0.4831538200378418,0.28597506880760193
URYDL,URYDL,neuron-or-cell,/home/asunkari/ros-worm/openworm_geometry/object_stls/stl/URYDL.stl,3904,3904,0,-0.01828770339488983,-3.4111056327819824,0.4974978566169739,0.05089052766561508,-2.7334511280059814,0.6129961013793945,0.06917823106050491,0.677654504776001,0.11549824476242065
URYVL,URYVL,neuron-or-cell,/home/asunkari/ros-worm/openworm_geometry/object_stls/stl/URYVL.stl,2624,2624,0,-0.017740972340106964,-3.4257986545562744,0.39156967401504517,0.05121440440416336,-2.732753276824951,0.5589494109153748,0.06895537674427032,0.6930453777313232,0.1673797369003296
OLQVR,OLQVR,neuron-or-cell,/home/asunkari/ros-worm/openworm_geometry/object_stls/stl/OLQVR.stl,2624,2624,0,-0.09814897924661636,-3.492910385131836,0.3983180522918701,-0.03865193575620651,-2.733130693435669,0.5682154893875122,0.05949704349040985,0.759779691696167,0.1698974370956421
IL1VR,IL1VR,neuron-or-cell,/home/asunkari/ros-worm/openworm_geometry/object_stls/stl/IL1VR.stl,2752,2752,0,-0.08999265730381012,-3.4929099082946777,0.387292742729187,-0.03865186870098114,-2.733279228210449,0.5682152509689331,0.05134078860282898,0.7596306800842285,0.1809225082397461
IL1R,IL1R,neuron-or-cell,/home/asunkari/ros-worm/openworm_geometry/object_stls/stl/IL1R.stl,3648,3648,0,-0.1234157383441925,-3.4939279556274414,0.41632696986198425,-0.04800903797149658,-2.7231814861297607,0.5915651917457581,0.07540670037269592,0.7707464694976807,0.1752382218837738
NSMR,NSMR,neuron-or-cell,/home/asunkari/ros-worm/openworm_geometry/object_stls/stl/NSMR.stl,3136,3136,0,-0.07383381575345993,-2.944422721862793,0.40682733058929443,0.026307694613933563,-2.596827507019043,0.5370016098022461,0.1001415103673935,0.34759521484375,0.13017427921295166
MCR,MCR,muscle/pharynx-muscle,/home/asunkari/ros-worm/openworm_geometry/object_stls/stl/MCR.stl,3904,3904,0,-0.08455333113670349,-3.06466007232666,0.4437296390533447,0.025168627500534058,-2.8489763736724854,0.5634598731994629,0.10972195863723755,0.2156836986541748,0.11973023414611816
MCL,MCL,muscle/pharynx-muscle,/home/asunkari/ros-worm/openworm_geometry/object_stls/stl/MCL.stl,3904,3904,0,-0.06590254604816437,-3.064659833908081,0.4437296390533447,0.04381939023733139,-2.8489763736724854,0.5634599328041077,0.10972193628549576,0.2156834602355957,0.11973029375076294
OLQDR,OLQDR,neuron-or-cell,/home/asunkari/ros-worm/openworm_geometry/object_stls/stl/OLQDR.stl,3136,3136,0,-0.08746828138828278,-3.4917027950286865,0.48536109924316406,-0.03786749765276909,-2.740976095199585,0.6118018627166748,0.04960078373551369,0.7507266998291016,0.12644076347351074
NSML,NSML,neuron-or-cell,/home/asunkari/ros-worm/openworm_geometry/object_stls/stl/NSML.stl,3136,3136,0,-0.0636487752199173,-2.944422721862793,0.406827449798584,0.03649274259805679,-2.596827507019043,0.5370016694068909,0.10014151781797409,0.34759521484375,0.13017421960830688
IL1DR,IL1DR,neuron-or-cell,/home/asunkari/ros-worm/openworm_geometry/object_stls/stl/IL1DR.stl,756,756,0,-0.09499231725931168,-3.4108192920684814,0.4852352738380432,-0.024823028594255447,-2.724388599395752,0.6138290762901306,0.07016928493976593,0.6864306926727295,0.1285938024520874
AVL,AVL,neuron-or-cell,/home/asunkari/ros-worm/openworm_geometry/object_stls/stl/AVL.stl,8384,8384,0,-0.13383089005947113,-2.7548861503601074,-0.6700575351715088,0.04931662976741791,3.961076021194458,0.5334691405296326,0.18314751982688904,6.7159624099731445,1.2035267353057861
IL1DL,IL1DL,neuron-or-cell,/home/asunkari/ros-worm/openworm_geometry/object_stls/stl/IL1DL.stl,756,756,0,-0.017895201221108437,-3.4108192920684814,0.4852352738380432,0.05227408558130264,-2.724388599395752,0.6138290762901306,0.07016928493976593,0.6864306926727295,0.1285938024520874
IL1VL,IL1VL,neuron-or-cell,/home/asunkari/ros-worm/openworm_geometry/object_stls/stl/IL1VL.stl,2752,2752,0,-0.004066361114382744,-3.492910146713257,0.3872928023338318,0.047274425625801086,-2.733279228210449,0.5682153105735779,0.05134078860282898,0.7596309185028076,0.1809225082397461
IL1L,IL1L,neuron-or-cell,/home/asunkari/ros-worm/openworm_geometry/object_stls/stl/IL1L.stl,3648,3648,0,0.0052907876670360565,-3.4939277172088623,0.4163268506526947,0.08069748431444168,-2.7231812477111816,0.5915651917457581,0.07540670037269592,0.7707464694976807,0.17523834109306335
OLQDL,OLQDL,neuron-or-cell,/home/asunkari/ros-worm/openworm_geometry/object_stls/stl/OLQDL.stl,3136,3136,0,-0.004850719124078751,-3.4917027950286865,0.4853610694408417,0.04475004971027374,-2.740976095199585,0.61180180311203,0.04960076883435249,0.7507266998291016,0.12644073367118835
OLQVL,OLQVL,neuron-or-cell,/home/asunkari/ros-worm/openworm_geometry/object_stls/stl/OLQVL.stl,2624,2624,0,-0.004066351801156998,-3.492910623550415,0.3983180522918701,0.05543072521686554,-2.733130693435669,0.5682154297828674,0.05949707701802254,0.7597799301147461,0.16989737749099731
GLRVR,GLRVR,neuron-or-cell,/home/asunkari/ros-worm/openworm_geometry/object_stls/stl/GLRVR.stl,2240,2240,0,-0.09001397341489792,-3.4929099082946777,0.37597963213920593,-0.03865189105272293,-2.6883533000946045,0.568215012550354,0.05136208236217499,0.8045566082000732,0.19223538041114807
GLRDR,GLRDR,neuron-or-cell,/home/asunkari/ros-worm/openworm_geometry/object_stls/stl/GLRDR.stl,2496,2496,0,-0.09617839008569717,-3.49162220954895,0.4804713726043701,-0.03802931681275368,-2.695462942123413,0.6118018627166748,0.0581490732729435,0.7961592674255371,0.1313304901123047
GLRR,GLRR,neuron-or-cell,/home/asunkari/ros-worm/openworm_geometry/object_stls/stl/GLRR.stl,2752,2752,0,-0.1234157383441925,-3.4939277172088623,0.4206238090991974,-0.04800902307033539,-2.6960480213165283,0.591564953327179,0.07540671527385712,0.797879695892334,0.17094114422798157
GLRL,GLRL,neuron-or-cell,/home/asunkari/ros-worm/openworm_geometry/object_stls/stl/GLRL.stl,2752,2752,0,0.005290785804390907,-3.4939277172088623,0.42062386870384216,0.08069752156734467,-2.6960480213165283,0.5915650129318237,0.07540673762559891,0.797879695892334,0.17094114422798157
GLRDL,GLRDL,neuron-or-cell,/home/asunkari/ros-worm/openworm_geometry/object_stls/stl/GLRDL.stl,2496,2496,0,-0.004688937216997147,-3.49162220954895,0.48047131299972534,0.053460150957107544,-2.695462942123413,0.61180180311203,0.05814908817410469,0.7961592674255371,0.1313304901123047
GLRVL,GLRVL,neuron-or-cell,/home/asunkari/ros-worm/openworm_geometry/object_stls/stl/GLRVL.stl,2240,2240,0,-0.004066359251737595,-3.492910146713257,0.3759797513484955,0.04729573428630829,-2.6883535385131836,0.5682151317596436,0.05136209353804588,0.8045566082000732,0.19223538041114807
ccDR,ccDR,neuron-or-cell,/home/asunkari/ros-worm/openworm_geometry/object_stls/stl/ccDR.stl,1920,1920,0,-0.14895349740982056,1.6828147172927856,0.3884817957878113,-0.11035560816526413,1.7594019174575806,0.42778122425079346,0.03859788924455643,0.07658720016479492,0.03929942846298218
ccDL,ccDL,neuron-or-cell,/home/asunkari/ros-worm/openworm_geometry/object_stls/stl/ccDL.stl,1920,1920,0,0.05851446092128754,2.22033953666687,0.2658136188983917,0.09711235761642456,2.2940852642059326,0.3106062114238739,0.038597896695137024,0.0737457275390625,0.04479259252548218
ccPL,ccPL,neuron-or-cell,/home/asunkari/ros-worm/openworm_geometry/object_stls/stl/ccPL.stl,1920,1920,0,0.03698863089084625,0.057214125990867615,-0.4396125376224518,0.07558652758598328,0.12952370941638947,-0.39238330721855164,0.038597896695137024,0.07230958342552185,0.047229230403900146
ccAL,ccAL,neuron-or-cell,/home/asunkari/ros-worm/openworm_geometry/object_stls/stl/ccAL.stl,1920,1920,0,0.03888590261340141,-0.035797979682683945,-0.4822836220264435,0.07748380303382874,0.03689700737595558,-0.43563684821128845,0.03859790042042732,0.07269498705863953,0.04664677381515503
ccAR,ccAR,neuron-or-cell,/home/asunkari/ros-worm/openworm_geometry/object_stls/stl/ccAR.stl,1920,1920,0,-0.08094310015439987,-2.276794195175171,0.05540046468377113,-0.04234520345926285,-2.209632158279419,0.10986970365047455,0.038597896695137024,0.06716203689575195,0.054469238966703415
ccPR,ccPR,neuron-or-cell,/home/asunkari/ros-worm/openworm_geometry/object_stls/stl/ccPR.stl,1920,1920,0,-0.07348476350307465,-2.2080094814300537,-0.0019524656236171722,-0.03488686680793762,-2.14003586769104,0.049061331897974014,0.038597896695137024,0.06797361373901367,0.051013797521591187
Head_Mesodermal_Cell,Head_Mesodermal_Cell,neuron-or-cell,/home/asunkari/ros-worm/openworm_geometry/object_stls/stl/Head_Mesodermal_Cell.stl,4864,4864,0,-0.11815442144870758,-2.3931360244750977,-0.08978759497404099,0.0759865790605545,-2.013127088546753,0.4838371276855469,0.19414100050926208,0.3800089359283447,0.5736247301101685
Excretory_Duct_Cell,Excretory_Duct_Cell,excretory/canal,/home/asunkari/ros-worm/openworm_geometry/object_stls/stl/Excretory_Duct_Cell.stl,1088,1088,0,-0.042630329728126526,-2.5950443744659424,0.19795647263526917,-0.000934164971113205,-2.5325140953063965,0.2780165374279022,0.04169616475701332,0.0625302791595459,0.08006006479263306
Excretory_Pore_Cell,Excretory_Pore_Cell,excretory/canal,/home/asunkari/ros-worm/openworm_geometry/object_stls/stl/Excretory_Pore_Cell.stl,960,960,0,-0.04222690686583519,-2.6878340244293213,0.19821402430534363,0.002667440101504326,-2.5709569454193115,0.3038833737373352,0.044894345104694366,0.11687707901000977,0.10566934943199158
Excretory_Gland_Cell,Excretory_Gland_Cell,excretory/canal,/home/asunkari/ros-worm/openworm_geometry/object_stls/stl/Excretory_Gland_Cell.stl,3328,3328,0,-0.09469430148601532,-2.6907801628112793,0.17990082502365112,0.05602477118372917,-2.3498952388763428,0.3148815631866455,0.1507190763950348,0.3408849239349365,0.13498073816299438
Excretory_Cell,Excretory_Cell,excretory/canal,/home/asunkari/ros-worm/openworm_geometry/object_stls/stl/Excretory_Cell.stl,9280,9280,0,-0.2775096595287323,-3.4165894985198975,-0.4233909845352173,0.2653903067111969,3.978046417236328,0.5737214684486389,0.5428999662399292,7.394636154174805,0.9971124529838562
rect_VR,rect_VR,neuron-or-cell,/home/asunkari/ros-worm/openworm_geometry/object_stls/stl/rect_VR.stl,960,960,0,-0.08568987250328064,3.798020839691162,-0.0383421927690506,-0.05667837709188461,3.854196071624756,0.03456662595272064,0.029011495411396027,0.05617523193359375,0.07290881872177124
rect_D,rect_D,other-cell/anatomy,/home/asunkari/ros-worm/openworm_geometry/object_stls/stl/rect_D.stl,1728,1728,0,-0.0678938701748848,3.794057846069336,0.027592526748776436,-0.0002910047769546509,3.854496479034424,0.10448478907346725,0.06760286539793015,0.06043863296508789,0.07689226418733597
Sph_mu,Sph_mu,other-cell/anatomy,/home/asunkari/ros-worm/openworm_geometry/object_stls/stl/Sph_mu.stl,4448,4448,0,-0.12854546308517456,3.751481056213379,-0.08649170398712158,0.060098037123680115,3.8246214389801025,0.08596878498792648,0.18864350020885468,0.07314038276672363,0.17246049642562866
virR,virR,neuron-or-cell,/home/asunkari/ros-worm/openworm_geometry/object_stls/stl/virR.stl,832,832,0,-0.07432704418897629,3.810375690460205,-0.015174463391304016,-0.036088552325963974,3.826216220855713,0.06438533216714859,0.038238491863012314,0.015840530395507812,0.0795597955584526
virL,virL,neuron-or-cell,/home/asunkari/ros-worm/openworm_geometry/object_stls/stl/virL.stl,832,832,0,-0.03659918159246445,3.810375690460205,-0.015059929341077805,0.00158754363656044,3.826216220855713,0.06429998576641083,0.03818672522902489,0.015840530395507812,0.07935991883277893
rect_VL,rect_VL,neuron-or-cell,/home/asunkari/ros-worm/openworm_geometry/object_stls/stl/rect_VL.stl,960,960,0,-0.01730918325483799,3.7974753379821777,-0.04085423797369003,0.013429458253085613,3.855236530303955,0.030508510768413544,0.03073864057660103,0.057761192321777344,0.07136274874210358
mu_int_R,mu_int_R,neuron-or-cell,/home/asunkari/ros-worm/openworm_geometry/object_stls/stl/mu_int_R.stl,6832,6832,0,-0.06656914204359055,3.2372071743011475,-0.20262251794338226,0.038211412727832794,3.7827141284942627,0.03518695384263992,0.10478055477142334,0.5455069541931152,0.23780947923660278
mu_int_L,mu_int_L,neuron-or-cell,/home/asunkari/ros-worm/openworm_geometry/object_stls/stl/mu_int_L.stl,6736,6736,0,-0.015857918187975883,3.2334702014923096,-0.20449523627758026,0.13819362223148346,3.7832140922546387,0.04031895846128464,0.1540515422821045,0.5497438907623291,0.2448141872882843
mu_anal,mu_anal,neuron-or-cell,/home/asunkari/ros-worm/openworm_geometry/object_stls/stl/mu_anal.stl,2368,2368,0,-0.07693730294704437,3.9226675033569336,-0.013727107085287571,0.01799636334180832,4.005824565887451,0.14565283060073853,0.09493366628885269,0.08315706253051758,0.15937994420528412
SIAVR,SIAVR,neuron-or-cell,/home/asunkari/ros-worm/openworm_geometry/object_stls/stl/SIAVR.stl,6464,6464,0,-0.2493109554052353,-2.7443349361419678,-0.6361827850341797,-0.0608440525829792,3.971773862838745,0.45169907808303833,0.1884669065475464,6.716108798980713,1.0878818035125732
SDQR,SDQR,neuron-or-cell,/home/asunkari/ros-worm/openworm_geometry/object_stls/stl/SDQR.stl,2624,2624,0,-0.1509016752243042,-2.7480781078338623,-0.11963523924350739,0.04785875976085663,-1.2937543392181396,0.5116723775863647,0.19876043498516083,1.4543237686157227,0.6313076019287109
SDQL,SDQL,neuron-or-cell,/home/asunkari/ros-worm/openworm_geometry/object_stls/stl/SDQL.stl,4544,4544,0,-0.08562341332435608,-2.745877504348755,-0.23752202093601227,0.2378372699022293,2.240940809249878,0.5110651254653931,0.3234606981277466,4.986818313598633,0.7485871315002441
BDUR,BDUR,neuron-or-cell,/home/asunkari/ros-worm/openworm_geometry/object_stls/stl/BDUR.stl,2752,2752,0,-0.20813485980033875,-2.780474901199341,-0.021336521953344345,-0.02741210162639618,-1.849316954612732,0.5295355319976807,0.18072275817394257,0.9311579465866089,0.5508720278739929
PVNR,PVNR,neuron-or-cell,/home/asunkari/ros-worm/openworm_geometry/object_stls/stl/PVNR.stl,10560,10560,0,-0.1286012828350067,-2.7548866271972656,-0.6562936305999756,0.04931662604212761,4.113475799560547,0.5334696769714355,0.17791791260242462,6.8683624267578125,1.1897633075714111
PVWR,PVWR,neuron-or-cell,/home/asunkari/ros-worm/openworm_geometry/object_stls/stl/PVWR.stl,2112,2112,0,-0.07169690728187561,3.5253303050994873,-0.2264677882194519,-0.013205714523792267,4.067513942718506,0.08258339762687683,0.058491192758083344,0.5421836376190186,0.30905118584632874
PVCR,PVCR,neuron-or-cell,/home/asunkari/ros-worm/openworm_geometry/object_stls/stl/PVCR.stl,7744,7744,0,-0.1247539073228836,-2.754673957824707,-0.6502827405929565,-0.013084692880511284,4.049065589904785,0.5339186191558838,0.11166921257972717,6.803739547729492,1.1842013597488403
LUAR,LUAR,neuron-or-cell,/home/asunkari/ros-worm/openworm_geometry/object_stls/stl/LUAR.stl,1824,1824,0,-0.07136686891317368,3.5071890354156494,-0.23145277798175812,-0.012854155153036118,4.047729015350342,0.04988407716155052,0.05851271376013756,0.5405399799346924,0.28133684396743774
PVPL,PVPL,neuron-or-cell,/home/asunkari/ros-worm/openworm_geometry/object_stls/stl/PVPL.stl,6592,6592,0,-0.12730766832828522,-2.7546730041503906,-0.6551051139831543,0.04931662976741791,3.6908416748046875,0.5339181423187256,0.17662429809570312,6.445514678955078,1.1890232563018799
RIPR,RIPR,neuron-or-cell,/home/asunkari/ros-worm/openworm_geometry/object_stls/stl/RIPR.stl,4416,4416,0,-0.08642437309026718,-3.408702850341797,0.4272371828556061,0.07998260110616684,-2.746875524520874,0.5830096006393433,0.16640697419643402,0.6618273258209229,0.15577241778373718
URBR,URBR,neuron-or-cell,/home/asunkari/ros-worm/openworm_geometry/object_stls/stl/URBR.stl,1728,1728,0,-0.12133671343326569,-3.407285213470459,0.44352585077285767,-0.06263528019189835,-2.743971347808838,0.5837677121162415,0.05870143324136734,0.6633138656616211,0.1402418613433838
AIBR,AIBR,neuron-or-cell,/home/asunkari/ros-worm/openworm_geometry/object_stls/stl/AIBR.stl,4160,4160,0,-0.09099353849887848,-2.7619614601135254,0.26655313372612,0.049807555973529816,-2.6542916297912598,0.5352645516395569,0.1408011019229889,0.10766983032226562,0.2687114179134369
ADAR,ADAR,neuron-or-cell,/home/asunkari/ros-worm/openworm_geometry/object_stls/stl/ADAR.stl,2624,2624,0,-0.13558179140090942,-2.7546730041503906,0.14625868201255798,-0.023804791271686554,-2.388801336288452,0.5339179635047913,0.11177700012922287,0.3658716678619385,0.3876592814922333
MI,MI,neuron-or-cell,/home/asunkari/ros-worm/openworm_geometry/object_stls/stl/MI.stl,2496,2496,0,-0.0703008696436882,-2.9623732566833496,0.4597519040107727,0.02752917818725109,-2.887035608291626,0.582170844078064,0.09783004969358444,0.07533764839172363,0.12241894006729126
I6,I6,other-cell/anatomy,/home/asunkari/ros-worm/openworm_geometry/object_stls/stl/I6.stl,3264,3264,0,-0.06291836500167847,-2.8507425785064697,0.41073545813560486,0.03109588474035263,-2.43353009223938,0.525934100151062,0.0940142497420311,0.41721248626708984,0.11519864201545715
I5,I5,other-cell/anatomy,/home/asunkari/ros-worm/openworm_geometry/object_stls/stl/I5.stl,12160,12160,0,-0.0714477151632309,-2.8963332176208496,0.279512494802475,0.02874881960451603,-2.4093165397644043,0.5612221956253052,0.10019653290510178,0.4870166778564453,0.2817097008228302
I4,I4,other-cell/anatomy,/home/asunkari/ros-worm/openworm_geometry/object_stls/stl/I4.stl,5440,5440,0,-0.051733262836933136,-2.894298791885376,0.3873329758644104,0.010778360068798065,-2.5264198780059814,0.515734076499939,0.0625116229057312,0.36787891387939453,0.12840110063552856
I3,I3,other-cell/anatomy,/home/asunkari/ros-worm/openworm_geometry/object_stls/stl/I3.stl,1856,1856,0,-0.03180111199617386,-3.4195549488067627,0.569900631904602,-0.00916071143001318,-2.899315595626831,0.6050376892089844,0.022640399634838104,0.5202393531799316,0.035137057304382324
I2R,I2R,neuron-or-cell,/home/asunkari/ros-worm/openworm_geometry/object_stls/stl/I2R.stl,4032,4032,0,-0.06956598907709122,-3.4064080715179443,0.5047407150268555,0.00830763578414917,-2.865870952606201,0.5892258882522583,0.07787362486124039,0.5405371189117432,0.08448517322540283
I1R,I1R,neuron-or-cell,/home/asunkari/ros-worm/openworm_geometry/object_stls/stl/I1R.stl,3520,3520,0,-0.08322367072105408,-3.4066245555877686,0.5126203298568726,-0.025490880012512207,-2.877626895904541,0.5916575789451599,0.05773279070854187,0.5289976596832275,0.07903724908828735
PVNL,PVNL,neuron-or-cell,/home/asunkari/ros-worm/openworm_geometry/object_stls/stl/PVNL.stl,12480,12480,0,-0.12627308070659637,-2.755218744277954,-0.6574193239212036,0.04931661859154701,4.113286972045898,0.533469557762146,0.1755896955728531,6.868505477905273,1.1908888816833496
PVCL,PVCL,neuron-or-cell,/home/asunkari/ros-worm/openworm_geometry/object_stls/stl/PVCL.stl,7488,7488,0,-0.12494298070669174,-2.754673480987549,-0.656489908695221,0.04931662604212761,4.049065589904785,0.533918559551239,0.17425960302352905,6.803739070892334,1.19040846824646
PVQL,PVQL,neuron-or-cell,/home/asunkari/ros-worm/openworm_geometry/object_stls/stl/PVQL.stl,8128,8128,0,-0.018724512308835983,-2.7546727657318115,-0.6599426865577698,0.13387426733970642,4.04911994934082,0.5339179635047913,0.1525987833738327,6.803792953491211,1.193860650062561
DVC,DVC,neuron-or-cell,/home/asunkari/ros-worm/openworm_geometry/object_stls/stl/DVC.stl,8160,8160,0,-0.12883615493774414,-2.755131721496582,-0.6513321399688721,0.04931662604212761,3.995535135269165,0.5354965329170227,0.17815278470516205,6.750666618347168,1.18682861328125
DVA,DVA,neuron-or-cell,/home/asunkari/ros-worm/openworm_geometry/object_stls/stl/DVA.stl,8160,8160,0,-0.1217961385846138,-2.755131959915161,-0.6604483127593994,0.0493166446685791,3.9783051013946533,0.5354956388473511,0.1711127758026123,6.7334370613098145,1.1959439516067505
PVT,PVT,neuron-or-cell,/home/asunkari/ros-worm/openworm_geometry/object_stls/stl/PVT.stl,7616,7616,0,-0.12512272596359253,-2.754887580871582,-0.664519727230072,0.04931662231683731,3.613879442214966,0.5334690809249878,0.17443934082984924,6.368766784667969,1.197988748550415
PVPR,PVPR,neuron-or-cell,/home/asunkari/ros-worm/openworm_geometry/object_stls/stl/PVPR.stl,6336,6336,0,-0.09148447960615158,-2.7546732425689697,-0.6627419590950012,0.13387426733970642,3.5887291431427,0.5339183211326599,0.2253587543964386,6.34340238571167,1.1966602802276611
PVWL,PVWL,neuron-or-cell,/home/asunkari/ros-worm/openworm_geometry/object_stls/stl/PVWL.stl,2112,2112,0,-0.015983931720256805,3.5253303050994873,-0.22646786272525787,0.04616571217775345,4.067513942718506,0.08258327096700668,0.062149643898010254,0.5421836376190186,0.30905112624168396
LUAL,LUAL,neuron-or-cell,/home/asunkari/ros-worm/openworm_geometry/object_stls/stl/LUAL.stl,1824,1824,0,-0.016235405579209328,3.5071890354156494,-0.23145276308059692,0.046165935695171356,4.047729015350342,0.04988410323858261,0.062401339411735535,0.5405399799346924,0.28133687376976013
PVQR,PVQR,neuron-or-cell,/home/asunkari/ros-worm/openworm_geometry/object_stls/stl/PVQR.stl,8000,8000,0,-0.12040054053068161,-2.754673719406128,-0.664339542388916,-0.012374505400657654,4.04911994934082,0.5339181423187256,0.10802603513002396,6.803793907165527,1.1982576847076416
BDUL,BDUL,neuron-or-cell,/home/asunkari/ros-worm/openworm_geometry/object_stls/stl/BDUL.stl,2752,2752,0,-0.015306144952774048,-2.78047513961792,-0.021336503326892853,0.16541661322116852,-1.849316954612732,0.5295355916023254,0.18072275817394257,0.931158185005188,0.5508720874786377
I1L,I1L,neuron-or-cell,/home/asunkari/ros-worm/openworm_geometry/object_stls/stl/I1L.stl,3520,3520,0,-0.017227379605174065,-3.4066243171691895,0.5126202702522278,0.040505412966012955,-2.877626657485962,0.5916575193405151,0.05773279070854187,0.5289976596832275,0.07903724908828735
I2L,I2L,neuron-or-cell,/home/asunkari/ros-worm/openworm_geometry/object_stls/stl/I2L.stl,4032,4032,0,-0.05106151103973389,-3.406407594680786,0.5047405958175659,0.026812128722667694,-2.865870714187622,0.5892257690429688,0.07787363976240158,0.5405368804931641,0.08448517322540283
RIVR,RIVR,neuron-or-cell,/home/asunkari/ros-worm/openworm_geometry/object_stls/stl/RIVR.stl,3264,3264,0,-0.0960211232304573,-2.7540817260742188,0.3630762994289398,0.0498863160610199,-2.6357343196868896,0.5336528420448303,0.1459074318408966,0.1183474063873291,0.1705765426158905
AVJR,AVJR,neuron-or-cell,/home/asunkari/ros-worm/openworm_geometry/object_stls/stl/AVJR.stl,7360,7360,0,-0.11693930625915527,-2.7548859119415283,-0.6607034802436829,0.049316637217998505,3.9610745906829834,0.5334691405296326,0.16625595092773438,6.715960502624512,1.1941726207733154
RICR,RICR,neuron-or-cell,/home/asunkari/ros-worm/openworm_geometry/object_stls/stl/RICR.stl,3296,3296,0,-0.10647452622652054,-2.7551302909851074,0.2638595700263977,0.04864214360713959,-2.5912270545959473,0.5354965329170227,0.15511667728424072,0.16390323638916016,0.271636962890625
SIBVR,SIBVR,neuron-or-cell,/home/asunkari/ros-worm/openworm_geometry/object_stls/stl/SIBVR.stl,8544,8544,0,-0.09193520247936249,-2.755129814147949,-0.6361828446388245,0.23557671904563904,3.9717743396759033,0.5354964733123779,0.32751190662384033,6.726903915405273,1.1716792583465576
SIADR,SIADR,neuron-or-cell,/home/asunkari/ros-worm/openworm_geometry/object_stls/stl/SIADR.stl,6624,6624,0,-0.09298472851514816,-2.7551300525665283,-0.23757770657539368,0.23856031894683838,3.9698383808135986,0.5354964137077332,0.33154505491256714,6.724968433380127,0.7730741500854492
AIAR,AIAR,neuron-or-cell,/home/asunkari/ros-worm/openworm_geometry/object_stls/stl/AIAR.stl,1856,1856,0,-0.09203486144542694,-2.7546732425689697,0.3423193693161011,-0.023804787546396255,-2.618089437484741,0.5339182019233704,0.06823007762432098,0.13658380508422852,0.1915988326072693
SAADL,SAADL,neuron-or-cell,/home/asunkari/ros-worm/openworm_geometry/object_stls/stl/SAADL.stl,4832,4832,0,-0.10217549651861191,-3.266613245010376,0.22641803324222565,0.04931662231683731,-2.4525139331817627,0.6501134634017944,0.15149211883544922,0.8140993118286133,0.42369544506073
RIBR,RIBR,neuron-or-cell,/home/asunkari/ros-worm/openworm_geometry/object_stls/stl/RIBR.stl,4160,4160,0,-0.10296076536178589,-2.7546777725219727,0.3293085992336273,-0.023804768919944763,-2.6357548236846924,0.5339182019233704,0.07915599644184113,0.11892294883728027,0.20460960268974304
AVKR,AVKR,neuron-or-cell,/home/asunkari/ros-worm/openworm_geometry/object_stls/stl/AVKR.stl,8288,8288,0,-0.1269841194152832,-2.7551300525665283,-0.664301335811615,0.05013041943311691,3.961076498031616,0.5354964733123779,0.1771145462989807,6.7162065505981445,1.1997978687286377
AVKL,AVKL,neuron-or-cell,/home/asunkari/ros-worm/openworm_geometry/object_stls/stl/AVKL.stl,8288,8288,0,-0.09148449450731277,-2.7551300525665283,-0.6632335186004639,0.13387423753738403,3.8734445571899414,0.5354964733123779,0.2253587245941162,6.628574371337891,1.1987299919128418
AVFL,AVFL,neuron-or-cell,/home/asunkari/ros-worm/openworm_geometry/object_stls/stl/AVFL.stl,8384,8384,0,-0.12883614003658295,-2.7548861503601074,-0.6573342680931091,0.04931662231683731,3.961076498031616,0.5334692001342773,0.17815276980400085,6.7159624099731445,1.1908035278320312
AVFR,AVFR,neuron-or-cell,/home/asunkari/ros-worm/openworm_geometry/object_stls/stl/AVFR.stl,8512,8512,0,-0.13024525344371796,-2.7548861503601074,-0.6533560156822205,0.04755793511867523,3.961076259613037,0.5334690809249878,0.1778031885623932,6.7159624099731445,1.1868250370025635
AVAR,AVAR,neuron-or-cell,/home/asunkari/ros-worm/openworm_geometry/object_stls/stl/AVAR.stl,7392,7392,0,-0.13024526834487915,-2.7551305294036865,-0.663921594619751,0.05097430944442749,3.961076021194458,0.5354964137077332,0.18121957778930664,6.7162065505981445,1.199418067932129
AVBR,AVBR,neuron-or-cell,/home/asunkari/ros-worm/openworm_geometry/object_stls/stl/AVBR.stl,8576,8576,0,-0.13142843544483185,-2.7551305294036865,-0.647271990776062,0.04786498099565506,3.9610748291015625,0.5354964733123779,0.1792934238910675,6.716205596923828,1.18276846408844
AVDL,AVDL,neuron-or-cell,/home/asunkari/ros-worm/openworm_geometry/object_stls/stl/AVDL.stl,7392,7392,0,-0.1286012828350067,-2.755129814147949,-0.6673886775970459,0.04957520589232445,3.9610776901245117,0.5354964137077332,0.17817649245262146,6.716207504272461,1.2028851509094238
AVBL,AVBL,neuron-or-cell,/home/asunkari/ros-worm/openworm_geometry/object_stls/stl/AVBL.stl,8576,8576,0,-0.13106726109981537,-2.7551307678222656,-0.6680036783218384,0.04994548112154007,3.9610748291015625,0.5354965925216675,0.18101274967193604,6.716205596923828,1.2035002708435059
AVAL,AVAL,neuron-or-cell,/home/asunkari/ros-worm/openworm_geometry/object_stls/stl/AVAL.stl,7392,7392,0,-0.12078181654214859,-2.7551305294036865,-0.6681849360466003,0.062122542411088943,3.9610750675201416,0.5354964137077332,0.18290436267852783,6.716205596923828,1.2036813497543335
AVDR,AVDR,neuron-or-cell,/home/asunkari/ros-worm/openworm_geometry/object_stls/stl/AVDR.stl,7392,7392,0,-0.12385140359401703,-2.7551300525665283,-0.6610349416732788,0.049283139407634735,3.961075782775879,0.5354964137077332,0.17313453555107117,6.716205596923828,1.1965312957763672
SAADR,SAADR,neuron-or-cell,/home/asunkari/ros-worm/openworm_geometry/object_stls/stl/SAADR.stl,4832,4832,0,-0.09081343561410904,-3.266613245010376,0.22641800343990326,0.060678645968437195,-2.4525139331817627,0.6501134634017944,0.15149208903312683,0.8140993118286133,0.42369544506073
RIR,RIR,neuron-or-cell,/home/asunkari/ros-worm/openworm_geometry/object_stls/stl/RIR.stl,3392,3392,0,-0.1305602788925171,-2.7542760372161865,0.3592416048049927,0.049316659569740295,-2.647367238998413,0.5326300263404846,0.17987693846225739,0.10690879821777344,0.17338842153549194
SIBDR,SIBDR,neuron-or-cell,/home/asunkari/ros-worm/openworm_geometry/object_stls/stl/SIBDR.stl,6752,6752,0,-0.09230808168649673,-2.7551300525665283,-0.23752209544181824,0.2402752935886383,3.9168365001678467,0.535496711730957,0.33258336782455444,6.671966552734375,0.7730188369750977
AVER,AVER,neuron-or-cell,/home/asunkari/ros-worm/openworm_geometry/object_stls/stl/AVER.stl,4416,4416,0,-0.09016229212284088,-2.7544972896575928,-0.6553596258163452,0.03541161119937897,0.2940647602081299,0.5350846648216248,0.12557390332221985,3.0485620498657227,1.1904442310333252
RIAR,RIAR,neuron-or-cell,/home/asunkari/ros-worm/openworm_geometry/object_stls/stl/RIAR.stl,3392,3392,0,-0.09155594557523727,-2.7548863887786865,0.37457919120788574,0.049245163798332214,-2.68868088722229,0.5334693193435669,0.1408011019229889,0.06620550155639648,0.15889012813568115
SAAVR,SAAVR,neuron-or-cell,/home/asunkari/ros-worm/openworm_geometry/object_stls/stl/SAAVR.stl,4800,4800,0,-0.15310263633728027,-3.2763733863830566,0.2686111032962799,0.07505820691585541,-2.395179271697998,0.5335736870765686,0.22816084325313568,0.8811941146850586,0.2649625837802887
AINR,AINR,neuron-or-cell,/home/asunkari/ros-worm/openworm_geometry/object_stls/stl/AINR.stl,2272,2272,0,-0.09369026869535446,-2.7551300525665283,0.32757577300071716,0.04641865938901901,-2.6018056869506836,0.5354964733123779,0.14010892808437347,0.15332436561584473,0.20792070031166077
AVHR,AVHR,neuron-or-cell,/home/asunkari/ros-worm/openworm_geometry/object_stls/stl/AVHR.stl,7360,7360,0,-0.12339018285274506,-2.754913568496704,-0.6641376614570618,0.044088371098041534,3.9610767364501953,0.5372785925865173,0.1674785614013672,6.71599006652832,1.201416254043579
URXR,URXR,neuron-or-cell,/home/asunkari/ros-worm/openworm_geometry/object_stls/stl/URXR.stl,2752,2752,0,-0.08429200202226639,-3.409834146499634,0.4294907748699188,-0.040541015565395355,-2.6889219284057617,0.6102926731109619,0.04375098645687103,0.7209122180938721,0.1808018982410431
RIS,RIS,neuron-or-cell,/home/asunkari/ros-worm/openworm_geometry/object_stls/stl/RIS.stl,2912,2912,0,-0.13281941413879395,-2.7551300525665283,0.2672778367996216,0.0493166446685791,-2.493104934692383,0.5354964733123779,0.18213605880737305,0.2620251178741455,0.26821863651275635
RIPL,RIPL,neuron-or-cell,/home/asunkari/ros-worm/openworm_geometry/object_stls/stl/RIPL.stl,4416,4416,0,-0.12270085513591766,-3.408702850341797,0.42723721265792847,0.04370613768696785,-2.746875524520874,0.5830094814300537,0.16640698909759521,0.6618273258209229,0.15577226877212524
URBL,URBL,neuron-or-cell,/home/asunkari/ros-worm/openworm_geometry/object_stls/stl/URBL.stl,1728,1728,0,0.019917063415050507,-3.407285213470459,0.44352591037750244,0.07861849665641785,-2.743971586227417,0.5837677717208862,0.05870143324136734,0.663313627243042,0.1402418613433838
ADAL,ADAL,neuron-or-cell,/home/asunkari/ros-worm/openworm_geometry/object_stls/stl/ADAL.stl,2624,2624,0,-0.018913470208644867,-2.7546732425689697,0.14625884592533112,0.0928635224699974,-2.388801336288452,0.5339180827140808,0.11177699267864227,0.3658719062805176,0.3876592516899109
RID,RID,neuron-or-cell,/home/asunkari/ros-worm/openworm_geometry/object_stls/stl/RID.stl,9152,9152,0,-0.046015799045562744,-2.7503714561462402,-0.23886346817016602,0.08473102003335953,3.9825046062469482,0.5733936429023743,0.13074681162834167,6.732875823974609,0.8122571110725403
URXL,URXL,neuron-or-cell,/home/asunkari/ros-worm/openworm_geometry/object_stls/stl/URXL.stl,2752,2752,0,-0.002177216112613678,-3.4098339080810547,0.4294908046722412,0.04157376289367676,-2.6889219284057617,0.6102926135063171,0.043750979006290436,0.720911979675293,0.18080180883407593
RIVL,RIVL,neuron-or-cell,/home/asunkari/ros-worm/openworm_geometry/object_stls/stl/RIVL.stl,3264,3264,0,-0.09260456264019012,-2.754081964492798,0.3630763590335846,0.05330290645360947,-2.6357343196868896,0.5336528420448303,0.145907461643219,0.1183476448059082,0.17057648301124573
AVHL,AVHL,neuron-or-cell,/home/asunkari/ros-worm/openworm_geometry/object_stls/stl/AVHL.stl,7360,7360,0,-0.13024528324604034,-2.754913091659546,-0.6679059267044067,0.0484200194478035,3.9610748291015625,0.5372785925865173,0.17866531014442444,6.7159881591796875,1.2051844596862793
AVJL,AVJL,neuron-or-cell,/home/asunkari/ros-worm/openworm_geometry/object_stls/stl/AVJL.stl,7488,7488,0,-0.12685629725456238,-2.75488543510437,-0.6549282670021057,0.040980953723192215,3.9610753059387207,0.5334690809249878,0.1678372472524643,6.715960502624512,1.1883974075317383
AINL,AINL,neuron-or-cell,/home/asunkari/ros-worm/openworm_geometry/object_stls/stl/AINL.stl,2272,2272,0,-0.09148448705673218,-2.755129814147949,0.3275757133960724,0.048624396324157715,-2.6018054485321045,0.5354964733123779,0.1401088833808899,0.15332436561584473,0.20792075991630554
SAAVL,SAAVL,neuron-or-cell,/home/asunkari/ros-worm/openworm_geometry/object_stls/stl/SAAVL.stl,4800,4800,0,-0.1178746446967125,-3.2763726711273193,0.2686110734939575,0.11028623580932617,-2.395179033279419,0.5335736870765686,0.22816088795661926,0.8811936378479004,0.2649626135826111
RIAL,RIAL,neuron-or-cell,/home/asunkari/ros-worm/openworm_geometry/object_stls/stl/RIAL.stl,3392,3392,0,-0.09148446470499039,-2.7548863887786865,0.37457922101020813,0.04931662604212761,-2.688680648803711,0.5334693789482117,0.1408010870218277,0.06620573997497559,0.15889015793800354
AVEL,AVEL,neuron-or-cell,/home/asunkari/ros-worm/openworm_geometry/object_stls/stl/AVEL.stl,4416,4416,0,-0.09148450940847397,-2.7544972896575928,-0.6612093448638916,0.034089431166648865,0.2962646782398224,0.5350845456123352,0.12557393312454224,3.0507619380950928,1.196293830871582
SIBDL,SIBDL,neuron-or-cell,/home/asunkari/ros-worm/openworm_geometry/object_stls/stl/SIBDL.stl,6752,6752,0,-0.2472153902053833,-2.7551300525665283,-0.23752199113368988,0.04931662231683731,3.916835069656372,0.535496711730957,0.29653200507164,6.6719651222229,0.7730187177658081
RIBL,RIBL,neuron-or-cell,/home/asunkari/ros-worm/openworm_geometry/object_stls/stl/RIBL.stl,4160,4160,0,-0.01891346275806427,-2.754678249359131,0.3293085992336273,0.060242533683776855,-2.6357550621032715,0.5339182019233704,0.07915599644184113,0.11892318725585938,0.20460960268974304
AIZL,AIZL,neuron-or-cell,/home/asunkari/ros-worm/openworm_geometry/object_stls/stl/AIZL.stl,2880,2880,0,-0.021493569016456604,-2.7546730041503906,0.2627391815185547,0.06404373794794083,-2.5665431022644043,0.5339182019233704,0.08553730696439743,0.18812990188598633,0.2711790204048157
RICL,RICL,neuron-or-cell,/home/asunkari/ros-worm/openworm_geometry/object_stls/stl/RICL.stl,3296,3296,0,-0.09148447215557098,-2.7551300525665283,0.2638595402240753,0.06363217532634735,-2.5912270545959473,0.5354964733123779,0.15511664748191833,0.16390299797058105,0.2716369330883026
AIYR,AIYR,neuron-or-cell,/home/asunkari/ros-worm/openworm_geometry/object_stls/stl/AIYR.stl,1856,1856,0,-0.1253696233034134,-2.7546730041503906,0.2809724807739258,-0.023804813623428345,-2.5072154998779297,0.5339182615280151,0.10156480967998505,0.24745750427246094,0.25294578075408936
AIMR,AIMR,neuron-or-cell,/home/asunkari/ros-worm/openworm_geometry/object_stls/stl/AIMR.stl,1984,1984,0,-0.14332999289035797,-2.7546730041503906,0.27430638670921326,-0.023804791271686554,-2.516710042953491,0.5339182615280151,0.11952520161867142,0.23796296119689941,0.2596118748188019
AIBL,AIBL,neuron-or-cell,/home/asunkari/ros-worm/openworm_geometry/object_stls/stl/AIBL.stl,4160,4160,0,-0.09148447215557098,-2.7619616985321045,0.2665531635284424,0.04931661859154701,-2.654292106628418,0.5352646112442017,0.1408010870218277,0.10766959190368652,0.2687114477157593
RIGL,RIGL,neuron-or-cell,/home/asunkari/ros-worm/openworm_geometry/object_stls/stl/RIGL.stl,1856,1856,0,-0.018913453444838524,-2.7546730041503906,0.14620289206504822,0.04931662231683731,-2.3052990436553955,0.5339182615280151,0.06823007762432098,0.4493739604949951,0.3877153694629669
SABD,SABD,neuron-or-cell,/home/asunkari/ros-worm/openworm_geometry/object_stls/stl/SABD.stl,5312,5312,0,-0.10215582698583603,-3.2639200687408447,0.022078614681959152,0.08164229989051819,-2.233144521713257,0.6491047143936157,0.18379813432693481,1.030775547027588,0.6270260810852051
AVG,AVG,neuron-or-cell,/home/asunkari/ros-worm/openworm_geometry/object_stls/stl/AVG.stl,6592,6592,0,-0.1249263659119606,-2.39220929145813,-0.6607457399368286,-0.005526075139641762,4.4832258224487305,0.49516940116882324,0.11940029263496399,6.875434875488281,1.1559151411056519
RIFL,RIFL,neuron-or-cell,/home/asunkari/ros-worm/openworm_geometry/object_stls/stl/RIFL.stl,1984,1984,0,-0.018913453444838524,-2.754673480987549,0.1702333688735962,0.04931662604212761,-2.375246047973633,0.5339183211326599,0.06823007762432098,0.379427433013916,0.3636849522590637
RIGR,RIGR,neuron-or-cell,/home/asunkari/ros-worm/openworm_geometry/object_stls/stl/RIGR.stl,1856,1856,0,-0.09203486144542694,-2.7546730041503906,0.189617320895195,-0.02380478009581566,-2.392127752304077,0.5339182019233704,0.06823007762432098,0.3625452518463135,0.34430086612701416
RIFR,RIFR,neuron-or-cell,/home/asunkari/ros-worm/openworm_geometry/object_stls/stl/RIFR.stl,1984,1984,0,-0.09148447215557098,-2.755444049835205,0.22944986820220947,-0.02108391933143139,-2.437302350997925,0.5358104705810547,0.07040055096149445,0.3181416988372803,0.3063606023788452
SABVR,SABVR,neuron-or-cell,/home/asunkari/ros-worm/openworm_geometry/object_stls/stl/SABVR.stl,1728,1728,0,-0.08994898200035095,-3.3455331325531006,0.23287920653820038,-0.0722389966249466,-2.4543607234954834,0.5385452508926392,0.017709985375404358,0.8911724090576172,0.3056660294532776
SABVL,SABVL,neuron-or-cell,/home/asunkari/ros-worm/openworm_geometry/object_stls/stl/SABVL.stl,1728,1728,0,0.02429281920194626,-3.3455331325531006,0.2328791618347168,0.042002804577350616,-2.4543604850769043,0.5385451912879944,0.017709985375404358,0.8911726474761963,0.3056660294532776
AIML,AIML,neuron-or-cell,/home/asunkari/ros-worm/openworm_geometry/object_stls/stl/AIML.stl,1984,1984,0,-0.01891346275806427,-2.7546732425689697,0.27430635690689087,0.10061174631118774,-2.5167102813720703,0.5339182019233704,0.11952520906925201,0.23796296119689941,0.2596118450164795
AIYL,AIYL,neuron-or-cell,/home/asunkari/ros-worm/openworm_geometry/object_stls/stl/AIYL.stl,1856,1856,0,-0.01891344040632248,-2.7546732425689697,0.2809724807739258,0.08265136182308197,-2.507215738296509,0.5339182615280151,0.10156480222940445,0.24745750427246094,0.25294578075408936
SIADL,SIADL,neuron-or-cell,/home/asunkari/ros-worm/openworm_geometry/object_stls/stl/SIADL.stl,6624,6624,0,-0.24569037556648254,-2.7551300525665283,-0.23757772147655487,0.04984554275870323,3.969838857650757,0.5354964137077332,0.2955359220504761,6.724968910217285,0.7730741500854492
AIAL,AIAL,neuron-or-cell,/home/asunkari/ros-worm/openworm_geometry/object_stls/stl/AIAL.stl,1856,1856,0,-0.018913455307483673,-2.7546732425689697,0.34231945872306824,0.04931662231683731,-2.618089437484741,0.5339182615280151,0.06823007762432098,0.13658380508422852,0.1915988028049469
SIAVL,SIAVL,neuron-or-cell,/home/asunkari/ros-worm/openworm_geometry/object_stls/stl/SIAVL.stl,6464,6464,0,0.018125832080841064,-2.7443349361419678,-0.6361823678016663,0.23537005484104156,3.971776247024536,0.45169904828071594,0.2172442227602005,6.716111183166504,1.0878814458847046
SIBVL,SIBVL,neuron-or-cell,/home/asunkari/ros-worm/openworm_geometry/object_stls/stl/SIBVL.stl,8544,8544,0,-0.2493109107017517,-2.7551300525665283,-0.6361826658248901,0.04931661859154701,3.971774101257324,0.5354964733123779,0.2986275255680084,6.726903915405273,1.171679139137268
RIH,RIH,neuron-or-cell,/home/asunkari/ros-worm/openworm_geometry/object_stls/stl/RIH.stl,4032,4032,0,-0.09148448705673218,-2.7542760372161865,0.33882105350494385,0.04931662231683731,-2.658308267593384,0.5326748490333557,0.1408011019229889,0.09596776962280273,0.19385379552841187
VA11,VA11,other-cell/anatomy,/home/asunkari/ros-worm/openworm_geometry/object_stls/stl/VA11.stl,1472,1472,0,-0.02838631346821785,2.5362892150878906,-0.275282084941864,-0.002749156206846237,3.5067384243011475,-0.2104666531085968,0.025637157261371613,0.9704492092132568,0.06481543183326721
HSNR,HSNR,neuron-or-cell,/home/asunkari/ros-worm/openworm_geometry/object_stls/stl/HSNR.stl,5952,5952,0,-0.22827734053134918,-2.7548863887786865,-0.6700578331947327,0.049790382385253906,0.634463369846344,0.5334688425064087,0.2780677080154419,3.3893496990203857,1.2035267353057861
DD6,DD6,other-cell/anatomy,/home/asunkari/ros-worm/openworm_geometry/object_stls/stl/DD6.stl,5056,5056,0,-0.2034696638584137,2.6231369972229004,-0.2642757296562195,0.01356339082121849,3.979473829269409,0.19804435968399048,0.21703305840492249,1.3563368320465088,0.46232008934020996
DD4,DD4,other-cell/anatomy,/home/asunkari/ros-worm/openworm_geometry/object_stls/stl/DD4.stl,6336,6336,0,-0.2747042775154114,-0.19510716199874878,-0.4830111861228943,0.01954742521047592,1.7464196681976318,0.5236235857009888,0.2942517101764679,1.9415268898010254,1.0066347122192383
DD3,DD3,other-cell/anatomy,/home/asunkari/ros-worm/openworm_geometry/object_stls/stl/DD3.stl,5056,5056,0,-0.25093984603881836,-1.3448022603988647,-0.6700363159179688,0.020451106131076813,0.08782702684402466,-0.042375966906547546,0.2713909447193146,1.4326293468475342,0.62766033411026
DD5,DD5,other-cell/anatomy,/home/asunkari/ros-worm/openworm_geometry/object_stls/stl/DD5.stl,4672,4672,0,-0.257210910320282,1.5750471353530884,-0.2549660801887512,0.016409236937761307,2.88698410987854,0.499447762966156,0.2736201584339142,1.3119369745254517,0.7544138431549072
DD2,DD2,other-cell/anatomy,/home/asunkari/ros-worm/openworm_geometry/object_stls/stl/DD2.stl,4032,4032,0,-0.2522958517074585,-2.004568338394165,-0.5554522275924683,0.01298024132847786,-1.1587172746658325,0.19950969517230988,0.26527610421180725,0.8458510637283325,0.7549619078636169
DB7,DB7,other-cell/anatomy,/home/asunkari/ros-worm/openworm_geometry/object_stls/stl/DB7.stl,4160,4160,0,-0.23119740188121796,2.600736141204834,-0.26427605748176575,0.010076703503727913,3.819228410720825,0.20684339106082916,0.24127410352230072,1.2184922695159912,0.4711194634437561
DB6,DB6,other-cell/anatomy,/home/asunkari/ros-worm/openworm_geometry/object_stls/stl/DB6.stl,4672,4672,0,-0.25618258118629456,1.7216507196426392,-0.2662208676338196,0.012677842751145363,3.568990468978882,0.49045687913894653,0.26886042952537537,1.8473397493362427,0.7566777467727661
DA9,DA9,other-cell/anatomy,/home/asunkari/ros-worm/openworm_geometry/object_stls/stl/DA9.stl,4032,4032,0,-0.06996538490056992,2.559784412384033,-0.2451038956642151,0.009593507274985313,4.0681281089782715,0.21920673549175262,0.07955889403820038,1.5083436965942383,0.4643106460571289
DA7,DA7,other-cell/anatomy,/home/asunkari/ros-worm/openworm_geometry/object_stls/stl/DA7.stl,5824,5824,0,-0.028238506987690926,-0.8092865943908691,-0.2611204981803894,0.19117148220539093,2.933600664138794,0.5268227458000183,0.2194099873304367,3.742887258529663,0.7879432439804077
DA6,DA6,other-cell/anatomy,/home/asunkari/ros-worm/openworm_geometry/object_stls/stl/DA6.stl,7360,7360,0,-0.13383089005947113,-1.5011180639266968,-0.5783014297485352,0.26065629720687866,2.1766324043273926,0.5234806537628174,0.394487202167511,3.677750587463379,1.1017820835113525
DA5,DA5,other-cell/anatomy,/home/asunkari/ros-worm/openworm_geometry/object_stls/stl/DA5.stl,5888,5888,0,-0.13383089005947113,-1.9906408786773682,-0.6700579524040222,0.24851126968860626,0.907515823841095,0.43413570523262024,0.3823421597480774,2.8981566429138184,1.1041936874389648
AS11,AS11,other-cell/anatomy,/home/asunkari/ros-worm/openworm_geometry/object_stls/stl/AS11.stl,3136,3136,0,-0.21688054502010345,2.3643717765808105,-0.27365636825561523,0.016479067504405975,3.223182439804077,0.29761743545532227,0.23335960507392883,0.8588106632232666,0.5712738037109375
AS10,AS10,other-cell/anatomy,/home/asunkari/ros-worm/openworm_geometry/object_stls/stl/AS10.stl,2976,2976,0,-0.21879157423973083,1.803189754486084,-0.25179335474967957,0.014377344399690628,2.8473360538482666,0.47276198863983154,0.23316891491413116,1.0441462993621826,0.7245553731918335
AS9,AS9,other-cell/anatomy,/home/asunkari/ros-worm/openworm_geometry/object_stls/stl/AS9.stl,3136,3136,0,-0.2588389217853546,1.1757607460021973,-0.16935819387435913,0.00987868383526802,2.350160837173462,0.5190544128417969,0.26871761679649353,1.1744000911712646,0.688412606716156
AS8,AS8,other-cell/anatomy,/home/asunkari/ros-worm/openworm_geometry/object_stls/stl/AS8.stl,3616,3616,0,-0.2592178285121918,0.0395851656794548,-0.03771141171455383,0.01566265895962715,1.8842741250991821,0.5234231948852539,0.2748804986476898,1.8446890115737915,0.5611345767974854
AS7,AS7,other-cell/anatomy,/home/asunkari/ros-worm/openworm_geometry/object_stls/stl/AS7.stl,3392,3392,0,-0.26068931818008423,-0.2059156894683838,-0.062248595058918,0.011639023199677467,1.2653993368148804,0.503572404384613,0.27232834696769714,1.4713150262832642,0.5658209919929504
AS6,AS6,other-cell/anatomy,/home/asunkari/ros-worm/openworm_geometry/object_stls/stl/AS6.stl,3008,3008,0,-0.2768687903881073,-0.8623157143592834,-0.3846351206302643,0.020818542689085007,0.34167271852493286,0.06559780240058899,0.2976873219013214,1.2039884328842163,0.45023292303085327
AS5,AS5,other-cell/anatomy,/home/asunkari/ros-worm/openworm_geometry/object_stls/stl/AS5.stl,3264,3264,0,-0.2724079191684723,-1.3065462112426758,-0.5488603115081787,0.021921638399362564,0.025914350524544716,-0.07636503875255585,0.29432955384254456,1.3324605226516724,0.47249525785446167
AS4,AS4,other-cell/anatomy,/home/asunkari/ros-worm/openworm_geometry/object_stls/stl/AS4.stl,3136,3136,0,-0.2508395314216614,-1.846704363822937,-0.6665431261062622,0.01522531732916832,-0.8360176086425781,0.2266777604818344,0.26606485247612,1.0106867551803589,0.8932209014892578
AS3,AS3,other-cell/anatomy,/home/asunkari/ros-worm/openworm_geometry/object_stls/stl/AS3.stl,2752,2752,0,-0.2533358633518219,-2.096727132797241,-0.477334201335907,0.01788041740655899,-1.3653935194015503,0.3806823492050171,0.2712162733078003,0.7313336133956909,0.8580165505409241
AS2,AS2,other-cell/anatomy,/home/asunkari/ros-worm/openworm_geometry/object_stls/stl/AS2.stl,2880,2880,0,-0.2522958815097809,-2.4354770183563232,-0.16553542017936707,0.014377336949110031,-1.8726516962051392,0.5285189151763916,0.26667320728302,0.5628253221511841,0.694054365158081
VD13,VD13,other-cell/anatomy,/home/asunkari/ros-worm/openworm_geometry/object_stls/stl/VD13.stl,3520,3520,0,-0.180011585354805,3.4510490894317627,-0.23036034405231476,0.01291610673069954,3.8187973499298096,0.10775560140609741,0.19292768836021423,0.3677482604980469,0.338115930557251
VD12,VD12,other-cell/anatomy,/home/asunkari/ros-worm/openworm_geometry/object_stls/stl/VD12.stl,3648,3648,0,-0.21963106095790863,2.8779497146606445,-0.26467764377593994,0.012734802439808846,3.4755637645721436,0.12898148596286774,0.23236586153507233,0.597614049911499,0.3936591148376465
VD11,VD11,other-cell/anatomy,/home/asunkari/ros-worm/openworm_geometry/object_stls/stl/VD11.stl,3648,3648,0,-0.24027352035045624,2.403038740158081,-0.26020264625549316,0.012591484934091568,2.9310860633850098,0.2536545395851135,0.2528650164604187,0.5280473232269287,0.5138571858406067
VD10,VD10,other-cell/anatomy,/home/asunkari/ros-worm/openworm_geometry/object_stls/stl/VD10.stl,3648,3648,0,-0.2642175555229187,1.96017587184906,-0.17937743663787842,0.01161959394812584,2.4433834552764893,0.41261544823646545,0.27583715319633484,0.4832075834274292,0.5919928550720215
VD9,VD9,other-cell/anatomy,/home/asunkari/ros-worm/openworm_geometry/object_stls/stl/VD9.stl,3520,3520,0,-0.2556506395339966,1.3884447813034058,-0.052110690623521805,0.010309642180800438,1.9905333518981934,0.5140165090560913,0.2659602761268616,0.6020885705947876,0.5661271810531616
VD8,VD8,other-cell/anatomy,/home/asunkari/ros-worm/openworm_geometry/object_stls/stl/VD8.stl,4544,4544,0,-0.25963664054870605,0.39982330799102783,-0.12504498660564423,0.014204565435647964,1.374545693397522,0.5177111625671387,0.2738412022590637,0.9747223854064941,0.6427561640739441
VD7,VD7,other-cell/anatomy,/home/asunkari/ros-worm/openworm_geometry/object_stls/stl/VD7.stl,4160,4160,0,-0.2751474976539612,-0.125221386551857,-0.49675658345222473,0.013563379645347595,0.5990339517593384,0.2616676092147827,0.28871089220046997,0.7242553234100342,0.7584241628646851
VD6,VD6,other-cell/anatomy,/home/asunkari/ros-worm/openworm_geometry/object_stls/stl/VD6.stl,3648,3648,0,-0.26837870478630066,-0.6605467796325684,-0.6714067459106445,0.011999895796179771,0.008221566677093506,-0.04032242298126221,0.2803786098957062,0.6687683463096619,0.6310843229293823
VD5,VD5,other-cell/anatomy,/home/asunkari/ros-worm/openworm_geometry/object_stls/stl/VD5.stl,3648,3648,0,-0.24910803139209747,-1.3117190599441528,-0.6778759360313416,0.016333257779479027,-0.6345908641815186,-0.15307536721229553,0.26544129848480225,0.6771281957626343,0.5248005390167236
VD4,VD4,other-cell/anatomy,/home/asunkari/ros-worm/openworm_geometry/object_stls/stl/VD4.stl,3648,3648,0,-0.25371453166007996,-1.8432008028030396,-0.5433551669120789,0.013690145686268806,-1.1781799793243408,0.0934097170829773,0.2674046754837036,0.6650208234786987,0.6367648839950562
VD3,VD3,other-cell/anatomy,/home/asunkari/ros-worm/openworm_geometry/object_stls/stl/VD3.stl,3264,3264,0,-0.2522958517074585,-2.2294375896453857,-0.25199195742607117,0.011539090424776077,-1.62899649143219,0.3464638292789459,0.26383495330810547,0.6004410982131958,0.5984557867050171
DB5,DB5,other-cell/anatomy,/home/asunkari/ros-worm/openworm_geometry/object_stls/stl/DB5.stl,6720,6720,0,-0.1338241696357727,0.07394782453775406,-0.3575184941291809,0.26571279764175415,3.5424649715423584,0.5218932628631592,0.39953696727752686,3.4685170650482178,0.8794117569923401
DB4,DB4,other-cell/anatomy,/home/asunkari/ros-worm/openworm_geometry/object_stls/stl/DB4.stl,7744,7744,0,-0.13383091986179352,-1.037030816078186,-0.6692643761634827,0.23762956261634827,3.539222002029419,0.5190438032150269,0.371460497379303,4.5762529373168945,1.1883082389831543
DA8,DA8,other-cell/anatomy,/home/asunkari/ros-worm/openworm_geometry/object_stls/stl/DA8.stl,4032,4032,0,-0.017689377069473267,2.5597851276397705,-0.24510382115840912,0.03679121285676956,4.068129062652588,0.22023078799247742,0.05448058992624283,1.5083439350128174,0.46533459424972534
DA4,DA4,other-cell/anatomy,/home/asunkari/ros-worm/openworm_geometry/object_stls/stl/DA4.stl,4800,4800,0,-0.027011778205633163,-2.5027246475219727,-0.6700615286827087,0.25807908177375793,-0.25227096676826477,0.542654812335968,0.2850908637046814,2.2504537105560303,1.2127163410186768
DA3,DA3,other-cell/anatomy,/home/asunkari/ros-worm/openworm_geometry/object_stls/stl/DA3.stl,3904,3904,0,-0.02918638102710247,-2.7057487964630127,-0.6079335808753967,0.23717418313026428,-1.0506218671798706,0.5977227091789246,0.2663605511188507,1.655126929283142,1.2056562900543213
DA2,DA2,other-cell/anatomy,/home/asunkari/ros-worm/openworm_geometry/object_stls/stl/DA2.stl,3776,3776,0,-0.2522958517074585,-2.7201621532440186,-0.25421345233917236,0.015215598046779633,-1.7438220977783203,0.6069233417510986,0.2675114572048187,0.9763400554656982,0.861136794090271
VC5,VC5,other-cell/anatomy,/home/asunkari/ros-worm/openworm_geometry/object_stls/stl/VC5.stl,3776,3776,0,-0.03608372434973717,0.5386882424354553,-0.13854385912418365,0.013210930861532688,0.6893654465675354,-0.09732742607593536,0.04929465427994728,0.15067720413208008,0.04121643304824829
URAVR,URAVR,neuron-or-cell,/home/asunkari/ros-worm/openworm_geometry/object_stls/stl/URAVR.stl,2624,2624,0,-0.09024486690759659,-3.4239614009857178,0.37786099314689636,-0.027390412986278534,-2.730010986328125,0.5579617619514465,0.06285445392131805,0.6939504146575928,0.18010076880455017
M5,M5,other-cell/anatomy,/home/asunkari/ros-worm/openworm_geometry/object_stls/stl/M5.stl,6208,6208,0,-0.07119213789701462,-2.5563385486602783,0.3250873386859894,0.027364693582057953,-2.4060142040252686,0.43136122822761536,0.09855683147907257,0.15032434463500977,0.10627388954162598
M3R,M3R,neuron-or-cell,/home/asunkari/ros-worm/openworm_geometry/object_stls/stl/M3R.stl,3776,3776,0,-0.09355267882347107,-2.9734914302825928,0.4632345139980316,-0.028008021414279938,-2.822206735610962,0.5773515701293945,0.06554465740919113,0.15128469467163086,0.11411705613136292
M2R,M2R,neuron-or-cell,/home/asunkari/ros-worm/openworm_geometry/object_stls/stl/M2R.stl,2112,2112,0,-0.1049080565571785,-2.980924129486084,0.36391589045524597,-0.03275066986680031,-2.5089950561523438,0.600360095500946,0.07215738296508789,0.47192907333374023,0.23644420504570007
M1,M1,other-cell/anatomy,/home/asunkari/ros-worm/openworm_geometry/object_stls/stl/M1.stl,3136,3136,0,-0.04604766517877579,-3.4033825397491455,0.42632973194122314,0.0008164129685610533,-2.5039026737213135,0.5995751619338989,0.04686407744884491,0.899479866027832,0.17324542999267578
DVB,DVB,neuron-or-cell,/home/asunkari/ros-worm/openworm_geometry/object_stls/stl/DVB.stl,2880,2880,0,-0.02476533316075802,0.9454147815704346,-0.2642761468887329,0.03314115107059479,3.955200433731079,0.05448414757847786,0.057906486093997955,3.0097856521606445,0.31876030564308167
VA12,VA12,other-cell/anatomy,/home/asunkari/ros-worm/openworm_geometry/object_stls/stl/VA12.stl,1088,1088,0,-0.013944641686975956,2.604257583618164,-0.26275718212127686,0.011473978869616985,3.650315284729004,-0.16364333033561707,0.02541862055659294,1.0460577011108398,0.09911385178565979
PDA,PDA,neuron-or-cell,/home/asunkari/ros-worm/openworm_geometry/object_stls/stl/PDA.stl,3520,3520,0,-0.0711415633559227,2.5597848892211914,-0.06363578140735626,0.012009518221020699,4.05972957611084,0.2218865305185318,0.08315107971429825,1.4999446868896484,0.28552231192588806
PDB,PDB,neuron-or-cell,/home/asunkari/ros-worm/openworm_geometry/object_stls/stl/PDB.stl,4416,4416,0,-0.0711415633559227,2.5597848892211914,-0.0949871689081192,0.01043427363038063,4.42479133605957,0.42523080110549927,0.08157584071159363,1.865006446838379,0.5202179551124573
VB11,VB11,other-cell/anatomy,/home/asunkari/ros-worm/openworm_geometry/object_stls/stl/VB11.stl,2112,2112,0,-0.03096381202340126,2.2730371952056885,-0.26427599787712097,-0.005900818854570389,3.8216915130615234,-0.10511724650859833,0.02506299316883087,1.548654317855835,0.15915875136852264
VA10,VA10,other-cell/anatomy,/home/asunkari/ros-worm/openworm_geometry/object_stls/stl/VA10.stl,1984,1984,0,-0.03078012727200985,1.0443122386932373,-0.2670176029205322,-0.0060845063999295235,3.116753101348877,0.04231053590774536,0.02469561994075775,2.0724408626556396,0.3093281388282776
VB10,VB10,other-cell/anatomy,/home/asunkari/ros-worm/openworm_geometry/object_stls/stl/VB10.stl,2496,2496,0,-0.03061600774526596,1.7586033344268799,-0.2642759382724762,-0.006248729303479195,3.817626953125,0.007832005620002747,0.024367278441786766,2.05902361869812,0.27210795879364014
VA9,VA9,other-cell/anatomy,/home/asunkari/ros-worm/openworm_geometry/object_stls/stl/VA9.stl,3136,3136,0,-0.13383089005947113,0.25881052017211914,-0.38371241092681885,-0.005290336906909943,2.5211222171783447,0.044731125235557556,0.1285405457019806,2.2623116970062256,0.4284435510635376
VC6,VC6,other-cell/anatomy,/home/asunkari/ros-worm/openworm_geometry/object_stls/stl/VC6.stl,1728,1728,0,-0.029530219733715057,0.8159555196762085,-0.08564181625843048,-0.007334310561418533,2.067031145095825,0.044730596244335175,0.022195909172296524,1.2510756254196167,0.13037240505218506
VB9,VB9,other-cell/anatomy,/home/asunkari/ros-worm/openworm_geometry/object_stls/stl/VB9.stl,2368,2368,0,-0.03099280409514904,1.2004514932632446,-0.2642759680747986,-0.005871829576790333,3.835085391998291,0.04471605643630028,0.025120973587036133,2.634634017944336,0.30899202823638916
VA8,VA8,other-cell/anatomy,/home/asunkari/ros-worm/openworm_geometry/object_stls/stl/VA8.stl,3392,3392,0,-0.13383089005947113,-0.4599400758743286,-0.6600534915924072,-0.0053041959181427956,2.0571999549865723,0.04742499440908432,0.1285266876220703,2.5171399116516113,0.7074784636497498
VB8,VB8,other-cell/anatomy,/home/asunkari/ros-worm/openworm_geometry/object_stls/stl/VB8.stl,3264,3264,0,-0.13180500268936157,0.566757321357727,-0.2642759680747986,-0.006063404493033886,3.822375535964966,0.04180487245321274,0.1257416009902954,3.255618095397949,0.3060808479785919
VA7,VA7,other-cell/anatomy,/home/asunkari/ros-worm/openworm_geometry/object_stls/stl/VA7.stl,3520,3520,0,-0.13383089005947113,-1.1010183095932007,-0.6700577735900879,-0.00631717499345541,1.4842309951782227,0.045947104692459106,0.12751372158527374,2.585249423980713,0.7160048484802246
VB7,VB7,other-cell/anatomy,/home/asunkari/ros-worm/openworm_geometry/object_stls/stl/VB7.stl,3264,3264,0,-0.13372118771076202,-0.14162778854370117,-0.5732278823852539,-0.013084664940834045,3.3149337768554688,0.04473109543323517,0.12063652276992798,3.45656156539917,0.6179589629173279
VA6,VA6,other-cell/anatomy,/home/asunkari/ros-worm/openworm_geometry/object_stls/stl/VA6.stl,3392,3392,0,-0.13383090496063232,-1.731132984161377,-0.6700577735900879,-0.004666781052947044,0.9526069164276123,0.0063439905643463135,0.12916412949562073,2.6837399005889893,0.6764017343521118
VC3,VC3,other-cell/anatomy,/home/asunkari/ros-worm/openworm_geometry/object_stls/stl/VC3.stl,7768,7768,0,-0.13383090496063232,-2.385134220123291,-0.6700578927993774,0.030036335811018944,1.2274916172027588,0.11331456899642944,0.16386723518371582,3.61262583732605,0.7833724617958069
VB6,VB6,other-cell/anatomy,/home/asunkari/ros-worm/openworm_geometry/object_stls/stl/VB6.stl,3648,3648,0,-0.13383089005947113,-0.9415600895881653,-0.6700725555419922,-0.006422096863389015,2.527062177658081,0.044731080532073975,0.12740878760814667,3.4686222076416016,0.7148036360740662
VA5,VA5,other-cell/anatomy,/home/asunkari/ros-worm/openworm_geometry/object_stls/stl/VA5.stl,2240,2240,0,-0.030698619782924652,-2.147531509399414,-0.6730448603630066,-0.006166049279272556,0.20109823346138,-0.05399069935083389,0.02453257143497467,2.3486297130584717,0.6190541386604309
VC2,VC2,other-cell/anatomy,/home/asunkari/ros-worm/openworm_geometry/object_stls/stl/VC2.stl,3520,3520,0,-0.13383091986179352,-2.445892810821533,-0.6700855493545532,0.002460152842104435,0.6918166875839233,0.15442511439323425,0.13629107177257538,3.137709617614746,0.8245106935501099
VB5,VB5,other-cell/anatomy,/home/asunkari/ros-worm/openworm_geometry/object_stls/stl/VB5.stl,3776,3776,0,-0.13383089005947113,-1.6723285913467407,-0.670056939125061,-0.00656626932322979,1.9354157447814941,0.044731199741363525,0.1272646188735962,3.6077442169189453,0.7147881388664246
VA4,VA4,other-cell/anatomy,/home/asunkari/ros-worm/openworm_geometry/object_stls/stl/VA4.stl,2368,2368,0,-0.03150800243020058,-2.7303214073181152,-0.6735413074493408,-0.0053566256538033485,-0.5625436902046204,0.28643083572387695,0.026151377707719803,2.1677777767181396,0.9599721431732178
VC1,VC1,other-cell/anatomy,/home/asunkari/ros-worm/openworm_geometry/object_stls/stl/VC1.stl,3776,3776,0,-0.13383089005947113,-2.726789712905884,-0.6700578927993774,0.004379658959805965,0.6918166279792786,0.2726888656616211,0.13821054995059967,3.4186062812805176,0.9427467584609985
VB4,VB4,other-cell/anatomy,/home/asunkari/ros-worm/openworm_geometry/object_stls/stl/VB4.stl,3776,3776,0,-0.14068444073200226,-2.0617761611938477,-0.6553975343704224,-0.013598881661891937,1.2196048498153687,0.0655289888381958,0.12708556652069092,3.281381130218506,0.7209265232086182
VA3,VA3,other-cell/anatomy,/home/asunkari/ros-worm/openworm_geometry/object_stls/stl/VA3.stl,2240,2240,0,-0.027256593108177185,-3.158475637435913,-0.5879934430122375,-0.002225923351943493,-1.20444917678833,0.4300803542137146,0.025030668824911118,1.954026460647583,1.0180737972259521
DB3,DB3,other-cell/anatomy,/home/asunkari/ros-worm/openworm_geometry/object_stls/stl/DB3.stl,6592,6592,0,-0.2522958517074585,-2.0018105506896973,-0.6110325455665588,0.01861387863755226,3.584012508392334,0.5232748985290527,0.27090972661972046,5.585823059082031,1.1343073844909668
VB3,VB3,other-cell/anatomy,/home/asunkari/ros-worm/openworm_geometry/object_stls/stl/VB3.stl,3520,3520,0,-0.13383089005947113,-2.3342700004577637,-0.6700576543807983,-0.007226797752082348,0.6918168067932129,0.0903603732585907,0.1266040951013565,3.0260868072509766,0.7604180574417114
VA2,VA2,other-cell/anatomy,/home/asunkari/ros-worm/openworm_geometry/object_stls/stl/VA2.stl,1856,1856,0,-0.031028658151626587,-3.1632399559020996,-0.2541043162345886,-0.0058360835537314415,-1.8605707883834839,0.4330863356590271,0.02519257366657257,1.3026691675186157,0.6871906518936157
HSNL,HSNL,neuron-or-cell,/home/asunkari/ros-worm/openworm_geometry/object_stls/stl/HSNL.stl,5952,5952,0,-0.09148448705673218,-2.7548863887786865,-0.6662272810935974,0.18658320605754852,0.6344634890556335,0.5334689021110535,0.2780677080154419,3.389349937438965,1.1996961832046509
VC4,VC4,other-cell/anatomy,/home/asunkari/ros-worm/openworm_geometry/object_stls/stl/VC4.stl,3776,3776,0,-0.03608373552560806,0.41529008746147156,-0.2602253556251526,0.01321092527359724,0.5168803334236145,-0.1405305713415146,0.04929466173052788,0.10159024596214294,0.119694784283638
M4,M4,other-cell/anatomy,/home/asunkari/ros-worm/openworm_geometry/object_stls/stl/M4.stl,6720,6720,0,-0.09002603590488434,-2.9029953479766846,0.37433359026908875,0.04982682690024376,-2.550567626953125,0.5847218036651611,0.1398528665304184,0.35242772102355957,0.2103882133960724
M2L,M2L,neuron-or-cell,/home/asunkari/ros-worm/openworm_geometry/object_stls/stl/M2L.stl,2112,2112,0,-0.009967569261789322,-2.980924129486084,0.3639158308506012,0.06218981742858887,-2.5089948177337646,0.6003600358963013,0.07215738296508789,0.47192931175231934,0.23644420504570007
M3L,M3L,neuron-or-cell,/home/asunkari/ros-worm/openworm_geometry/object_stls/stl/M3L.stl,3776,3776,0,-0.014710210263729095,-2.9734911918640137,0.46323448419570923,0.05083443969488144,-2.822206497192383,0.5773515105247498,0.06554464995861053,0.15128469467163086,0.11411702632904053
SMBVR,SMBVR,neuron-or-cell,/home/asunkari/ros-worm/openworm_geometry/object_stls/stl/SMBVR.stl,7360,7360,0,-0.24850818514823914,-2.743372678756714,-0.6361826062202454,-0.028046680614352226,3.971773386001587,0.46097657084465027,0.22046150267124176,6.715146064758301,1.0971591472625732
RMFR,RMFR,neuron-or-cell,/home/asunkari/ros-worm/openworm_geometry/object_stls/stl/RMFR.stl,3520,3520,0,-0.09155330061912537,-2.7548861503601074,0.3351568877696991,0.049629297107458115,-2.643589735031128,0.5334692001342773,0.14118260145187378,0.11129641532897949,0.19831231236457825
RMGR,RMGR,neuron-or-cell,/home/asunkari/ros-worm/openworm_geometry/object_stls/stl/RMGR.stl,2496,2496,0,-0.13403980433940887,-2.7502284049987793,0.14716021716594696,-0.031002461910247803,-2.378310203552246,0.5088953375816345,0.10303734242916107,0.3719182014465332,0.36173510551452637
URADR,URADR,neuron-or-cell,/home/asunkari/ros-worm/openworm_geometry/object_stls/stl/URADR.stl,2880,2880,0,-0.10372290760278702,-3.4098174571990967,0.5065003633499146,-0.02908347174525261,-2.749030828475952,0.6112773418426514,0.07463943958282471,0.6607866287231445,0.10477697849273682
RMER,RMER,neuron-or-cell,/home/asunkari/ros-worm/openworm_geometry/object_stls/stl/RMER.stl,2336,2336,0,-0.09864318370819092,-2.7548861503601074,0.3757022023200989,0.04892904311418533,-2.7297205924987793,0.5334690809249878,0.14757221937179565,0.025165557861328125,0.15776687860488892
RMHR,RMHR,neuron-or-cell,/home/asunkari/ros-worm/openworm_geometry/object_stls/stl/RMHR.stl,3520,3520,0,-0.09182588011026382,-2.7548861503601074,0.3380686342716217,0.058424368500709534,-2.652148962020874,0.5334690809249878,0.15025025606155396,0.1027371883392334,0.1954004466533661
SMBDR,SMBDR,neuron-or-cell,/home/asunkari/ros-worm/openworm_geometry/object_stls/stl/SMBDR.stl,5952,5952,0,-0.08802530914545059,-2.7548866271972656,-0.23752203583717346,0.2377406805753708,3.9168357849121094,0.5334692001342773,0.325765997171402,6.671722412109375,0.7709912061691284
SMDDR,SMDDR,neuron-or-cell,/home/asunkari/ros-worm/openworm_geometry/object_stls/stl/SMDDR.stl,6080,6080,0,-0.09148341417312622,-2.7548861503601074,-0.23752212524414062,0.23790866136550903,3.9168357849121094,0.5334692597389221,0.32939207553863525,6.671721935272217,0.7709913849830627
RMDDR,RMDDR,neuron-or-cell,/home/asunkari/ros-worm/openworm_geometry/object_stls/stl/RMDDR.stl,1984,1984,0,-0.09104123711585999,-2.7548861503601074,0.36552348732948303,0.05015282332897186,-2.6727395057678223,0.5334691405296326,0.14119406044483185,0.08214664459228516,0.16794565320014954
RMDR,RMDR,neuron-or-cell,/home/asunkari/ros-worm/openworm_geometry/object_stls/stl/RMDR.stl,2240,2240,0,-0.09025581181049347,-2.7548859119415283,0.3910159170627594,0.04925382882356644,-2.695516347885132,0.5334690809249878,0.1395096480846405,0.059369564056396484,0.1424531638622284
RMDVR,RMDVR,neuron-or-cell,/home/asunkari/ros-worm/openworm_geometry/object_stls/stl/RMDVR.stl,2240,2240,0,-0.09763165563344955,-2.7548868656158447,0.36284783482551575,0.04930108040571213,-2.696441173553467,0.5334693789482117,0.14693273603916168,0.05844569206237793,0.17062154412269592
SMDVR,SMDVR,neuron-or-cell,/home/asunkari/ros-worm/openworm_geometry/object_stls/stl/SMDVR.stl,6592,6592,0,-0.09571453928947449,-2.7548861503601074,-0.6361826658248901,0.23537001013755798,3.9717752933502197,0.5334694385528564,0.33108454942703247,6.726661682128906,1.1696521043777466
RIMR,RIMR,neuron-or-cell,/home/asunkari/ros-worm/openworm_geometry/object_stls/stl/RIMR.stl,4672,4672,0,-0.09122089296579361,-2.7548859119415283,0.26423075795173645,0.04958021640777588,-2.6027915477752686,0.5334691405296326,0.1408011019229889,0.15209436416625977,0.2692383825778961
RMED,RMED,neuron-or-cell,/home/asunkari/ros-worm/openworm_geometry/object_stls/stl/RMED.stl,3968,3968,0,-0.09148446470499039,-2.768139123916626,0.11619699001312256,0.0493166446685791,-1.67405104637146,0.6065993905067444,0.1408011019229889,1.094088077545166,0.4904024004936218
RMEL,RMEL,neuron-or-cell,/home/asunkari/ros-worm/openworm_geometry/object_stls/stl/RMEL.stl,2336,2336,0,-0.09148447960615158,-2.7548863887786865,0.3757022023200989,0.056087739765644073,-2.7297208309173584,0.5334690809249878,0.14757221937179565,0.025165557861328125,0.15776687860488892
RMEV,RMEV,neuron-or-cell,/home/asunkari/ros-worm/openworm_geometry/object_stls/stl/RMEV.stl,8384,8384,0,-0.13383090496063232,-2.7547903060913086,-0.6700577139854431,0.04931662231683731,3.961076259613037,0.5320911407470703,0.18314751982688904,6.715866565704346,1.2021489143371582
SMDVL,SMDVL,neuron-or-cell,/home/asunkari/ros-worm/openworm_geometry/object_stls/stl/SMDVL.stl,6592,6592,0,-0.2493109405040741,-2.7548861503601074,-0.636182427406311,0.05403192341327667,3.9717745780944824,0.5334692597389221,0.30334287881851196,6.72666072845459,1.169651746749878
RMDVL,RMDVL,neuron-or-cell,/home/asunkari/ros-worm/openworm_geometry/object_stls/stl/RMDVL.stl,2240,2240,0,-0.09148447960615158,-2.7548861503601074,0.3628477156162262,0.055448248982429504,-2.6964404582977295,0.5334692001342773,0.1469327211380005,0.05844569206237793,0.17062148451805115
RMDL,RMDL,neuron-or-cell,/home/asunkari/ros-worm/openworm_geometry/object_stls/stl/RMDL.stl,2240,2240,0,-0.09148450195789337,-2.7548859119415283,0.3910159468650818,0.04802513122558594,-2.695516586303711,0.5334691405296326,0.1395096331834793,0.05936932563781738,0.14245319366455078
RIML,RIML,neuron-or-cell,/home/asunkari/ros-worm/openworm_geometry/object_stls/stl/RIML.stl,4672,4672,0,-0.09148448705673218,-2.7548859119415283,0.26423075795173645,0.049316614866256714,-2.6027917861938477,0.5334691405296326,0.1408011019229889,0.15209412574768066,0.2692383825778961
VD2,VD2,other-cell/anatomy,/home/asunkari/ros-worm/openworm_geometry/object_stls/stl/VD2.stl,3136,3136,0,-0.016831647604703903,-2.4330739974975586,0.007144132629036903,0.20081397891044617,-2.0612611770629883,0.4765833616256714,0.21764563024044037,0.3718128204345703,0.46943923830986023
DA1,DA1,other-cell/anatomy,/home/asunkari/ros-worm/openworm_geometry/object_stls/stl/DA1.stl,3392,3392,0,-0.01976969465613365,-2.932509183883667,-0.006457885727286339,0.20081397891044617,-2.212869882583618,0.6422193050384521,0.22058367729187012,0.7196393013000488,0.6486771702766418
VD1,VD1,other-cell/anatomy,/home/asunkari/ros-worm/openworm_geometry/object_stls/stl/VD1.stl,4160,4160,0,-0.20551517605781555,-2.6461007595062256,0.0224625114351511,0.007732019759714603,-2.2018189430236816,0.5828834176063538,0.21324719488620758,0.44428181648254395,0.5604209303855896
AS1,AS1,other-cell/anatomy,/home/asunkari/ros-worm/openworm_geometry/object_stls/stl/AS1.stl,2752,2752,0,-0.2488553524017334,-2.9196395874023438,0.03570050001144409,0.01528109610080719,-2.1406521797180176,0.6361734867095947,0.2641364336013794,0.7789874076843262,0.6004729866981506
DB1,DB1,other-cell/anatomy,/home/asunkari/ros-worm/openworm_geometry/object_stls/stl/DB1.stl,8128,8128,0,-0.10638145357370377,-3.172799825668335,-0.23775583505630493,0.01842283084988594,3.5694169998168945,0.6485145092010498,0.12480428814888,6.742217063903809,0.8862703442573547
DD1,DD1,other-cell/anatomy,/home/asunkari/ros-worm/openworm_geometry/object_stls/stl/DD1.stl,3776,3776,0,-0.021995628252625465,-2.4377269744873047,-0.18883313238620758,0.19189278781414032,-1.7419251203536987,0.5018779039382935,0.21388842165470123,0.695801854133606,0.6907110214233398
VA1,VA1,other-cell/anatomy,/home/asunkari/ros-worm/openworm_geometry/object_stls/stl/VA1.stl,2496,2496,0,-0.038264062255620956,-3.164703369140625,0.10117509961128235,-0.0031374716199934483,-2.3253912925720215,0.4286281168460846,0.035126589238643646,0.8393120765686035,0.32745301723480225
DB2,DB2,other-cell/anatomy,/home/asunkari/ros-worm/openworm_geometry/object_stls/stl/DB2.stl,6976,6976,0,-0.01830516755580902,-2.460536479949951,-0.5394327640533447,0.18969909846782684,3.5691282749176025,0.5201337933540344,0.20800426602363586,6.029664993286133,1.0595664978027344
VB1,VB1,other-cell/anatomy,/home/asunkari/ros-worm/openworm_geometry/object_stls/stl/VB1.stl,4288,4288,0,-0.046976350247859955,-2.742082118988037,-0.6700579524040222,0.049737632274627686,0.13085882365703583,0.4523985683917999,0.09671398252248764,2.872941017150879,1.1224565505981445
VB2,VB2,other-cell/anatomy,/home/asunkari/ros-worm/openworm_geometry/object_stls/stl/VB2.stl,3904,3904,0,-0.03933100774884224,-3.0143637657165527,-0.6700578331947327,-0.010465661063790321,0.22509664297103882,0.3862302005290985,0.028865346685051918,3.2394604682922363,1.0562880039215088
RMFL,RMFL,neuron-or-cell,/home/asunkari/ros-worm/openworm_geometry/object_stls/stl/RMFL.stl,3520,3520,0,-0.09186595678329468,-2.7548863887786865,0.3351568579673767,0.04931661859154701,-2.643589973449707,0.5334692001342773,0.1411825716495514,0.11129641532897949,0.19831234216690063
SMBDL,SMBDL,neuron-or-cell,/home/asunkari/ros-worm/openworm_geometry/object_stls/stl/SMBDL.stl,5952,5952,0,-0.2472153604030609,-2.7548863887786865,-0.23752209544181824,0.04931661859154701,3.9168355464935303,0.5334692001342773,0.2965319752693176,6.671721935272217,0.770991325378418
SMDDL,SMDDL,neuron-or-cell,/home/asunkari/ros-worm/openworm_geometry/object_stls/stl/SMDDL.stl,6080,6080,0,-0.2472154051065445,-2.7548863887786865,-0.23752205073833466,0.04931661859154701,3.916835308074951,0.5334692597389221,0.2965320348739624,6.671721458435059,0.770991325378418
RMHL,RMHL,neuron-or-cell,/home/asunkari/ros-worm/openworm_geometry/object_stls/stl/RMHL.stl,3520,3520,0,-0.10093363374471664,-2.7548859119415283,0.3380686938762665,0.04931662231683731,-2.652148723602295,0.5334690809249878,0.15025025606155396,0.1027371883392334,0.1954003870487213
RMDDL,RMDDL,neuron-or-cell,/home/asunkari/ros-worm/openworm_geometry/object_stls/stl/RMDDL.stl,1984,1984,0,-0.09187745302915573,-2.7548861503601074,0.36552345752716064,0.04931662231683731,-2.6727395057678223,0.5334691405296326,0.14119407534599304,0.08214664459228516,0.16794568300247192
RMGL,RMGL,neuron-or-cell,/home/asunkari/ros-worm/openworm_geometry/object_stls/stl/RMGL.stl,2496,2496,0,-0.011715762317180634,-2.7502284049987793,0.14716029167175293,0.09132157266139984,-2.378310441970825,0.5088954567909241,0.10303733497858047,0.3719179630279541,0.36173516511917114
URAVL,URAVL,neuron-or-cell,/home/asunkari/ros-worm/openworm_geometry/object_stls/stl/URAVL.stl,2624,2624,0,-0.015327791683375835,-3.423961639404297,0.377860963344574,0.04752664640545845,-2.730011224746704,0.5579618215560913,0.06285443902015686,0.6939504146575928,0.18010085821151733
URADL,URADL,neuron-or-cell,/home/asunkari/ros-worm/openworm_geometry/object_stls/stl/URADL.stl,2880,2880,0,-0.013634671457111835,-3.4098172187805176,0.5065003633499146,0.06100475788116455,-2.749030828475952,0.6112773418426514,0.07463943213224411,0.6607863903045654,0.10477697849273682
SMBVL,SMBVL,neuron-or-cell,/home/asunkari/ros-worm/openworm_geometry/object_stls/stl/SMBVL.stl,7360,7360,0,-0.013770464807748795,-2.743372917175293,-0.6361826062202454,0.2374296933412552,3.971773386001587,0.46097663044929504,0.2512001693248749,6.715146064758301,1.0971592664718628
PVM,PVM,neuron-or-cell,/home/asunkari/ros-worm/openworm_geometry/object_stls/stl/PVM.stl,4672,4672,0,-0.13383089005947113,-1.5512871742248535,-0.6700577735900879,0.2574801743030548,1.9075720310211182,0.24027827382087708,0.39131104946136475,3.4588592052459717,0.9103360176086426
PVDR,PVDR,neuron-or-cell,/home/asunkari/ros-worm/openworm_geometry/object_stls/stl/PVDR.stl,222000,222000,0,-0.28984612226486206,-2.48984432220459,-0.6704738140106201,-0.01323382556438446,3.8737237453460693,0.5337378978729248,0.2766122817993164,6.363568305969238,1.204211711883545
PDER,PDER,neuron-or-cell,/home/asunkari/ros-worm/openworm_geometry/object_stls/stl/PDER.stl,6720,6720,0,-0.2823106348514557,-2.4754300117492676,-0.6700579524040222,-0.012942299246788025,3.766165256500244,0.28897714614868164,0.26936835050582886,6.241595268249512,0.9590350985527039
AVM,AVM,neuron-or-cell,/home/asunkari/ros-worm/openworm_geometry/object_stls/stl/AVM.stl,5312,5312,0,-0.2198072075843811,-3.1713624000549316,-0.6709195971488953,0.0300387442111969,-0.5409471392631531,0.4435884952545166,0.249845951795578,2.630415201187134,1.1145081520080566
ALMR,ALMR,neuron-or-cell,/home/asunkari/ros-worm/openworm_geometry/object_stls/stl/ALMR.stl,4032,4032,0,-0.2563832700252533,-3.0560641288757324,-0.3862372636795044,-0.07594910264015198,-0.38356348872184753,0.5659145712852478,0.18043416738510132,2.6725006103515625,0.9521518349647522
PVR,PVR,neuron-or-cell,/home/asunkari/ros-worm/openworm_geometry/object_stls/stl/PVR.stl,9664,9664,0,-0.13383087515830994,-2.7548866271972656,-0.6700575947761536,0.04931662231683731,4.419902324676514,0.5334693193435669,0.18314749002456665,7.174788951873779,1.2035269737243652
PLMR,PLMR,neuron-or-cell,/home/asunkari/ros-worm/openworm_geometry/object_stls/stl/PLMR.stl,5696,5696,0,-0.28229984641075134,0.490924596786499,-0.25001150369644165,-0.020448092371225357,4.254462242126465,0.28327757120132446,0.2618517577648163,3.763537645339966,0.5332890748977661
PHCR,PHCR,neuron-or-cell,/home/asunkari/ros-worm/openworm_geometry/object_stls/stl/PHCR.stl,3136,3136,0,-0.0730309784412384,3.605661392211914,-0.19006451964378357,-0.007640013471245766,4.418710231781006,0.41932448744773865,0.06539096683263779,0.8130488395690918,0.6093890070915222
PHBR,PHBR,neuron-or-cell,/home/asunkari/ros-worm/openworm_geometry/object_stls/stl/PHBR.stl,2496,2496,0,-0.07132166624069214,3.511103630065918,-0.2287811040878296,-0.008953947573900223,4.232712268829346,0.17418837547302246,0.062367718666791916,0.7216086387634277,0.40296947956085205
PHAR,PHAR,neuron-or-cell,/home/asunkari/ros-worm/openworm_geometry/object_stls/stl/PHAR.stl,2496,2496,0,-0.07201666384935379,3.511103630065918,-0.2287810742855072,-0.009648935869336128,4.232712268829346,0.1741802990436554,0.06236772984266281,0.7216086387634277,0.4029613733291626
PVDL,PVDL,neuron-or-cell,/home/asunkari/ros-worm/openworm_geometry/object_stls/stl/PVDL.stl,222128,222128,0,-0.13383084535598755,-2.4898438453674316,-0.6704736948013306,0.2761906385421753,3.873724937438965,0.5337381362915039,0.41002148389816284,6.3635687828063965,1.2042118310928345
IL2VR,IL2VR,neuron-or-cell,/home/asunkari/ros-worm/openworm_geometry/object_stls/stl/IL2VR.stl,2624,2624,0,-0.09245587140321732,-3.492910861968994,0.380428671836853,-0.03865189850330353,-2.7326197624206543,0.5682153701782227,0.05380397289991379,0.7602910995483398,0.18778669834136963
FLPR,FLPR,neuron-or-cell,/home/asunkari/ros-worm/openworm_geometry/object_stls/stl/FLPR.stl,6080,6080,0,-0.16191352903842926,-3.493927478790283,0.14951561391353607,-0.020397692918777466,-2.246828079223633,0.5915650129318237,0.1415158361196518,1.2470993995666504,0.44204938411712646
BAGR,BAGR,neuron-or-cell,/home/asunkari/ros-worm/openworm_geometry/object_stls/stl/BAGR.stl,3904,3904,0,-0.1239495649933815,-3.4939277172088623,0.38249871134757996,0.048153094947338104,-2.73118257522583,0.5915650129318237,0.1721026599407196,0.7627451419830322,0.20906630158424377
IL2R,IL2R,neuron-or-cell,/home/asunkari/ros-worm/openworm_geometry/object_stls/stl/IL2R.stl,2752,2752,0,-0.12341371178627014,-3.493927478790283,0.4487435817718506,-0.048009004443883896,-2.7428295612335205,0.5915650129318237,0.07540470361709595,0.7510979175567627,0.14282143115997314
AWCR,AWCR,neuron-or-cell,/home/asunkari/ros-worm/openworm_geometry/object_stls/stl/AWCR.stl,4928,4928,0,-0.12298857420682907,-3.4939279556274414,0.26449206471443176,0.043022505939006805,-2.6560559272766113,0.5915651917457581,0.16601108014583588,0.8378720283508301,0.3270731270313263
AWBR,AWBR,neuron-or-cell,/home/asunkari/ros-worm/openworm_geometry/object_stls/stl/AWBR.stl,4544,4544,0,-0.1234157383441925,-3.493927478790283,0.26910486817359924,-0.02319062501192093,-2.649850606918335,0.5915650129318237,0.10022511333227158,0.8440768718719482,0.3224601447582245
AWAR,AWAR,neuron-or-cell,/home/asunkari/ros-worm/openworm_geometry/object_stls/stl/AWAR.stl,4544,4544,0,-0.1234157383441925,-3.4939277172088623,0.26910489797592163,-0.023205101490020752,-2.646756172180176,0.5915648937225342,0.10021063685417175,0.8471715450286865,0.32245999574661255
ASKR,ASKR,neuron-or-cell,/home/asunkari/ros-worm/openworm_geometry/object_stls/stl/ASKR.stl,4544,4544,0,-0.12341181933879852,-3.493927478790283,0.26910483837127686,-0.023204714059829712,-2.6529088020324707,0.5915650129318237,0.10020710527896881,0.8410186767578125,0.3224601745605469
ASIR,ASIR,neuron-or-cell,/home/asunkari/ros-worm/openworm_geometry/object_stls/stl/ASIR.stl,4928,4928,0,-0.1234157532453537,-3.493927240371704,0.26910489797592163,-0.023203816264867783,-2.6270620822906494,0.5915651321411133,0.10021193325519562,0.8668651580810547,0.32246023416519165
ASER,ASER,neuron-or-cell,/home/asunkari/ros-worm/openworm_geometry/object_stls/stl/ASER.stl,5568,5568,0,-0.12314577400684357,-3.493927478790283,0.26910480856895447,0.04903620481491089,-2.6261050701141357,0.5915648341178894,0.17218197882175446,0.8678224086761475,0.32246002554893494
ASHR,ASHR,neuron-or-cell,/home/asunkari/ros-worm/openworm_geometry/object_stls/stl/ASHR.stl,4544,4544,0,-0.1234157532453537,-3.4939277172088623,0.26910480856895447,-0.023204714059829712,-2.645280122756958,0.5915647745132446,0.10021103918552399,0.8486475944519043,0.32245996594429016
ADLR,ADLR,neuron-or-cell,/home/asunkari/ros-worm/openworm_geometry/object_stls/stl/ADLR.stl,4416,4416,0,-0.1234157532453537,-3.493927478790283,0.37512779235839844,-0.023804787546396255,-2.646237373352051,0.5915650725364685,0.09961096942424774,0.8476901054382324,0.21643728017807007
ADFR,ADFR,neuron-or-cell,/home/asunkari/ros-worm/openworm_geometry/object_stls/stl/ADFR.stl,4416,4416,0,-0.12341572344303131,-3.4939277172088623,0.26910489797592163,-0.023204710334539413,-2.652956247329712,0.5915647745132446,0.1002110093832016,0.8409714698791504,0.322459876537323
ADER,ADER,neuron-or-cell,/home/asunkari/ros-worm/openworm_geometry/object_stls/stl/ADER.stl,4160,4160,0,-0.20996053516864777,-2.7976326942443848,0.14951567351818085,-0.022071152925491333,-2.402611017227173,0.4897262156009674,0.18788938224315643,0.3950216770172119,0.34021055698394775
PQR,PQR,neuron-or-cell,/home/asunkari/ros-worm/openworm_geometry/object_stls/stl/PQR.stl,3008,3008,0,-0.016201799735426903,3.6056618690490723,-0.19006451964378357,0.04616592824459076,4.162528991699219,0.13064730167388916,0.06236772984266281,0.5568671226501465,0.32071182131767273
PHCL,PHCL,neuron-or-cell,/home/asunkari/ros-worm/openworm_geometry/object_stls/stl/PHCL.stl,3136,3136,0,-0.016201799735426903,3.605661392211914,-0.19006450474262238,0.04616593196988106,4.418709754943848,0.41932445764541626,0.06236772984266281,0.8130483627319336,0.6093889474868774
PHBL,PHBL,neuron-or-cell,/home/asunkari/ros-worm/openworm_geometry/object_stls/stl/PHBL.stl,2496,2496,0,-0.016201801598072052,3.511103630065918,-0.22878113389015198,0.04616592451930046,4.232712268829346,0.17418837547302246,0.06236772611737251,0.7216086387634277,0.40296950936317444
PHAL,PHAL,neuron-or-cell,/home/asunkari/ros-worm/openworm_geometry/object_stls/stl/PHAL.stl,2496,2496,0,-0.016201797872781754,3.511103630065918,-0.22878116369247437,0.04616592824459076,4.232712745666504,0.174180269241333,0.06236772611737251,0.7216091156005859,0.4029614329338074
PLML,PLML,neuron-or-cell,/home/asunkari/ros-worm/openworm_geometry/object_stls/stl/PLML.stl,5696,5696,0,0.008983181789517403,0.4909236431121826,-0.2500115633010864,0.2708349823951721,4.254461288452148,0.28327763080596924,0.26185178756713867,3.763537645339966,0.5332891941070557
PDEL,PDEL,neuron-or-cell,/home/asunkari/ros-worm/openworm_geometry/object_stls/stl/PDEL.stl,6592,6592,0,-0.13383090496063232,-2.475430488586426,-0.6700578331947327,0.2682977020740509,3.766164779663086,0.2889772355556488,0.4021286070346832,6.241595268249512,0.9590350389480591
ALML,ALML,neuron-or-cell,/home/asunkari/ros-worm/openworm_geometry/object_stls/stl/ALML.stl,4032,4032,0,0.03323085606098175,-3.056063413619995,-0.3862372636795044,0.24173663556575775,-0.3835632801055908,0.5659142732620239,0.208505779504776,2.6725001335144043,0.9521515369415283
IL2VL,IL2VL,neuron-or-cell,/home/asunkari/ros-worm/openworm_geometry/object_stls/stl/IL2VL.stl,2624,2624,0,-0.004066351801156998,-3.492910623550415,0.380428671836853,0.04973762854933739,-2.7326197624206543,0.5682153105735779,0.053803980350494385,0.7602908611297607,0.18778663873672485
CEPDR,CEPDR,neuron-or-cell,/home/asunkari/ros-worm/openworm_geometry/object_stls/stl/CEPDR.stl,4032,4032,0,-0.09260428696870804,-3.4917027950286865,0.45999956130981445,-0.03786751627922058,-2.739398241043091,0.6118015646934509,0.05473677068948746,0.7523045539855957,0.15180200338363647
ASGR,ASGR,neuron-or-cell,/home/asunkari/ros-worm/openworm_geometry/object_stls/stl/ASGR.stl,3904,3904,0,-0.1234157383441925,-3.4939279556274414,0.26910489797592163,-0.023199956864118576,-2.6428022384643555,0.5915651321411133,0.10021577775478363,0.8511257171630859,0.32246023416519165
OLLR,OLLR,neuron-or-cell,/home/asunkari/ros-worm/openworm_geometry/object_stls/stl/OLLR.stl,4672,4672,0,-0.12334635853767395,-3.4939281940460205,0.3751277029514313,-0.023254387080669403,-2.729912519454956,0.5915650725364685,0.10009197145700455,0.7640156745910645,0.21643736958503723
IL2DR,IL2DR,neuron-or-cell,/home/asunkari/ros-worm/openworm_geometry/object_stls/stl/IL2DR.stl,2752,2752,0,-0.12451145052909851,-3.4917032718658447,0.5061949491500854,-0.0242434311658144,-2.748527765274048,0.6118016839027405,0.10026802122592926,0.7431755065917969,0.10560673475265503
AFDR,AFDR,neuron-or-cell,/home/asunkari/ros-worm/openworm_geometry/object_stls/stl/AFDR.stl,4416,4416,0,-0.12341576814651489,-3.4939277172088623,0.26910504698753357,-0.023204907774925232,-2.653378486633301,0.5915650129318237,0.10021086037158966,0.8405492305755615,0.32245996594429016
CEPVR,CEPVR,neuron-or-cell,/home/asunkari/ros-worm/openworm_geometry/object_stls/stl/CEPVR.stl,3648,3648,0,-0.09336673468351364,-3.492910385131836,0.38665738701820374,-0.03865187615156174,-2.7322795391082764,0.5682153105735779,0.054714858531951904,0.7606308460235596,0.18155792355537415
ASJR,ASJR,neuron-or-cell,/home/asunkari/ros-worm/openworm_geometry/object_stls/stl/ASJR.stl,4800,4800,0,-0.12341578304767609,-3.493927240371704,0.2691049873828888,-0.023204993456602097,-2.6160895824432373,0.591564953327179,0.10021078586578369,0.8778376579284668,0.32245996594429016
AQR,AQR,neuron-or-cell,/home/asunkari/ros-worm/openworm_geometry/object_stls/stl/AQR.stl,4672,4672,0,-0.15615756809711456,-2.754923105239868,0.14951565861701965,0.04931662976741791,-2.411686897277832,0.5318471789360046,0.20547419786453247,0.34323620796203613,0.382331520318985
IL2DL,IL2DL,neuron-or-cell,/home/asunkari/ros-worm/openworm_geometry/object_stls/stl/IL2DL.stl,2752,2752,0,-0.01847480796277523,-3.4917030334472656,0.5061948895454407,0.08179324865341187,-2.748527765274048,0.6118016242980957,0.10026805847883224,0.7431752681732178,0.10560673475265503
BAGL,BAGL,neuron-or-cell,/home/asunkari/ros-worm/openworm_geometry/object_stls/stl/BAGL.stl,3904,3904,0,-0.09148448705673218,-3.4939279556274414,0.38249868154525757,0.08061815053224564,-2.731182336807251,0.5915650725364685,0.17210263013839722,0.7627456188201904,0.20906639099121094
CEPVL,CEPVL,neuron-or-cell,/home/asunkari/ros-worm/openworm_geometry/object_stls/stl/CEPVL.stl,3648,3648,0,-0.004066351801156998,-3.492910385131836,0.38665738701820374,0.050648510456085205,-2.7322793006896973,0.5682153701782227,0.0547148622572422,0.7606310844421387,0.18155798316001892
ADEL,ADEL,neuron-or-cell,/home/asunkari/ros-worm/openworm_geometry/object_stls/stl/ADEL.stl,4160,4160,0,-0.02121594548225403,-2.797632932662964,0.14951568841934204,0.19719833135604858,-2.402611017227173,0.4897262752056122,0.2184142768383026,0.395021915435791,0.34021058678627014
FLPL,FLPL,neuron-or-cell,/home/asunkari/ros-worm/openworm_geometry/object_stls/stl/FLPL.stl,6080,6080,0,-0.021215975284576416,-3.4939277172088623,0.14951564371585846,0.1202998012304306,-2.246828079223633,0.5915650725364685,0.14151577651500702,1.2470996379852295,0.44204944372177124
ADLL,ADLL,neuron-or-cell,/home/asunkari/ros-worm/openworm_geometry/object_stls/stl/ADLL.stl,4416,4416,0,-0.01891345903277397,-3.4939277172088623,0.37512779235839844,0.08069750666618347,-2.64623761177063,0.5915651321411133,0.09961096942424774,0.8476901054382324,0.21643733978271484
ASHL,ASHL,neuron-or-cell,/home/asunkari/ros-worm/openworm_geometry/object_stls/stl/ASHL.stl,4544,4544,0,-0.019513532519340515,-3.4939277172088623,0.2691049575805664,0.08069751411676407,-2.645280122756958,0.5915648937225342,0.10021104663610458,0.8486475944519043,0.3224599361419678
AWBL,AWBL,neuron-or-cell,/home/asunkari/ros-worm/openworm_geometry/object_stls/stl/AWBL.stl,4544,4544,0,-0.019527599215507507,-3.4939277172088623,0.26910483837127686,0.08069750666618347,-2.649850845336914,0.5915650129318237,0.10022510588169098,0.8440768718719482,0.3224601745605469
AFDL,AFDL,neuron-or-cell,/home/asunkari/ros-worm/openworm_geometry/object_stls/stl/AFDL.stl,4416,4416,0,-0.0195133239030838,-3.493927478790283,0.2691049873828888,0.08069752156734467,-2.6533782482147217,0.591564953327179,0.10021084547042847,0.8405492305755615,0.32245996594429016
ADFL,ADFL,neuron-or-cell,/home/asunkari/ros-worm/openworm_geometry/object_stls/stl/ADFL.stl,4416,4416,0,-0.019513525068759918,-3.4939277172088623,0.26910483837127686,0.08069750666618347,-2.652956247329712,0.5915647745132446,0.10021103173494339,0.8409714698791504,0.3224599361419678
ASEL,ASEL,neuron-or-cell,/home/asunkari/ros-worm/openworm_geometry/object_stls/stl/ASEL.stl,5568,5568,0,-0.09148447215557098,-3.493927478790283,0.2691049575805664,0.08069750666618347,-2.6261050701141357,0.5915648937225342,0.17218197882175446,0.8678224086761475,0.3224599361419678
AWCL,AWCL,neuron-or-cell,/home/asunkari/ros-worm/openworm_geometry/object_stls/stl/AWCL.stl,4928,4928,0,-0.08531951159238815,-3.4939279556274414,0.2644920349121094,0.08069169521331787,-2.6560559272766113,0.5915651321411133,0.16601121425628662,0.8378720283508301,0.3270730972290039
ASJL,ASJL,neuron-or-cell,/home/asunkari/ros-worm/openworm_geometry/object_stls/stl/ASJL.stl,4800,4800,0,-0.01951325312256813,-3.493927240371704,0.2691049873828888,0.08069751411676407,-2.6160895824432373,0.5915648937225342,0.1002107709646225,0.8778376579284668,0.3224599063396454
CEPDL,CEPDL,neuron-or-cell,/home/asunkari/ros-worm/openworm_geometry/object_stls/stl/CEPDL.stl,4032,4032,0,-0.004850715398788452,-3.4917030334472656,0.459999680519104,0.04988605156540871,-2.73939847946167,0.6118016839027405,0.05473676696419716,0.7523045539855957,0.15180200338363647
ASIL,ASIL,neuron-or-cell,/home/asunkari/ros-worm/openworm_geometry/object_stls/stl/ASIL.stl,4928,4928,0,-0.019514426589012146,-3.493927478790283,0.26910480856895447,0.08069752156734467,-2.6270625591278076,0.5915650129318237,0.10021194815635681,0.8668649196624756,0.32246020436286926
ASKL,ASKL,neuron-or-cell,/home/asunkari/ros-worm/openworm_geometry/object_stls/stl/ASKL.stl,4544,4544,0,-0.019513528794050217,-3.493927478790283,0.26910483837127686,0.08069358021020889,-2.6529085636138916,0.5915650129318237,0.10020710527896881,0.8410189151763916,0.3224601745605469
ASGL,ASGL,neuron-or-cell,/home/asunkari/ros-worm/openworm_geometry/object_stls/stl/ASGL.stl,3904,3904,0,-0.019518274813890457,-3.4939279556274414,0.26910489797592163,0.08069749921560287,-2.6428022384643555,0.5915650725364685,0.10021577775478363,0.8511257171630859,0.3224601745605469
AWAL,AWAL,neuron-or-cell,/home/asunkari/ros-worm/openworm_geometry/object_stls/stl/AWAL.stl,4544,4544,0,-0.019513126462697983,-3.4939277172088623,0.26910489797592163,0.08069750666618347,-2.6467559337615967,0.5915647745132446,0.10021063685417175,0.8471717834472656,0.322459876537323
OLLL,OLLL,neuron-or-cell,/home/asunkari/ros-worm/openworm_geometry/object_stls/stl/OLLL.stl,4672,4672,0,-0.019463855773210526,-3.4939277172088623,0.37512773275375366,0.08062811195850372,-2.729912281036377,0.5915650129318237,0.10009196400642395,0.7640154361724854,0.21643728017807007
IL2L,IL2L,neuron-or-cell,/home/asunkari/ros-worm/openworm_geometry/object_stls/stl/IL2L.stl,2752,2752,0,0.00529078021645546,-3.4939277172088623,0.4487435817718506,0.08069545775651932,-2.7428295612335205,0.5915650129318237,0.07540467381477356,0.7510981559753418,0.14282143115997314
OLQsoVR,OLQsoVR,neuron-or-cell,/home/asunkari/ros-worm/openworm_geometry/object_stls/stl/OLQsoVR.stl,1088,1088,0,-0.09080898761749268,-3.4929099082946777,0.4666956961154938,-0.03865189105272293,-3.0491960048675537,0.5682153701782227,0.052157096564769745,0.443713903427124,0.10151967406272888
ILsoVR,ILsoVR,neuron-or-cell,/home/asunkari/ros-worm/openworm_geometry/object_stls/stl/ILsoVR.stl,960,960,0,-0.07398577034473419,-3.492910146713257,0.4998537600040436,-0.038651879876852036,-3.1760120391845703,0.5682153701782227,0.035333890467882156,0.3168981075286865,0.06836161017417908
XXXR,XXXR,neuron-or-cell,/home/asunkari/ros-worm/openworm_geometry/object_stls/stl/XXXR.stl,1216,1216,0,-0.09415633976459503,-2.9402647018432617,0.44092002511024475,-0.0764518529176712,-2.8304715156555176,0.46365705132484436,0.017704486846923828,0.10979318618774414,0.02273702621459961
OLLsoR,OLLsoR,neuron-or-cell,/home/asunkari/ros-worm/openworm_geometry/object_stls/stl/OLLsoR.stl,1728,1728,0,-0.14078082144260406,-3.4939279556274414,0.5217344164848328,-0.048009030520915985,-2.8682351112365723,0.5915650129318237,0.09277179092168808,0.6256928443908691,0.06983059644699097
ILsoR,ILsoR,neuron-or-cell,/home/asunkari/ros-worm/openworm_geometry/object_stls/stl/ILsoR.stl,1216,1216,0,-0.10677950829267502,-3.4939279556274414,0.5303006768226624,-0.04800906032323837,-3.102546215057373,0.5915651917457581,0.058770447969436646,0.39138174057006836,0.0612645149230957
AMsoR,AMsoR,neuron-or-cell,/home/asunkari/ros-worm/openworm_geometry/object_stls/stl/AMsoR.stl,1216,1216,0,-0.11838376522064209,-3.493927240371704,0.5438361763954163,-0.04668927565217018,-3.134536027908325,0.5928064584732056,0.07169449329376221,0.3593912124633789,0.04897028207778931
PHso1R,PHso1R,neuron-or-cell,/home/asunkari/ros-worm/openworm_geometry/object_stls/stl/PHso1R.stl,1728,1728,0,-0.02523968741297722,4.111462116241455,0.10765789449214935,-0.00895135011523962,4.23298978805542,0.17481361329555511,0.016288336366415024,0.12152767181396484,0.06715571880340576
PHso2R,PHso2R,neuron-or-cell,/home/asunkari/ros-worm/openworm_geometry/object_stls/stl/PHso2R.stl,1472,1472,0,-0.026312798261642456,4.128885269165039,0.11177031695842743,-0.007172418758273125,4.233001232147217,0.17530006170272827,0.01914037950336933,0.10411596298217773,0.06352974474430084
PHso2L,PHso2L,neuron-or-cell,/home/asunkari/ros-worm/openworm_geometry/object_stls/stl/PHso2L.stl,1472,1472,0,-0.005623866803944111,4.128885269165039,0.11177030205726624,0.01351651269942522,4.233002185821533,0.17530004680156708,0.01914037950336933,0.10411691665649414,0.06352974474430084
PHso1L,PHso1L,neuron-or-cell,/home/asunkari/ros-worm/openworm_geometry/object_stls/stl/PHso1L.stl,1728,1728,0,-0.0038557415828108788,4.111462116241455,0.10765790194272995,0.012432597577571869,4.23298978805542,0.1748136430978775,0.016288340091705322,0.12152767181396484,0.06715574115514755
ADEsoL,ADEsoL,neuron-or-cell,/home/asunkari/ros-worm/openworm_geometry/object_stls/stl/ADEsoL.stl,1920,1920,0,0.05230923742055893,-2.6029725074768066,0.3701731264591217,0.19705471396446228,-2.4993815422058105,0.3933383524417877,0.14474546909332275,0.1035909652709961,0.023165225982666016
AMsoL,AMsoL,neuron-or-cell,/home/asunkari/ros-worm/openworm_geometry/object_stls/stl/AMsoL.stl,1216,1216,0,0.003971051424741745,-3.4939277172088623,0.543836236000061,0.07566552609205246,-3.1345365047454834,0.5928065180778503,0.07169447839260101,0.3593912124633789,0.04897028207778931
ILsoDR,ILsoDR,neuron-or-cell,/home/asunkari/ros-worm/openworm_geometry/object_stls/stl/ILsoDR.stl,1088,1088,0,-0.09708556532859802,-3.4917030334472656,0.6042510867118835,-0.037867531180381775,-3.1540825366973877,0.6274263262748718,0.05921803414821625,0.33762049674987793,0.02317523956298828
ADEsoR,ADEsoR,neuron-or-cell,/home/asunkari/ros-worm/openworm_geometry/object_stls/stl/ADEsoR.stl,1920,1920,0,-0.21229523420333862,-2.6029720306396484,0.37017306685447693,-0.09502745419740677,-2.4993813037872314,0.39333829283714294,0.11726778000593185,0.10359072685241699,0.023165225982666016
CEPsoVR,CEPsoVR,neuron-or-cell,/home/asunkari/ros-worm/openworm_geometry/object_stls/stl/CEPsoVR.stl,1472,1472,0,-0.09400517493486404,-3.492910861968994,0.4447802007198334,-0.038651928305625916,-2.8921544551849365,0.5682154297828674,0.05535324662923813,0.6007564067840576,0.12343522906303406
CEPsoDR,CEPsoDR,neuron-or-cell,/home/asunkari/ros-worm/openworm_geometry/object_stls/stl/CEPsoDR.stl,1728,1728,0,-0.10469354689121246,-3.4917030334472656,0.5094196796417236,-0.03826002776622772,-2.860713481903076,0.6110911965370178,0.06643351912498474,0.6309895515441895,0.10167151689529419
OLQsoDR,OLQsoDR,neuron-or-cell,/home/asunkari/ros-worm/openworm_geometry/object_stls/stl/OLQsoDR.stl,1088,1088,0,-0.09643250703811646,-3.491703748703003,0.6019325852394104,-0.03786753490567207,-3.1253528594970703,0.6248326301574707,0.05856497213244438,0.3663508892059326,0.022900044918060303
ILsoVL,ILsoVL,neuron-or-cell,/home/asunkari/ros-worm/openworm_geometry/object_stls/stl/ILsoVL.stl,960,960,0,-0.004066351801156998,-3.492910146713257,0.4998537302017212,0.03126753866672516,-3.176011800765991,0.5682153105735779,0.035333890467882156,0.3168983459472656,0.06836158037185669
OLQsoVL,OLQsoVL,neuron-or-cell,/home/asunkari/ros-worm/openworm_geometry/object_stls/stl/OLQsoVL.stl,1088,1088,0,-0.004066351801156998,-3.4929099082946777,0.4666956663131714,0.04809074103832245,-3.0491960048675537,0.5682153105735779,0.052157092839479446,0.443713903427124,0.1015196442604065
ILsoL,ILsoL,neuron-or-cell,/home/asunkari/ros-worm/openworm_geometry/object_stls/stl/ILsoL.stl,1216,1216,0,0.005290798842906952,-3.4939279556274414,0.5303006172180176,0.06406126171350479,-3.102546215057373,0.5915651321411133,0.05877046287059784,0.39138174057006836,0.0612645149230957
ILsoDL,ILsoDL,neuron-or-cell,/home/asunkari/ros-worm/openworm_geometry/object_stls/stl/ILsoDL.stl,1088,1088,0,-0.004850722849369049,-3.4917032718658447,0.6042512059211731,0.0543673038482666,-3.154082775115967,0.6274264454841614,0.05921802669763565,0.33762049674987793,0.02317523956298828
OLQsoDL,OLQsoDL,neuron-or-cell,/home/asunkari/ros-worm/openworm_geometry/object_stls/stl/OLQsoDL.stl,1088,1088,0,-0.0048507265746593475,-3.491703510284424,0.6019326448440552,0.053714245557785034,-3.1253528594970703,0.6248326897621155,0.05856497213244438,0.3663506507873535,0.022900044918060303
XXXL,XXXL,neuron-or-cell,/home/asunkari/ros-worm/openworm_geometry/object_stls/stl/XXXL.stl,1216,1216,0,0.033733583986759186,-2.9402644634246826,0.4409199357032776,0.05143807828426361,-2.8304712772369385,0.4636569619178772,0.017704494297504425,0.10979318618774414,0.02273702621459961
OLLsoL,OLLsoL,neuron-or-cell,/home/asunkari/ros-worm/openworm_geometry/object_stls/stl/OLLsoL.stl,1728,1728,0,0.005290776491165161,-3.4939279556274414,0.5217344164848328,0.09806255251169205,-2.8682351112365723,0.5915650129318237,0.09277177602052689,0.6256928443908691,0.06983059644699097
CEPsoDL,CEPsoDL,neuron-or-cell,/home/asunkari/ros-worm/openworm_geometry/object_stls/stl/CEPsoDL.stl,1728,1728,0,-0.004458222538232803,-3.4917030334472656,0.5094196200370789,0.06197529658675194,-2.860713481903076,0.611091136932373,0.06643351912498474,0.6309895515441895,0.10167151689529419
CEPsoVL,CEPsoVL,neuron-or-cell,/home/asunkari/ros-worm/openworm_geometry/object_stls/stl/CEPsoVL.stl,1472,1472,0,-0.004066351801156998,-3.492910861968994,0.444780170917511,0.05128689110279083,-2.8921542167663574,0.5682154297828674,0.05535324290394783,0.6007566452026367,0.12343525886535645
OLQshVR,OLQshVR,neuron-or-cell,/home/asunkari/ros-worm/openworm_geometry/object_stls/stl/OLQshVR.stl,1856,1856,0,-0.11475948989391327,-3.4952335357666016,0.45034489035606384,-0.034199491143226624,-2.893115758895874,0.5728048086166382,0.08055999875068665,0.6021177768707275,0.12245991826057434
ILshVR,ILshVR,neuron-or-cell,/home/asunkari/ros-worm/openworm_geometry/object_stls/stl/ILshVR.stl,1216,1216,0,-0.0761708989739418,-3.495352268218994,0.4980674386024475,-0.035911742597818375,-3.1469738483428955,0.5703609585762024,0.04025915637612343,0.34837841987609863,0.07229351997375488
OLLshR,OLLshR,neuron-or-cell,/home/asunkari/ros-worm/openworm_geometry/object_stls/stl/OLLshR.stl,1728,1728,0,-0.13040116429328918,-3.494973659515381,0.5212576985359192,-0.04780322313308716,-2.9192466735839844,0.6000772714614868,0.08259794116020203,0.5757269859313965,0.07881957292556763
ILshR,ILshR,neuron-or-cell,/home/asunkari/ros-worm/openworm_geometry/object_stls/stl/ILshR.stl,1856,1856,0,-0.1281953603029251,-3.4943289756774902,0.5010018944740295,-0.04481375962495804,-2.9184248447418213,0.5950964093208313,0.08338160067796707,0.575904130935669,0.09409451484680176
AMshR,AMshR,neuron-or-cell,/home/asunkari/ros-worm/openworm_geometry/object_stls/stl/AMshR.stl,2880,2880,0,-0.12304828315973282,-3.493699550628662,0.44309619069099426,-0.047857776284217834,-2.3897898197174072,0.5985170602798462,0.07519050687551498,1.1039097309112549,0.15542086958885193
PHshR,PHshR,neuron-or-cell,/home/asunkari/ros-worm/openworm_geometry/object_stls/stl/PHshR.stl,960,960,0,-0.0269206240773201,4.097930908203125,0.13007792830467224,-0.013010403141379356,4.21505880355835,0.165964737534523,0.013910220935940742,0.11712789535522461,0.03588680922985077
PHshL,PHshL,neuron-or-cell,/home/asunkari/ros-worm/openworm_geometry/object_stls/stl/PHshL.stl,960,960,0,0.0003643622621893883,4.097930908203125,0.13007794320583344,0.014274582266807556,4.215059280395508,0.1659647524356842,0.013910220004618168,0.11712837219238281,0.03588680922985077
OLQshDR,OLQshDR,neuron-or-cell,/home/asunkari/ros-worm/openworm_geometry/object_stls/stl/OLQshDR.stl,1728,1728,0,-0.12448008358478546,-3.4917030334472656,0.5242639183998108,-0.03786752372980118,-2.8636362552642822,0.61180180311203,0.08661255985498428,0.6280667781829834,0.08753788471221924
CEPshVR,CEPshVR,neuron-or-cell,/home/asunkari/ros-worm/openworm_geometry/object_stls/stl/CEPshVR.stl,3264,3264,0,-0.11522544920444489,-3.492910861968994,0.3393917381763458,-0.021147295832633972,-2.707446575164795,0.5682152509689331,0.09407815337181091,0.7854642868041992,0.22882351279258728
CEPshDR,CEPshDR,neuron-or-cell,/home/asunkari/ros-worm/openworm_geometry/object_stls/stl/CEPshDR.stl,3264,3264,0,-0.11504565179347992,-3.4917027950286865,0.441535085439682,-0.022366181015968323,-2.721604108810425,0.6118014454841614,0.0926794707775116,0.7700986862182617,0.17026636004447937
ILshDR,ILshDR,neuron-or-cell,/home/asunkari/ros-worm/openworm_geometry/object_stls/stl/ILshDR.stl,1344,1344,0,-0.1340705305337906,-3.4917032718658447,0.5545207262039185,-0.038253139704465866,-2.9033749103546143,0.6113607883453369,0.09581738710403442,0.5883283615112305,0.05684006214141846
ADEshR,ADEshR,neuron-or-cell,/home/asunkari/ros-worm/openworm_geometry/object_stls/stl/ADEshR.stl,3200,3200,0,-0.20969361066818237,-2.503969430923462,0.35046353936195374,-0.09566280245780945,-2.3589768409729004,0.37422022223472595,0.11403080821037292,0.14499258995056152,0.023756682872772217
ADEshL,ADEshL,neuron-or-cell,/home/asunkari/ros-worm/openworm_geometry/object_stls/stl/ADEshL.stl,2176,2176,0,0.052944570779800415,-2.503969669342041,0.35046353936195374,0.19475752115249634,-2.3589770793914795,0.3741368353366852,0.14181295037269592,0.14499258995056152,0.023673295974731445
ILshVL,ILshVL,neuron-or-cell,/home/asunkari/ros-worm/openworm_geometry/object_stls/stl/ILshVL.stl,1216,1216,0,-0.006806503981351852,-3.495352268218994,0.49806737899780273,0.033452652394771576,-3.1469738483428955,0.5703609585762024,0.04025915637612343,0.34837841987609863,0.07229357957839966
ILshDL,ILshDL,neuron-or-cell,/home/asunkari/ros-worm/openworm_geometry/object_stls/stl/ILshDL.stl,1344,1344,0,-0.004465069156140089,-3.4917027950286865,0.554520845413208,0.09135234355926514,-2.903374671936035,0.6113609075546265,0.09581740945577621,0.5883281230926514,0.05684006214141846
OLQshDL,OLQshDL,neuron-or-cell,/home/asunkari/ros-worm/openworm_geometry/object_stls/stl/OLQshDL.stl,1728,1728,0,-0.004850737750530243,-3.4917030334472656,0.5242637991905212,0.08176182955503464,-2.8636362552642822,0.6118016242980957,0.08661256730556488,0.6280667781829834,0.08753782510757446
ILshL,ILshL,neuron-or-cell,/home/asunkari/ros-worm/openworm_geometry/object_stls/stl/ILshL.stl,1856,1856,0,0.0020955055952072144,-3.494328737258911,0.5010020136833191,0.08547709882259369,-2.9184248447418213,0.5950965881347656,0.08338159322738647,0.5759038925170898,0.09409457445144653
OLQshVL,OLQshVL,neuron-or-cell,/home/asunkari/ros-worm/openworm_geometry/object_stls/stl/OLQshVL.stl,1856,1856,0,-0.008518725633621216,-3.4952340126037598,0.45034468173980713,0.07204127311706543,-2.8931162357330322,0.5728045701980591,0.08055999875068665,0.6021177768707275,0.12245988845825195
OLLshL,OLLshL,neuron-or-cell,/home/asunkari/ros-worm/openworm_geometry/object_stls/stl/OLLshL.stl,1728,1728,0,0.005084977950900793,-3.494973659515381,0.521257758140564,0.08768293261528015,-2.9192464351654053,0.6000773310661316,0.08259795606136322,0.5757272243499756,0.07881957292556763
CEPshDL,CEPshDL,neuron-or-cell,/home/asunkari/ros-worm/openworm_geometry/object_stls/stl/CEPshDL.stl,3264,3264,0,-0.020352063700556755,-3.4917023181915283,0.4415351450443268,0.07232740521430969,-2.721604108810425,0.6118015050888062,0.0926794707775116,0.7700982093811035,0.17026636004447937
CEPshVL,CEPshVL,neuron-or-cell,/home/asunkari/ros-worm/openworm_geometry/object_stls/stl/CEPshVL.stl,3264,3264,0,-0.02157094143331051,-3.492910385131836,0.33939164876937866,0.07250721752643585,-2.707446336746216,0.5682151913642883,0.09407816082239151,0.7854640483856201,0.22882354259490967
AMshL,AMshL,neuron-or-cell,/home/asunkari/ros-worm/openworm_geometry/object_stls/stl/AMshL.stl,2880,2880,0,0.005139533430337906,-3.493699550628662,0.4430961608886719,0.08033003658056259,-2.3897900581359863,0.5985170602798462,0.07519049942493439,1.1039094924926758,0.15542089939117432
Cube,Cube,neuron-or-cell,/home/asunkari/ros-worm/openworm_geometry/object_stls/stl/Cube.stl,126,126,0,-1.0135931968688965,-1.8086742162704468,1.6944806575775146,1.0135931968688965,0.2185121774673462,3.7216670513153076,2.027186393737793,2.027186393737793,2.027186393737793
