name,input_path,output_path,status,used_meshfix,error,vertices_before,faces_before,watertight_before,winding_before,euler_before,volume_before,components_before,degenerate_removed,tiny_components_removed,vertices_after,faces_after,watertight_after,winding_after,euler_after,volume_after,components_after
hyp10,/home/asunkari/ros-worm/openworm_geometry/object_stls/stl/hyp10.stl,/home/asunkari/ros-worm/openworm_geometry/object_stls_repaired_meshfix_defective/stl/hyp10.stl,ok,False,,6720,2240,False,True,2240,0.00036270892650490583,2240,0,0,1122,2240,True,True,2,0.00036270892650490583,
hyp9,/home/asunkari/ros-worm/openworm_geometry/object_stls/stl/hyp9.stl,/home/asunkari/ros-worm/openworm_geometry/object_stls_repaired_meshfix_defective/stl/hyp9.stl,ok,False,,6288,2096,False,True,2096,0.0003571264973565023,2096,0,0,1050,2096,True,True,2,0.0003571264973565023,
hyp8,/home/asunkari/ros-worm/openworm_geometry/object_stls/stl/hyp8.stl,/home/asunkari/ros-worm/openworm_geometry/object_stls_repaired_meshfix_defective/stl/hyp8.stl,ok,False,,5424,1808,False,True,1808,0.0011860616095029015,1808,0,0,906,1808,True,True,2,0.0011860616095029015,
hyp11,/home/asunkari/ros-worm/openworm_geometry/object_stls/stl/hyp11.stl,/home/asunkari/ros-worm/openworm_geometry/object_stls_repaired_meshfix_defective/stl/hyp11.stl,ok,True,,8304,2768,False,True,2768,0.001031669170356839,2768,0,0,1249,2494,True,True,2,0.0010267033975029027,
hyp7,/home/asunkari/ros-worm/openworm_geometry/object_stls/stl/hyp7.stl,/home/asunkari/ros-worm/openworm_geometry/object_stls_repaired_meshfix_defective/stl/hyp7.stl,ok,False,,346224,115408,False,True,115408,0.23666954318356734,115408,0,0,57638,115408,True,True,-66,0.23666954318356734,
Seam_Cells_Left,/home/asunkari/ros-worm/openworm_geometry/object_stls/stl/Seam_Cells_Left.stl,/home/asunkari/ros-worm/openworm_geometry/object_stls_repaired_meshfix_defective/stl/Seam_Cells_Left.stl,ok,True,,33216,11072,False,True,11072,-0.007013752486566028,11072,0,0,5538,11072,True,True,2,0.007013752486566026,
hyp5,/home/asunkari/ros-worm/openworm_geometry/object_stls/stl/hyp5.stl,/home/asunkari/ros-worm/openworm_geometry/object_stls_repaired_meshfix_defective/stl/hyp5.stl,ok,False,,32256,10752,False,True,10752,0.0001868276986416342,10752,0,0,5376,10752,True,True,0,0.0001868276986416342,
hyp4,/home/asunkari/ros-worm/openworm_geometry/object_stls/stl/hyp4.stl,/home/asunkari/ros-worm/openworm_geometry/object_stls_repaired_meshfix_defective/stl/hyp4.stl,ok,True,,42240,14080,False,True,14080,-0.0001375101120893821,14080,0,0,7040,14080,True,True,0,0.00013751011208938216,
hyp2,/home/asunkari/ros-worm/openworm_geometry/object_stls/stl/hyp2.stl,/home/asunkari/ros-worm/openworm_geometry/object_stls_repaired_meshfix_defective/stl/hyp2.stl,ok,False,,68352,22784,False,True,22784,9.551110531969909e-05,22784,0,0,11392,22784,True,True,0,9.551110531969909e-05,
hyp1,/home/asunkari/ros-worm/openworm_geometry/object_stls/stl/hyp1.stl,/home/asunkari/ros-worm/openworm_geometry/object_stls_repaired_meshfix_defective/stl/hyp1.stl,ok,False,,61440,20480,False,True,20480,4.907673311608242e-05,20480,0,0,10240,20480,True,True,0,4.907673311608242e-05,
Seam_Cells_Right,/home/asunkari/ros-worm/openworm_geometry/object_stls/stl/Seam_Cells_Right.stl,/home/asunkari/ros-worm/openworm_geometry/object_stls_repaired_meshfix_defective/stl/Seam_Cells_Right.stl,ok,True,,33216,11072,False,True,11072,-0.0054258348246439105,11072,0,0,5538,11072,True,True,2,0.005425834824643909,
hyp3,/home/asunkari/ros-worm/openworm_geometry/object_stls/stl/hyp3.stl,/home/asunkari/ros-worm/openworm_geometry/object_stls_repaired_meshfix_defective/stl/hyp3.stl,ok,False,,36864,12288,False,True,12288,0.00012848492853174384,12288,0,0,6144,12288,True,True,0,0.00012848492853174384,
Cuticle,/home/asunkari/ros-worm/openworm_geometry/object_stls/stl/Cuticle.stl,/home/asunkari/ros-worm/openworm_geometry/object_stls_repaired_meshfix_defective/stl/Cuticle.stl,ok,False,,96288,32096,False,True,32096,0.10902066824752309,32096,0,0,16044,32096,True,True,-4,0.10902066824752309,
Phar_Gland_g1_R,/home/asunkari/ros-worm/openworm_geometry/object_stls/stl/Phar_Gland_g1_R.stl,/home/asunkari/ros-worm/openworm_geometry/object_stls_repaired_meshfix_defective/stl/Phar_Gland_g1_R.stl,ok,False,,6720,2240,False,True,2240,7.786049053152729e-05,2240,0,0,1122,2240,True,True,2,7.786049053152729e-05,
Phar_Gland_g2_VR,/home/asunkari/ros-worm/openworm_geometry/object_stls/stl/Phar_Gland_g2_VR.stl,/home/asunkari/ros-worm/openworm_geometry/object_stls_repaired_meshfix_defective/stl/Phar_Gland_g2_VR.stl,ok,True,,5952,1984,False,True,1984,-6.065684508612426e-05,1984,0,0,994,1984,True,True,2,6.065684508612426e-05,
Phar_Gland_Dorsal_g2,/home/asunkari/ros-worm/openworm_geometry/object_stls/stl/Phar_Gland_Dorsal_g2.stl,/home/asunkari/ros-worm/openworm_geometry/object_stls_repaired_meshfix_defective/stl/Phar_Gland_Dorsal_g2.stl,ok,False,,12480,4160,False,True,4160,0.00029245275261446355,4160,0,0,2082,4160,True,True,2,0.00029245275261446355,
Arcade_Cell_Ant,/home/asunkari/ros-worm/openworm_geometry/object_stls/stl/Arcade_Cell_Ant.stl,/home/asunkari/ros-worm/openworm_geometry/object_stls_repaired_meshfix_defective/stl/Arcade_Cell_Ant.stl,ok,True,,47040,15680,False,True,15680,5.0109251072067167e-05,15680,0,0,7814,15628,True,True,0,5.013396484424765e-05,
Arcade_Cell_Post,/home/asunkari/ros-worm/openworm_geometry/object_stls/stl/Arcade_Cell_Post.stl,/home/asunkari/ros-worm/openworm_geometry/object_stls_repaired_meshfix_defective/stl/Arcade_Cell_Post.stl,ok,True,,41472,13824,False,True,13824,9.075472085362433e-05,13824,0,0,6810,13620,True,True,0,9.07388299346313e-05,
e1VR,/home/asunkari/ros-worm/openworm_geometry/object_stls/stl/e1VR.stl,/home/asunkari/ros-worm/openworm_geometry/object_stls_repaired_meshfix_defective/stl/e1VR.stl,ok,False,,7872,2624,False,True,2624,2.486744206291515e-06,2624,0,0,1314,2624,True,True,2,2.486744206291515e-06,
e3VR,/home/asunkari/ros-worm/openworm_geometry/object_stls/stl/e3VR.stl,/home/asunkari/ros-worm/openworm_geometry/object_stls_repaired_meshfix_defective/stl/e3VR.stl,ok,False,,8208,2736,False,True,2736,3.811104846387805e-06,2736,0,0,1370,2736,True,True,2,3.811104846387805e-06,
e2DR,/home/asunkari/ros-worm/openworm_geometry/object_stls/stl/e2DR.stl,/home/asunkari/ros-worm/openworm_geometry/object_stls_repaired_meshfix_defective/stl/e2DR.stl,ok,False,,13104,4368,False,True,4368,3.6130936860628803e-06,4368,0,0,2186,4368,True,True,2,3.6130936860628803e-06,
e2DL,/home/asunkari/ros-worm/openworm_geometry/object_stls/stl/e2DL.stl,/home/asunkari/ros-worm/openworm_geometry/object_stls_repaired_meshfix_defective/stl/e2DL.stl,ok,False,,12336,4112,False,True,4112,3.840926127852518e-06,4112,0,0,2058,4112,True,True,2,3.840926127852518e-06,
e3D,/home/asunkari/ros-worm/openworm_geometry/object_stls/stl/e3D.stl,/home/asunkari/ros-worm/openworm_geometry/object_stls_repaired_meshfix_defective/stl/e3D.stl,ok,False,,9120,3040,False,True,3040,3.5919168232148342e-06,3040,0,0,1522,3040,True,True,2,3.5919168232148342e-06,
e1D,/home/asunkari/ros-worm/openworm_geometry/object_stls/stl/e1D.stl,/home/asunkari/ros-worm/openworm_geometry/object_stls_repaired_meshfix_defective/stl/e1D.stl,ok,False,,10176,3392,False,True,3392,2.8260223467515762e-06,3392,0,0,1698,3392,True,True,2,2.8260223467515762e-06,
e2V,/home/asunkari/ros-worm/openworm_geometry/object_stls/stl/e2V.stl,/home/asunkari/ros-worm/openworm_geometry/object_stls_repaired_meshfix_defective/stl/e2V.stl,ok,False,,13584,4528,False,True,4528,5.617007957852039e-06,4528,0,0,2266,4528,True,True,2,5.617007957852039e-06,
pm1,/home/asunkari/ros-worm/openworm_geometry/object_stls/stl/pm1.stl,/home/asunkari/ros-worm/openworm_geometry/object_stls_repaired_meshfix_defective/stl/pm1.stl,ok,False,,30144,10048,False,True,10048,5.9484636019293305e-05,10048,0,0,5018,10048,True,True,-6,5.9484636019293305e-05,
pm2VR,/home/asunkari/ros-worm/openworm_geometry/object_stls/stl/pm2VR.stl,/home/asunkari/ros-worm/openworm_geometry/object_stls_repaired_meshfix_defective/stl/pm2VR.stl,ok,False,,14400,4800,False,True,4800,2.7620279125964224e-05,4800,0,0,2402,4800,True,True,2,2.7620279125964224e-05,
pm2VL,/home/asunkari/ros-worm/openworm_geometry/object_stls/stl/pm2VL.stl,/home/asunkari/ros-worm/openworm_geometry/object_stls_repaired_meshfix_defective/stl/pm2VL.stl,ok,False,,13824,4608,False,True,4608,2.5599339735162972e-05,4608,0,0,2306,4608,True,True,2,2.5599339735162972e-05,
pm2D,/home/asunkari/ros-worm/openworm_geometry/object_stls/stl/pm2D.stl,/home/asunkari/ros-worm/openworm_geometry/object_stls_repaired_meshfix_defective/stl/pm2D.stl,ok,False,,13632,4544,False,True,4544,5.387524877100437e-05,4544,0,0,2274,4544,True,True,2,5.387524877100437e-05,
mc3DR,/home/asunkari/ros-worm/openworm_geometry/object_stls/stl/mc3DR.stl,/home/asunkari/ros-worm/openworm_geometry/object_stls_repaired_meshfix_defective/stl/mc3DR.stl,ok,False,,20976,6992,False,True,6992,0.0004254620452275524,6992,0,0,3498,6992,True,True,2,0.0004254620452275524,
mc2V,/home/asunkari/ros-worm/openworm_geometry/object_stls/stl/mc2V.stl,/home/asunkari/ros-worm/openworm_geometry/object_stls_repaired_meshfix_defective/stl/mc2V.stl,ok,False,,19104,6368,False,True,6368,0.00019405793020290808,6368,0,0,3186,6368,True,True,2,0.00019405793020290808,
mc2DR,/home/asunkari/ros-worm/openworm_geometry/object_stls/stl/mc2DR.stl,/home/asunkari/ros-worm/openworm_geometry/object_stls_repaired_meshfix_defective/stl/mc2DR.stl,ok,False,,19008,6336,False,True,6336,0.0001545028988865155,6336,0,0,3170,6336,True,True,2,0.0001545028988865155,
mc1V,/home/asunkari/ros-worm/openworm_geometry/object_stls/stl/mc1V.stl,/home/asunkari/ros-worm/openworm_geometry/object_stls_repaired_meshfix_defective/stl/mc1V.stl,ok,False,,27072,9024,False,True,9024,0.00028028506971956716,9024,0,0,4514,9024,True,True,2,0.00028028506971956716,
mc1DR,/home/asunkari/ros-worm/openworm_geometry/object_stls/stl/mc1DR.stl,/home/asunkari/ros-worm/openworm_geometry/object_stls_repaired_meshfix_defective/stl/mc1DR.stl,ok,False,,27936,9312,False,True,9312,0.0003057805311715146,9312,0,0,4658,9312,True,True,2,0.0003057805311715146,
pm8,/home/asunkari/ros-worm/openworm_geometry/object_stls/stl/pm8.stl,/home/asunkari/ros-worm/openworm_geometry/object_stls_repaired_meshfix_defective/stl/pm8.stl,ok,True,,2688,896,False,True,896,-0.0001369700386875992,896,0,0,448,896,True,True,0,0.0001369700386875992,
mc3V,/home/asunkari/ros-worm/openworm_geometry/object_stls/stl/mc3V.stl,/home/asunkari/ros-worm/openworm_geometry/object_stls_repaired_meshfix_defective/stl/mc3V.stl,ok,False,,18528,6176,False,True,6176,0.00042372871636743993,6176,0,0,3090,6176,True,True,2,0.00042372871636743993,
pm7VL,/home/asunkari/ros-worm/openworm_geometry/object_stls/stl/pm7VL.stl,/home/asunkari/ros-worm/openworm_geometry/object_stls_repaired_meshfix_defective/stl/pm7VL.stl,ok,False,,13872,4624,False,True,4624,0.001116618592065482,4624,0,0,2314,4624,True,True,2,0.001116618592065482,
pm7D,/home/asunkari/ros-worm/openworm_geometry/object_stls/stl/pm7D.stl,/home/asunkari/ros-worm/openworm_geometry/object_stls_repaired_meshfix_defective/stl/pm7D.stl,ok,False,,15552,5184,False,True,5184,0.0009742085792695765,5184,0,0,2594,5184,True,True,2,0.0009742085792695765,
pm6VL,/home/asunkari/ros-worm/openworm_geometry/object_stls/stl/pm6VL.stl,/home/asunkari/ros-worm/openworm_geometry/object_stls_repaired_meshfix_defective/stl/pm6VL.stl,ok,False,,16608,5536,False,True,5536,0.000932866682988171,5536,0,0,2770,5536,True,True,2,0.000932866682988171,
pm6D,/home/asunkari/ros-worm/openworm_geometry/object_stls/stl/pm6D.stl,/home/asunkari/ros-worm/openworm_geometry/object_stls_repaired_meshfix_defective/stl/pm6D.stl,ok,False,,3384,1128,False,True,1128,0.0008342921982089834,1128,0,0,566,1128,True,True,2,0.0008342921982089834,
mc3DL,/home/asunkari/ros-worm/openworm_geometry/object_stls/stl/mc3DL.stl,/home/asunkari/ros-worm/openworm_geometry/object_stls_repaired_meshfix_defective/stl/mc3DL.stl,ok,False,,5244,1748,False,True,1748,0.0004229461159803794,1748,0,0,876,1748,True,True,2,0.0004229461159803794,
pm6VR,/home/asunkari/ros-worm/openworm_geometry/object_stls/stl/pm6VR.stl,/home/asunkari/ros-worm/openworm_geometry/object_stls_repaired_meshfix_defective/stl/pm6VR.stl,ok,False,,15072,5024,False,True,5024,0.0009510284293413625,5024,0,0,2514,5024,True,True,2,0.0009510284293413625,
pm5VL,/home/asunkari/ros-worm/openworm_geometry/object_stls/stl/pm5VL.stl,/home/asunkari/ros-worm/openworm_geometry/object_stls_repaired_meshfix_defective/stl/pm5VL.stl,ok,False,,15024,5008,False,True,5008,0.000906309365758144,5008,0,0,2506,5008,True,True,2,0.000906309365758144,
pm5D,/home/asunkari/ros-worm/openworm_geometry/object_stls/stl/pm5D.stl,/home/asunkari/ros-worm/openworm_geometry/object_stls_repaired_meshfix_defective/stl/pm5D.stl,ok,False,,16128,5376,False,True,5376,0.000756552689957282,5376,0,0,2690,5376,True,True,2,0.000756552689957282,
mc2DL,/home/asunkari/ros-worm/openworm_geometry/object_stls/stl/mc2DL.stl,/home/asunkari/ros-worm/openworm_geometry/object_stls_repaired_meshfix_defective/stl/mc2DL.stl,ok,False,,19008,6336,False,True,6336,0.00015447692675966629,6336,0,0,3170,6336,True,True,2,0.00015447692675966629,
pm5VR,/home/asunkari/ros-worm/openworm_geometry/object_stls/stl/pm5VR.stl,/home/asunkari/ros-worm/openworm_geometry/object_stls_repaired_meshfix_defective/stl/pm5VR.stl,ok,False,,13104,4368,False,True,4368,0.0009159936680006084,4368,0,0,2186,4368,True,True,2,0.0009159936680006084,
pm4VL,/home/asunkari/ros-worm/openworm_geometry/object_stls/stl/pm4VL.stl,/home/asunkari/ros-worm/openworm_geometry/object_stls_repaired_meshfix_defective/stl/pm4VL.stl,ok,False,,10128,3376,False,True,3376,0.0007769742577462975,3376,0,0,1690,3376,True,True,2,0.0007769742577462975,
pm4D,/home/asunkari/ros-worm/openworm_geometry/object_stls/stl/pm4D.stl,/home/asunkari/ros-worm/openworm_geometry/object_stls_repaired_meshfix_defective/stl/pm4D.stl,ok,True,,10056,3352,False,True,3352,0.0006332871029952847,3352,0,0,1611,3218,True,True,2,0.0006342668326452556,
e3VL,/home/asunkari/ros-worm/openworm_geometry/object_stls/stl/e3VL.stl,/home/asunkari/ros-worm/openworm_geometry/object_stls_repaired_meshfix_defective/stl/e3VL.stl,ok,False,,8208,2736,False,True,2736,3.8111027960381963e-06,2736,0,0,1370,2736,True,True,2,3.8111027960381963e-06,
e1VL,/home/asunkari/ros-worm/openworm_geometry/object_stls/stl/e1VL.stl,/home/asunkari/ros-worm/openworm_geometry/object_stls_repaired_meshfix_defective/stl/e1VL.stl,ok,False,,7872,2624,False,True,2624,2.486748502214478e-06,2624,0,0,1314,2624,True,True,2,2.486748502214478e-06,
Phar_Gland_g1_L,/home/asunkari/ros-worm/openworm_geometry/object_stls/stl/Phar_Gland_g1_L.stl,/home/asunkari/ros-worm/openworm_geometry/object_stls_repaired_meshfix_defective/stl/Phar_Gland_g1_L.stl,ok,False,,30528,10176,False,True,10176,8.607786014110275e-05,10176,0,0,5090,10176,True,True,2,8.607786014110275e-05,
Phar_Gland_g2_VL,/home/asunkari/ros-worm/openworm_geometry/object_stls/stl/Phar_Gland_g2_VL.stl,/home/asunkari/ros-worm/openworm_geometry/object_stls_repaired_meshfix_defective/stl/Phar_Gland_g2_VL.stl,ok,True,,5952,1984,False,True,1984,-6.0654491511717285e-05,1984,0,0,994,1984,True,True,2,6.0654491511717285e-05,
pm4VR,/home/asunkari/ros-worm/openworm_geometry/object_stls/stl/pm4VR.stl,/home/asunkari/ros-worm/openworm_geometry/object_stls_repaired_meshfix_defective/stl/pm4VR.stl,ok,False,,10176,3392,False,True,3392,0.0007711985177288619,3392,0,0,1698,3392,True,True,2,0.0007711985177288619,
pm3VL,/home/asunkari/ros-worm/openworm_geometry/object_stls/stl/pm3VL.stl,/home/asunkari/ros-worm/openworm_geometry/object_stls_repaired_meshfix_defective/stl/pm3VL.stl,ok,False,,19728,6576,False,True,6576,0.0007614812983122062,6576,0,0,3290,6576,True,True,2,0.0007614812983122062,
pm3D,/home/asunkari/ros-worm/openworm_geometry/object_stls/stl/pm3D.stl,/home/asunkari/ros-worm/openworm_geometry/object_stls_repaired_meshfix_defective/stl/pm3D.stl,ok,False,,15696,5232,False,True,5232,0.000674235030873651,5232,0,0,2618,5232,True,True,2,0.000674235030873651,
mc1DL,/home/asunkari/ros-worm/openworm_geometry/object_stls/stl/mc1DL.stl,/home/asunkari/ros-worm/openworm_geometry/object_stls_repaired_meshfix_defective/stl/mc1DL.stl,ok,False,,27936,9312,False,True,9312,0.00030337745318099617,9312,0,0,4658,9312,True,True,2,0.00030337745318099617,
pm3VR,/home/asunkari/ros-worm/openworm_geometry/object_stls/stl/pm3VR.stl,/home/asunkari/ros-worm/openworm_geometry/object_stls_repaired_meshfix_defective/stl/pm3VR.stl,ok,False,,18960,6320,False,True,6320,0.0008208415219042806,6320,0,0,3162,6320,True,True,2,0.0008208415219042806,
pm7VR,/home/asunkari/ros-worm/openworm_geometry/object_stls/stl/pm7VR.stl,/home/asunkari/ros-worm/openworm_geometry/object_stls_repaired_meshfix_defective/stl/pm7VR.stl,ok,False,,14304,4768,False,True,4768,0.001112915815894218,4768,0,0,2386,4768,True,True,2,0.001112915815894218,
mu_bod_VL22,/home/asunkari/ros-worm/openworm_geometry/object_stls/stl/mu_bod_VL22.stl,/home/asunkari/ros-worm/openworm_geometry/object_stls_repaired_meshfix_defective/stl/mu_bod_VL22.stl,ok,False,,34656,11552,False,True,11552,0.0022663927625498135,11552,0,0,5778,11552,True,True,2,0.0022663927625498135,
mu_bod_VL20,/home/asunkari/ros-worm/openworm_geometry/object_stls/stl/mu_bod_VL20.stl,/home/asunkari/ros-worm/openworm_geometry/object_stls_repaired_meshfix_defective/stl/mu_bod_VL20.stl,ok,False,,34944,11648,False,True,11648,0.00282519344976988,11648,0,0,5826,11648,True,True,2,0.00282519344976988,
mu_bod_VL18,/home/asunkari/ros-worm/openworm_geometry/object_stls/stl/mu_bod_VL18.stl,/home/asunkari/ros-worm/openworm_geometry/object_stls_repaired_meshfix_defective/stl/mu_bod_VL18.stl,ok,False,,28800,9600,False,True,9600,0.002293864927127175,9600,0,0,4802,9600,True,True,2,0.002293864927127175,
mu_bod_VL16,/home/asunkari/ros-worm/openworm_geometry/object_stls/stl/mu_bod_VL16.stl,/home/asunkari/ros-worm/openworm_geometry/object_stls_repaired_meshfix_defective/stl/mu_bod_VL16.stl,ok,False,,18576,6192,False,True,6192,0.001511482007714599,6192,0,0,3098,6192,True,True,2,0.001511482007714599,
mu_bod_VL14,/home/asunkari/ros-worm/openworm_geometry/object_stls/stl/mu_bod_VL14.stl,/home/asunkari/ros-worm/openworm_geometry/object_stls_repaired_meshfix_defective/stl/mu_bod_VL14.stl,ok,False,,26736,8912,False,True,8912,0.00208588022497197,8912,0,0,4458,8912,True,True,2,0.00208588022497197,
mu_bod_VL12,/home/asunkari/ros-worm/openworm_geometry/object_stls/stl/mu_bod_VL12.stl,/home/asunkari/ros-worm/openworm_geometry/object_stls_repaired_meshfix_defective/stl/mu_bod_VL12.stl,ok,False,,27120,9040,False,True,9040,0.0019591908096814794,9040,0,0,4522,9040,True,True,2,0.0019591908096814794,
mu_bod_VL10,/home/asunkari/ros-worm/openworm_geometry/object_stls/stl/mu_bod_VL10.stl,/home/asunkari/ros-worm/openworm_geometry/object_stls_repaired_meshfix_defective/stl/mu_bod_VL10.stl,ok,False,,22464,7488,False,True,7488,0.0017007221863152508,7488,0,0,3746,7488,True,True,2,0.0017007221863152508,
mu_bod_VL8,/home/asunkari/ros-worm/openworm_geometry/object_stls/stl/mu_bod_VL8.stl,/home/asunkari/ros-worm/openworm_geometry/object_stls_repaired_meshfix_defective/stl/mu_bod_VL8.stl,ok,False,,11616,3872,False,True,3872,0.0013865990896257847,3872,0,0,1938,3872,True,True,2,0.0013865990896257847,
mu_bod_VL6,/home/asunkari/ros-worm/openworm_geometry/object_stls/stl/mu_bod_VL6.stl,/home/asunkari/ros-worm/openworm_geometry/object_stls_repaired_meshfix_defective/stl/mu_bod_VL6.stl,ok,False,,7824,2608,False,True,2608,0.0006690233127389002,2608,0,0,1306,2608,True,True,2,0.0006690233127389002,
mu_bod_VL4,/home/asunkari/ros-worm/openworm_geometry/object_stls/stl/mu_bod_VL4.stl,/home/asunkari/ros-worm/openworm_geometry/object_stls_repaired_meshfix_defective/stl/mu_bod_VL4.stl,ok,False,,5376,1792,False,True,1792,0.00036399747165282147,1792,0,0,898,1792,True,True,2,0.00036399747165282147,
mu_bod_VL2,/home/asunkari/ros-worm/openworm_geometry/object_stls/stl/mu_bod_VL2.stl,/home/asunkari/ros-worm/openworm_geometry/object_stls_repaired_meshfix_defective/stl/mu_bod_VL2.stl,ok,False,,11232,3744,False,True,3744,0.00038907635999165343,3744,0,0,1874,3744,True,True,2,0.00038907635999165343,
mu_bod_VL21,/home/asunkari/ros-worm/openworm_geometry/object_stls/stl/mu_bod_VL21.stl,/home/asunkari/ros-worm/openworm_geometry/object_stls_repaired_meshfix_defective/stl/mu_bod_VL21.stl,ok,False,,10848,3616,False,True,3616,0.0017442077930105958,3616,0,0,1810,3616,True,True,2,0.0017442077930105958,
mu_bod_VL19,/home/asunkari/ros-worm/openworm_geometry/object_stls/stl/mu_bod_VL19.stl,/home/asunkari/ros-worm/openworm_geometry/object_stls_repaired_meshfix_defective/stl/mu_bod_VL19.stl,ok,True,,7968,2656,False,True,2656,0.0013177183072384726,2656,0,0,1327,2650,True,True,2,0.0013177139819161108,
mu_bod_VL17,/home/asunkari/ros-worm/openworm_geometry/object_stls/stl/mu_bod_VL17.stl,/home/asunkari/ros-worm/openworm_geometry/object_stls_repaired_meshfix_defective/stl/mu_bod_VL17.stl,ok,True,,13728,4576,False,True,4576,0.0024018047790107405,4576,0,0,2287,4570,True,True,2,0.002401802484282199,
mu_bod_VL15,/home/asunkari/ros-worm/openworm_geometry/object_stls/stl/mu_bod_VL15.stl,/home/asunkari/ros-worm/openworm_geometry/object_stls_repaired_meshfix_defective/stl/mu_bod_VL15.stl,ok,False,,14880,4960,False,True,4960,0.002567791884765186,4960,0,0,2482,4960,True,True,2,0.002567791884765186,
mu_bod_VL13,/home/asunkari/ros-worm/openworm_geometry/object_stls/stl/mu_bod_VL13.stl,/home/asunkari/ros-worm/openworm_geometry/object_stls_repaired_meshfix_defective/stl/mu_bod_VL13.stl,ok,False,,11040,3680,False,True,3680,0.0020380925455421943,3680,0,0,1842,3680,True,True,2,0.0020380925455421943,
mu_bod_VL11,/home/asunkari/ros-worm/openworm_geometry/object_stls/stl/mu_bod_VL11.stl,/home/asunkari/ros-worm/openworm_geometry/object_stls_repaired_meshfix_defective/stl/mu_bod_VL11.stl,ok,True,,12576,4192,False,True,4192,-0.002118520867489744,4192,0,0,2098,4192,True,True,2,0.0021185208674897467,
mu_bod_VL9,/home/asunkari/ros-worm/openworm_geometry/object_stls/stl/mu_bod_VL9.stl,/home/asunkari/ros-worm/openworm_geometry/object_stls_repaired_meshfix_defective/stl/mu_bod_VL9.stl,ok,True,,12432,4144,False,True,4144,0.0020647194871549327,4144,0,0,2071,4138,True,True,2,0.0020647178435448596,
mu_bod_VL7,/home/asunkari/ros-worm/openworm_geometry/object_stls/stl/mu_bod_VL7.stl,/home/asunkari/ros-worm/openworm_geometry/object_stls_repaired_meshfix_defective/stl/mu_bod_VL7.stl,ok,True,,8400,2800,False,True,2800,0.001518914621851623,2800,0,0,1399,2794,True,True,2,0.001518912189632898,
mu_bod_VL5,/home/asunkari/ros-worm/openworm_geometry/object_stls/stl/mu_bod_VL5.stl,/home/asunkari/ros-worm/openworm_geometry/object_stls_repaired_meshfix_defective/stl/mu_bod_VL5.stl,ok,True,,8400,2800,False,True,2800,0.0012765829250380126,2800,0,0,1399,2794,True,True,2,0.0012765814893068758,
mu_bod_VL3,/home/asunkari/ros-worm/openworm_geometry/object_stls/stl/mu_bod_VL3.stl,/home/asunkari/ros-worm/openworm_geometry/object_stls_repaired_meshfix_defective/stl/mu_bod_VL3.stl,ok,True,,7200,2400,False,True,2400,0.0008475667452702505,2400,0,0,1199,2394,True,True,2,0.0008475647621839912,
mu_bod_VL1,/home/asunkari/ros-worm/openworm_geometry/object_stls/stl/mu_bod_VL1.stl,/home/asunkari/ros-worm/openworm_geometry/object_stls_repaired_meshfix_defective/stl/mu_bod_VL1.stl,ok,True,,9792,3264,False,True,3264,0.000354398862924681,3264,0,0,1634,3264,True,True,2,0.000354392010526574,
mu_bod_VR22,/home/asunkari/ros-worm/openworm_geometry/object_stls/stl/mu_bod_VR22.stl,/home/asunkari/ros-worm/openworm_geometry/object_stls_repaired_meshfix_defective/stl/mu_bod_VR22.stl,ok,False,,33216,11072,False,True,11072,0.0021239330035522316,11072,0,0,5538,11072,True,True,2,0.0021239330035522316,
mu_bod_VR20,/home/asunkari/ros-worm/openworm_geometry/object_stls/stl/mu_bod_VR20.stl,/home/asunkari/ros-worm/openworm_geometry/object_stls_repaired_meshfix_defective/stl/mu_bod_VR20.stl,ok,False,,36480,12160,False,True,12160,0.003180298527418626,12160,0,0,6082,12160,True,True,2,0.003180298527418626,
mu_bod_VR18,/home/asunkari/ros-worm/openworm_geometry/object_stls/stl/mu_bod_VR18.stl,/home/asunkari/ros-worm/openworm_geometry/object_stls_repaired_meshfix_defective/stl/mu_bod_VR18.stl,ok,True,,28848,9616,False,True,9616,0.00262263610432043,9616,0,0,4807,9610,True,True,2,0.0026226327586533677,
mu_bod_VR16,/home/asunkari/ros-worm/openworm_geometry/object_stls/stl/mu_bod_VR16.stl,/home/asunkari/ros-worm/openworm_geometry/object_stls_repaired_meshfix_defective/stl/mu_bod_VR16.stl,ok,False,,18672,6224,False,True,6224,0.0015972646337409785,6224,0,0,3114,6224,True,True,2,0.0015972646337409785,
mu_bod_VR14,/home/asunkari/ros-worm/openworm_geometry/object_stls/stl/mu_bod_VR14.stl,/home/asunkari/ros-worm/openworm_geometry/object_stls_repaired_meshfix_defective/stl/mu_bod_VR14.stl,ok,False,,26736,8912,False,True,8912,0.00220917836060839,8912,0,0,4458,8912,True,True,2,0.00220917836060839,
mu_bod_VR12,/home/asunkari/ros-worm/openworm_geometry/object_stls/stl/mu_bod_VR12.stl,/home/asunkari/ros-worm/openworm_geometry/object_stls_repaired_meshfix_defective/stl/mu_bod_VR12.stl,ok,False,,27984,9328,False,True,9328,0.0021023381225740937,9328,0,0,4666,9328,True,True,2,0.0021023381225740937,
mu_bod_VR10,/home/asunkari/ros-worm/openworm_geometry/object_stls/stl/mu_bod_VR10.stl,/home/asunkari/ros-worm/openworm_geometry/object_stls_repaired_meshfix_defective/stl/mu_bod_VR10.stl,ok,False,,21312,7104,False,True,7104,0.0018362020091534552,7104,0,0,3554,7104,True,True,2,0.0018362020091534552,
mu_bod_VR8,/home/asunkari/ros-worm/openworm_geometry/object_stls/stl/mu_bod_VR8.stl,/home/asunkari/ros-worm/openworm_geometry/object_stls_repaired_meshfix_defective/stl/mu_bod_VR8.stl,ok,False,,11616,3872,False,True,3872,0.001561736391311984,3872,0,0,1938,3872,True,True,2,0.001561736391311984,
mu_bod_VR6,/home/asunkari/ros-worm/openworm_geometry/object_stls/stl/mu_bod_VR6.stl,/home/asunkari/ros-worm/openworm_geometry/object_stls_repaired_meshfix_defective/stl/mu_bod_VR6.stl,ok,False,,6192,2064,False,True,2064,0.0005537278449830027,2064,0,0,1034,2064,True,True,2,0.0005537278449830027,
mu_bod_VR4,/home/asunkari/ros-worm/openworm_geometry/object_stls/stl/mu_bod_VR4.stl,/home/asunkari/ros-worm/openworm_geometry/object_stls_repaired_meshfix_defective/stl/mu_bod_VR4.stl,ok,False,,6000,2000,False,True,2000,0.0004641493577109202,2000,0,0,1002,2000,True,True,2,0.0004641493577109202,
mu_bod_VR2,/home/asunkari/ros-worm/openworm_geometry/object_stls/stl/mu_bod_VR2.stl,/home/asunkari/ros-worm/openworm_geometry/object_stls_repaired_meshfix_defective/stl/mu_bod_VR2.stl,ok,False,,12384,4128,False,True,4128,0.0005464651930397073,4128,0,0,2066,4128,True,True,2,0.0005464651930397073,
mu_bod_VR21,/home/asunkari/ros-worm/openworm_geometry/object_stls/stl/mu_bod_VR21.stl,/home/asunkari/ros-worm/openworm_geometry/object_stls_repaired_meshfix_defective/stl/mu_bod_VR21.stl,ok,False,,12528,4176,False,True,4176,0.002286802146068945,4176,0,0,2090,4176,True,True,2,0.002286802146068945,
mu_bod_VR19,/home/asunkari/ros-worm/openworm_geometry/object_stls/stl/mu_bod_VR19.stl,/home/asunkari/ros-worm/openworm_geometry/object_stls_repaired_meshfix_defective/stl/mu_bod_VR19.stl,ok,False,,8016,2672,False,True,2672,0.001477853677963584,2672,0,0,1338,2672,True,True,2,0.001477853677963584,
mu_bod_VR17,/home/asunkari/ros-worm/openworm_geometry/object_stls/stl/mu_bod_VR17.stl,/home/asunkari/ros-worm/openworm_geometry/object_stls_repaired_meshfix_defective/stl/mu_bod_VR17.stl,ok,False,,12480,4160,False,True,4160,0.002397560229994246,4160,0,0,2082,4160,True,True,2,0.002397560229994246,
mu_bod_VR15,/home/asunkari/ros-worm/openworm_geometry/object_stls/stl/mu_bod_VR15.stl,/home/asunkari/ros-worm/openworm_geometry/object_stls_repaired_meshfix_defective/stl/mu_bod_VR15.stl,ok,False,,14880,4960,False,True,4960,0.002920134059621988,4960,0,0,2482,4960,True,True,2,0.002920134059621988,
mu_bod_VR13,/home/asunkari/ros-worm/openworm_geometry/object_stls/stl/mu_bod_VR13.stl,/home/asunkari/ros-worm/openworm_geometry/object_stls_repaired_meshfix_defective/stl/mu_bod_VR13.stl,ok,False,,12624,4208,False,True,4208,0.0026300927133912056,4208,0,0,2106,4208,True,True,2,0.0026300927133912056,
mu_bod_VR11,/home/asunkari/ros-worm/openworm_geometry/object_stls/stl/mu_bod_VR11.stl,/home/asunkari/ros-worm/openworm_geometry/object_stls_repaired_meshfix_defective/stl/mu_bod_VR11.stl,ok,False,,10944,3648,False,True,3648,0.002066435546889072,3648,0,0,1826,3648,True,True,2,0.002066435546889072,
mu_bod_VR9,/home/asunkari/ros-worm/openworm_geometry/object_stls/stl/mu_bod_VR9.stl,/home/asunkari/ros-worm/openworm_geometry/object_stls_repaired_meshfix_defective/stl/mu_bod_VR9.stl,ok,False,,26256,8752,False,True,8752,0.002384819792354071,8752,0,0,4378,8752,True,True,2,0.002384819792354071,
mu_bod_VR7,/home/asunkari/ros-worm/openworm_geometry/object_stls/stl/mu_bod_VR7.stl,/home/asunkari/ros-worm/openworm_geometry/object_stls_repaired_meshfix_defective/stl/mu_bod_VR7.stl,ok,False,,8400,2800,False,True,2800,0.00170064020161959,2800,0,0,1402,2800,True,True,2,0.00170064020161959,
mu_bod_VR5,/home/asunkari/ros-worm/openworm_geometry/object_stls/stl/mu_bod_VR5.stl,/home/asunkari/ros-worm/openworm_geometry/object_stls_repaired_meshfix_defective/stl/mu_bod_VR5.stl,ok,False,,9696,3232,False,True,3232,0.0016712674333062873,3232,0,0,1618,3232,True,True,2,0.0016712674333062873,
mu_bod_VR3,/home/asunkari/ros-worm/openworm_geometry/object_stls/stl/mu_bod_VR3.stl,/home/asunkari/ros-worm/openworm_geometry/object_stls_repaired_meshfix_defective/stl/mu_bod_VR3.stl,ok,False,,5904,1968,False,True,1968,0.0007104061185783658,1968,0,0,986,1968,True,True,2,0.0007104061185783658,
mu_bod_VR1,/home/asunkari/ros-worm/openworm_geometry/object_stls/stl/mu_bod_VR1.stl,/home/asunkari/ros-worm/openworm_geometry/object_stls_repaired_meshfix_defective/stl/mu_bod_VR1.stl,ok,False,,9792,3264,False,True,3264,0.00038811651698433927,3264,0,0,1634,3264,True,True,2,0.00038811651698433927,
mu_bod_DR23,/home/asunkari/ros-worm/openworm_geometry/object_stls/stl/mu_bod_DR23.stl,/home/asunkari/ros-worm/openworm_geometry/object_stls_repaired_meshfix_defective/stl/mu_bod_DR23.stl,ok,False,,20784,6928,False,True,6928,0.002898825965735317,6928,0,0,3466,6928,True,True,2,0.002898825965735317,
mu_bod_DR22,/home/asunkari/ros-worm/openworm_geometry/object_stls/stl/mu_bod_DR22.stl,/home/asunkari/ros-worm/openworm_geometry/object_stls_repaired_meshfix_defective/stl/mu_bod_DR22.stl,ok,True,,17760,5920,False,True,5920,-0.001992139635589717,5920,0,0,2962,5920,True,True,2,0.001992139635589718,
mu_bod_DR20,/home/asunkari/ros-worm/openworm_geometry/object_stls/stl/mu_bod_DR20.stl,/home/asunkari/ros-worm/openworm_geometry/object_stls_repaired_meshfix_defective/stl/mu_bod_DR20.stl,ok,False,,24240,8080,False,True,8080,0.0029173117710596234,8080,0,0,4042,8080,True,True,2,0.0029173117710596234,
mu_bod_DR18,/home/asunkari/ros-worm/openworm_geometry/object_stls/stl/mu_bod_DR18.stl,/home/asunkari/ros-worm/openworm_geometry/object_stls_repaired_meshfix_defective/stl/mu_bod_DR18.stl,ok,False,,15984,5328,False,True,5328,0.0022068410262563527,5328,0,0,2666,5328,True,True,2,0.0022068410262563527,
mu_bod_DR16,/home/asunkari/ros-worm/openworm_geometry/object_stls/stl/mu_bod_DR16.stl,/home/asunkari/ros-worm/openworm_geometry/object_stls_repaired_meshfix_defective/stl/mu_bod_DR16.stl,ok,False,,14448,4816,False,True,4816,0.002169267081102153,4816,0,0,2410,4816,True,True,2,0.002169267081102153,
mu_bod_DR14,/home/asunkari/ros-worm/openworm_geometry/object_stls/stl/mu_bod_DR14.stl,/home/asunkari/ros-worm/openworm_geometry/object_stls_repaired_meshfix_defective/stl/mu_bod_DR14.stl,ok,True,,14448,4816,False,True,4816,-0.002050367761543871,4816,0,0,2410,4816,True,True,2,0.002050367761543871,
mu_bod_DR12,/home/asunkari/ros-worm/openworm_geometry/object_stls/stl/mu_bod_DR12.stl,/home/asunkari/ros-worm/openworm_geometry/object_stls_repaired_meshfix_defective/stl/mu_bod_DR12.stl,ok,True,,16224,5408,False,True,5408,-0.002135507163219219,5408,0,0,2706,5408,True,True,2,0.002135507163219219,
mu_bod_DR10,/home/asunkari/ros-worm/openworm_geometry/object_stls/stl/mu_bod_DR10.stl,/home/asunkari/ros-worm/openworm_geometry/object_stls_repaired_meshfix_defective/stl/mu_bod_DR10.stl,ok,False,,12624,4208,False,True,4208,0.0015247060329478285,4208,0,0,2106,4208,True,True,2,0.0015247060329478285,
mu_bod_DR8,/home/asunkari/ros-worm/openworm_geometry/object_stls/stl/mu_bod_DR8.stl,/home/asunkari/ros-worm/openworm_geometry/object_stls_repaired_meshfix_defective/stl/mu_bod_DR8.stl,ok,True,,12864,4288,False,True,4288,-0.0014182462649357224,4288,0,0,2146,4288,True,True,2,0.0014182462649357224,
mu_bod_DR6,/home/asunkari/ros-worm/openworm_geometry/object_stls/stl/mu_bod_DR6.stl,/home/asunkari/ros-worm/openworm_geometry/object_stls_repaired_meshfix_defective/stl/mu_bod_DR6.stl,ok,True,,5856,1952,False,True,1952,-0.00045979929959830075,1952,0,0,978,1952,True,True,2,0.00045979929959830086,
mu_bod_DR4,/home/asunkari/ros-worm/openworm_geometry/object_stls/stl/mu_bod_DR4.stl,/home/asunkari/ros-worm/openworm_geometry/object_stls_repaired_meshfix_defective/stl/mu_bod_DR4.stl,ok,True,,6720,2240,False,True,2240,-0.0005122656046154757,2240,0,0,1122,2240,True,True,2,0.0005122656046154757,
mu_bod_DR2,/home/asunkari/ros-worm/openworm_geometry/object_stls/stl/mu_bod_DR2.stl,/home/asunkari/ros-worm/openworm_geometry/object_stls_repaired_meshfix_defective/stl/mu_bod_DR2.stl,ok,True,,8352,2784,False,True,2784,0.0003145985978263202,2784,0,0,1345,2686,True,True,2,0.0003127757122917817,
mu_bod_DR3,/home/asunkari/ros-worm/openworm_geometry/object_stls/stl/mu_bod_DR3.stl,/home/asunkari/ros-worm/openworm_geometry/object_stls_repaired_meshfix_defective/stl/mu_bod_DR3.stl,ok,True,,6096,2032,False,True,2032,-0.0007115785755334413,2032,0,0,1018,2032,True,True,2,0.0007115785755334414,
mu_bod_DR5,/home/asunkari/ros-worm/openworm_geometry/object_stls/stl/mu_bod_DR5.stl,/home/asunkari/ros-worm/openworm_geometry/object_stls_repaired_meshfix_defective/stl/mu_bod_DR5.stl,ok,True,,9840,3280,False,True,3280,0.0016216771977155292,3280,0,0,1639,3274,True,True,2,0.0016216762489068136,
mu_bod_DR7,/home/asunkari/ros-worm/openworm_geometry/object_stls/stl/mu_bod_DR7.stl,/home/asunkari/ros-worm/openworm_geometry/object_stls_repaired_meshfix_defective/stl/mu_bod_DR7.stl,ok,True,,8592,2864,False,True,2864,-0.0016436520069218325,2864,0,0,1434,2864,True,True,2,0.0016436520069218325,
mu_bod_DR9,/home/asunkari/ros-worm/openworm_geometry/object_stls/stl/mu_bod_DR9.stl,/home/asunkari/ros-worm/openworm_geometry/object_stls_repaired_meshfix_defective/stl/mu_bod_DR9.stl,ok,True,,10992,3664,False,True,3664,0.0022151059529243664,3664,0,0,1831,3658,True,True,2,0.0022151055058398372,
mu_bod_DR11,/home/asunkari/ros-worm/openworm_geometry/object_stls/stl/mu_bod_DR11.stl,/home/asunkari/ros-worm/openworm_geometry/object_stls_repaired_meshfix_defective/stl/mu_bod_DR11.stl,ok,True,,10896,3632,False,True,3632,0.002275709994252918,3632,0,0,1815,3626,True,True,2,0.00227570721003227,
mu_bod_DR21,/home/asunkari/ros-worm/openworm_geometry/object_stls/stl/mu_bod_DR21.stl,/home/asunkari/ros-worm/openworm_geometry/object_stls_repaired_meshfix_defective/stl/mu_bod_DR21.stl,ok,False,,10944,3648,False,True,3648,0.002184395806399853,3648,0,0,1826,3648,True,True,2,0.002184395806399853,
mu_bod_DR19,/home/asunkari/ros-worm/openworm_geometry/object_stls/stl/mu_bod_DR19.stl,/home/asunkari/ros-worm/openworm_geometry/object_stls_repaired_meshfix_defective/stl/mu_bod_DR19.stl,ok,True,,7248,2416,False,True,2416,0.0014165848039688269,2416,0,0,1207,2410,True,True,2,0.0014165832265418433,
mu_bod_DR17,/home/asunkari/ros-worm/openworm_geometry/object_stls/stl/mu_bod_DR17.stl,/home/asunkari/ros-worm/openworm_geometry/object_stls_repaired_meshfix_defective/stl/mu_bod_DR17.stl,ok,False,,11184,3728,False,True,3728,0.002314453858718949,3728,0,0,1866,3728,True,True,2,0.002314453858718949,
mu_bod_DR15,/home/asunkari/ros-worm/openworm_geometry/object_stls/stl/mu_bod_DR15.stl,/home/asunkari/ros-worm/openworm_geometry/object_stls_repaired_meshfix_defective/stl/mu_bod_DR15.stl,ok,True,,13488,4496,False,True,4496,0.003147144001570762,4496,0,0,2247,4490,True,True,2,0.003147142152915531,
mu_bod_DR13,/home/asunkari/ros-worm/openworm_geometry/object_stls/stl/mu_bod_DR13.stl,/home/asunkari/ros-worm/openworm_geometry/object_stls_repaired_meshfix_defective/stl/mu_bod_DR13.stl,ok,False,,8544,2848,False,True,2848,0.0018908658463179945,2848,0,0,1426,2848,True,True,2,0.0018908658463179945,
mu_bod_DL22,/home/asunkari/ros-worm/openworm_geometry/object_stls/stl/mu_bod_DL22.stl,/home/asunkari/ros-worm/openworm_geometry/object_stls_repaired_meshfix_defective/stl/mu_bod_DL22.stl,ok,False,,17760,5920,False,True,5920,0.00237347821874118,5920,0,0,2962,5920,True,True,2,0.00237347821874118,
mu_bod_DL20,/home/asunkari/ros-worm/openworm_geometry/object_stls/stl/mu_bod_DL20.stl,/home/asunkari/ros-worm/openworm_geometry/object_stls_repaired_meshfix_defective/stl/mu_bod_DL20.stl,ok,False,,19584,6528,False,True,6528,0.003142521459359848,6528,0,0,3266,6528,True,True,2,0.003142521459359848,
mu_bod_DL18,/home/asunkari/ros-worm/openworm_geometry/object_stls/stl/mu_bod_DL18.stl,/home/asunkari/ros-worm/openworm_geometry/object_stls_repaired_meshfix_defective/stl/mu_bod_DL18.stl,ok,False,,16080,5360,False,True,5360,0.002585514294570527,5360,0,0,2682,5360,True,True,2,0.002585514294570527,
mu_bod_DL16,/home/asunkari/ros-worm/openworm_geometry/object_stls/stl/mu_bod_DL16.stl,/home/asunkari/ros-worm/openworm_geometry/object_stls_repaired_meshfix_defective/stl/mu_bod_DL16.stl,ok,False,,14448,4816,False,True,4816,0.0024753736124010508,4816,0,0,2410,4816,True,True,2,0.0024753736124010508,
mu_bod_DL14,/home/asunkari/ros-worm/openworm_geometry/object_stls/stl/mu_bod_DL14.stl,/home/asunkari/ros-worm/openworm_geometry/object_stls_repaired_meshfix_defective/stl/mu_bod_DL14.stl,ok,False,,14448,4816,False,True,4816,0.0022891634784482345,4816,0,0,2410,4816,True,True,2,0.0022891634784482345,
mu_bod_DL12,/home/asunkari/ros-worm/openworm_geometry/object_stls/stl/mu_bod_DL12.stl,/home/asunkari/ros-worm/openworm_geometry/object_stls_repaired_meshfix_defective/stl/mu_bod_DL12.stl,ok,False,,15936,5312,False,True,5312,0.0021980972574623973,5312,0,0,2658,5312,True,True,2,0.0021980972574623973,
mu_bod_DL10,/home/asunkari/ros-worm/openworm_geometry/object_stls/stl/mu_bod_DL10.stl,/home/asunkari/ros-worm/openworm_geometry/object_stls_repaired_meshfix_defective/stl/mu_bod_DL10.stl,ok,False,,12576,4192,False,True,4192,0.0015766645921086037,4192,0,0,2098,4192,True,True,2,0.0015766645921086037,
mu_bod_DL8,/home/asunkari/ros-worm/openworm_geometry/object_stls/stl/mu_bod_DL8.stl,/home/asunkari/ros-worm/openworm_geometry/object_stls_repaired_meshfix_defective/stl/mu_bod_DL8.stl,ok,False,,11760,3920,False,True,3920,0.0012319701972226956,3920,0,0,1962,3920,True,True,2,0.0012319701972226956,
mu_bod_DL6,/home/asunkari/ros-worm/openworm_geometry/object_stls/stl/mu_bod_DL6.stl,/home/asunkari/ros-worm/openworm_geometry/object_stls_repaired_meshfix_defective/stl/mu_bod_DL6.stl,ok,False,,7728,2576,False,True,2576,0.0006220654798247567,2576,0,0,1290,2576,True,True,2,0.0006220654798247567,
mu_bod_DL4,/home/asunkari/ros-worm/openworm_geometry/object_stls/stl/mu_bod_DL4.stl,/home/asunkari/ros-worm/openworm_geometry/object_stls_repaired_meshfix_defective/stl/mu_bod_DL4.stl,ok,False,,6720,2240,False,True,2240,0.0005111806742385091,2240,0,0,1122,2240,True,True,2,0.0005111806742385091,
mu_bod_DL2,/home/asunkari/ros-worm/openworm_geometry/object_stls/stl/mu_bod_DL2.stl,/home/asunkari/ros-worm/openworm_geometry/object_stls_repaired_meshfix_defective/stl/mu_bod_DL2.stl,ok,True,,8376,2792,False,True,2792,0.0003816889307276311,2792,0,0,1382,2760,True,True,2,0.0003245033974669815,
mu_bod_DL23,/home/asunkari/ros-worm/openworm_geometry/object_stls/stl/mu_bod_DL23.stl,/home/asunkari/ros-worm/openworm_geometry/object_stls_repaired_meshfix_defective/stl/mu_bod_DL23.stl,ok,False,,20688,6896,False,True,6896,0.002811565715945766,6896,0,0,3450,6896,True,True,2,0.002811565715945766,
mu_bod_DL21,/home/asunkari/ros-worm/openworm_geometry/object_stls/stl/mu_bod_DL21.stl,/home/asunkari/ros-worm/openworm_geometry/object_stls_repaired_meshfix_defective/stl/mu_bod_DL21.stl,ok,True,,11016,3672,False,True,3672,0.0022492786510156897,3672,0,0,1817,3630,True,True,2,0.0021582724674822236,
mu_bod_DL19,/home/asunkari/ros-worm/openworm_geometry/object_stls/stl/mu_bod_DL19.stl,/home/asunkari/ros-worm/openworm_geometry/object_stls_repaired_meshfix_defective/stl/mu_bod_DL19.stl,ok,True,,7272,2424,False,True,2424,0.0012981183100292937,2424,0,0,1219,2434,True,True,2,0.0014031809833945994,
mu_bod_DL17,/home/asunkari/ros-worm/openworm_geometry/object_stls/stl/mu_bod_DL17.stl,/home/asunkari/ros-worm/openworm_geometry/object_stls_repaired_meshfix_defective/stl/mu_bod_DL17.stl,ok,True,,12192,4064,False,True,4064,-0.002563421868543509,4064,0,0,2034,4064,True,True,2,0.002563421868543509,
mu_bod_DL15,/home/asunkari/ros-worm/openworm_geometry/object_stls/stl/mu_bod_DL15.stl,/home/asunkari/ros-worm/openworm_geometry/object_stls_repaired_meshfix_defective/stl/mu_bod_DL15.stl,ok,True,,12120,4040,False,True,4040,0.0028613665979315395,4040,0,0,2014,4024,True,True,2,0.0027940178826082857,
mu_bod_DL3,/home/asunkari/ros-worm/openworm_geometry/object_stls/stl/mu_bod_DL3.stl,/home/asunkari/ros-worm/openworm_geometry/object_stls_repaired_meshfix_defective/stl/mu_bod_DL3.stl,ok,True,,6144,2048,False,True,2048,-0.0006989143538052295,2048,0,0,1026,2048,True,True,2,0.0006989143538052295,
mu_bod_DL5,/home/asunkari/ros-worm/openworm_geometry/object_stls/stl/mu_bod_DL5.stl,/home/asunkari/ros-worm/openworm_geometry/object_stls_repaired_meshfix_defective/stl/mu_bod_DL5.stl,ok,True,,9816,3272,False,True,3272,0.0015736351938206727,3272,0,0,1630,3256,True,True,2,0.0015200525409104493,
mu_bod_DL7,/home/asunkari/ros-worm/openworm_geometry/object_stls/stl/mu_bod_DL7.stl,/home/asunkari/ros-worm/openworm_geometry/object_stls_repaired_meshfix_defective/stl/mu_bod_DL7.stl,ok,False,,8496,2832,False,True,2832,0.0014791003098508435,2832,0,0,1418,2832,True,True,2,0.0014791003098508435,
mu_bod_DL9,/home/asunkari/ros-worm/openworm_geometry/object_stls/stl/mu_bod_DL9.stl,/home/asunkari/ros-worm/openworm_geometry/object_stls_repaired_meshfix_defective/stl/mu_bod_DL9.stl,ok,True,,10968,3656,False,True,3656,0.0020842769515319035,3656,0,0,1822,3640,True,True,2,0.0020231411213264537,
mu_bod_DL11,/home/asunkari/ros-worm/openworm_geometry/object_stls/stl/mu_bod_DL11.stl,/home/asunkari/ros-worm/openworm_geometry/object_stls_repaired_meshfix_defective/stl/mu_bod_DL11.stl,ok,True,,11016,3672,False,True,3672,0.0018277691106431137,3672,0,0,1817,3630,True,True,2,0.0018274734189554543,
mu_bod_DL13,/home/asunkari/ros-worm/openworm_geometry/object_stls/stl/mu_bod_DL13.stl,/home/asunkari/ros-worm/openworm_geometry/object_stls_repaired_meshfix_defective/stl/mu_bod_DL13.stl,ok,False,,8544,2848,False,True,2848,0.0018600555286518046,2848,0,0,1426,2848,True,True,2,0.0018600555286518046,
mu_bod_VR23,/home/asunkari/ros-worm/openworm_geometry/object_stls/stl/mu_bod_VR23.stl,/home/asunkari/ros-worm/openworm_geometry/object_stls_repaired_meshfix_defective/stl/mu_bod_VR23.stl,ok,False,,23040,7680,False,True,7680,0.0029994637782442463,7680,0,0,3842,7680,True,True,2,0.0029994637782442463,
mu_bod_VL23,/home/asunkari/ros-worm/openworm_geometry/object_stls/stl/mu_bod_VL23.stl,/home/asunkari/ros-worm/openworm_geometry/object_stls_repaired_meshfix_defective/stl/mu_bod_VL23.stl,ok,False,,23040,7680,False,True,7680,0.002670320716617576,7680,0,0,3842,7680,True,True,2,0.002670320716617576,
mu_bod_DR1,/home/asunkari/ros-worm/openworm_geometry/object_stls/stl/mu_bod_DR1.stl,/home/asunkari/ros-worm/openworm_geometry/object_stls_repaired_meshfix_defective/stl/mu_bod_DR1.stl,ok,True,,9744,3248,False,True,3248,0.0004011701849335364,3248,0,0,1578,3152,True,True,2,0.00039827456272245967,
mu_bod_DR24,/home/asunkari/ros-worm/openworm_geometry/object_stls/stl/mu_bod_DR24.stl,/home/asunkari/ros-worm/openworm_geometry/object_stls_repaired_meshfix_defective/stl/mu_bod_DR24.stl,ok,True,,18480,6160,False,True,6160,0.0013128410994304167,6160,0,0,3079,6154,True,True,2,0.0013128402185548416,
mu_bod_DL1,/home/asunkari/ros-worm/openworm_geometry/object_stls/stl/mu_bod_DL1.stl,/home/asunkari/ros-worm/openworm_geometry/object_stls_repaired_meshfix_defective/stl/mu_bod_DL1.stl,ok,False,,9840,3280,False,True,3280,0.0003907795207499062,3280,0,0,1642,3280,True,True,2,0.0003907795207499062,
mu_bod_DL24,/home/asunkari/ros-worm/openworm_geometry/object_stls/stl/mu_bod_DL24.stl,/home/asunkari/ros-worm/openworm_geometry/object_stls_repaired_meshfix_defective/stl/mu_bod_DL24.stl,ok,False,,20064,6688,False,True,6688,0.00162882459376372,6688,0,0,3346,6688,True,True,2,0.00162882459376372,
mu_bod_VR24,/home/asunkari/ros-worm/openworm_geometry/object_stls/stl/mu_bod_VR24.stl,/home/asunkari/ros-worm/openworm_geometry/object_stls_repaired_meshfix_defective/stl/mu_bod_VR24.stl,ok,False,,29712,9904,False,True,9904,0.0012611933404932684,9904,0,0,4954,9904,True,True,2,0.0012611933404932684,
Sp_bag_P_4R,/home/asunkari/ros-worm/openworm_geometry/object_stls/stl/Sp_bag_P_4R.stl,/home/asunkari/ros-worm/openworm_geometry/object_stls_repaired_meshfix_defective/stl/Sp_bag_P_4R.stl,ok,True,,3648,1216,False,True,1216,-0.00034280662550553845,1216,0,0,610,1216,True,True,2,0.0003428066255055386,
Sp_neck_P_1L,/home/asunkari/ros-worm/openworm_geometry/object_stls/stl/Sp_neck_P_1L.stl,/home/asunkari/ros-worm/openworm_geometry/object_stls_repaired_meshfix_defective/stl/Sp_neck_P_1L.stl,ok,False,,6912,2304,False,True,2304,1.400253512794963e-05,2304,0,0,1154,2304,True,True,2,1.400253512794963e-05,
Sp_neck_P_1R,/home/asunkari/ros-worm/openworm_geometry/object_stls/stl/Sp_neck_P_1R.stl,/home/asunkari/ros-worm/openworm_geometry/object_stls_repaired_meshfix_defective/stl/Sp_neck_P_1R.stl,ok,False,,6912,2304,False,True,2304,1.3829959960267243e-05,2304,0,0,1154,2304,True,True,2,1.3829959960267243e-05,
Sp_neck_P_2L,/home/asunkari/ros-worm/openworm_geometry/object_stls/stl/Sp_neck_P_2L.stl,/home/asunkari/ros-worm/openworm_geometry/object_stls_repaired_meshfix_defective/stl/Sp_neck_P_2L.stl,ok,False,,7104,2368,False,True,2368,1.3388669642186072e-05,2368,0,0,1186,2368,True,True,2,1.3388669642186072e-05,
Sp_neck_P_3R,/home/asunkari/ros-worm/openworm_geometry/object_stls/stl/Sp_neck_P_3R.stl,/home/asunkari/ros-worm/openworm_geometry/object_stls_repaired_meshfix_defective/stl/Sp_neck_P_3R.stl,ok,False,,7296,2432,False,True,2432,1.3662873716636947e-05,2432,0,0,1218,2432,True,True,2,1.3662873716636947e-05,
Sp_neck_P_4L,/home/asunkari/ros-worm/openworm_geometry/object_stls/stl/Sp_neck_P_4L.stl,/home/asunkari/ros-worm/openworm_geometry/object_stls_repaired_meshfix_defective/stl/Sp_neck_P_4L.stl,ok,False,,7296,2432,False,True,2432,1.3890897758463245e-05,2432,0,0,1218,2432,True,True,2,1.3890897758463245e-05,
Sp_neck_P_3L,/home/asunkari/ros-worm/openworm_geometry/object_stls/stl/Sp_neck_P_3L.stl,/home/asunkari/ros-worm/openworm_geometry/object_stls_repaired_meshfix_defective/stl/Sp_neck_P_3L.stl,ok,False,,7296,2432,False,True,2432,1.366284211005159e-05,2432,0,0,1218,2432,True,True,2,1.366284211005159e-05,
Sp_neck_P_2R,/home/asunkari/ros-worm/openworm_geometry/object_stls/stl/Sp_neck_P_2R.stl,/home/asunkari/ros-worm/openworm_geometry/object_stls_repaired_meshfix_defective/stl/Sp_neck_P_2R.stl,ok,False,,7104,2368,False,True,2368,1.356185800066342e-05,2368,0,0,1186,2368,True,True,2,1.356185800066342e-05,
Sp_neck_P_4R,/home/asunkari/ros-worm/openworm_geometry/object_stls/stl/Sp_neck_P_4R.stl,/home/asunkari/ros-worm/openworm_geometry/object_stls_repaired_meshfix_defective/stl/Sp_neck_P_4R.stl,ok,False,,7296,2432,False,True,2432,1.3891005793443592e-05,2432,0,0,1218,2432,True,True,2,1.3891005793443592e-05,
Sp_bag_P_1V,/home/asunkari/ros-worm/openworm_geometry/object_stls/stl/Sp_bag_P_1V.stl,/home/asunkari/ros-worm/openworm_geometry/object_stls_repaired_meshfix_defective/stl/Sp_bag_P_1V.stl,ok,False,,18432,6144,False,True,6144,9.60301519829536e-05,6144,0,0,3074,6144,True,True,2,9.60301519829536e-05,
Sp_bag_P_2R,/home/asunkari/ros-worm/openworm_geometry/object_stls/stl/Sp_bag_P_2R.stl,/home/asunkari/ros-worm/openworm_geometry/object_stls_repaired_meshfix_defective/stl/Sp_bag_P_2R.stl,ok,True,,3648,1216,False,True,1216,-0.00015228146246844983,1216,0,0,610,1216,True,True,2,0.00015228146246844983,
Sp_bag_P_3V,/home/asunkari/ros-worm/openworm_geometry/object_stls/stl/Sp_bag_P_3V.stl,/home/asunkari/ros-worm/openworm_geometry/object_stls_repaired_meshfix_defective/stl/Sp_bag_P_3V.stl,ok,False,,3648,1216,False,True,1216,0.0002700827113986911,1216,0,0,610,1216,True,True,2,0.0002700827113986911,
Sp_bag_P_1D,/home/asunkari/ros-worm/openworm_geometry/object_stls/stl/Sp_bag_P_1D.stl,/home/asunkari/ros-worm/openworm_geometry/object_stls_repaired_meshfix_defective/stl/Sp_bag_P_1D.stl,ok,False,,18432,6144,False,True,6144,8.918269795896902e-05,6144,0,0,3074,6144,True,True,2,8.918269795896902e-05,
Sp_bag_P_1R,/home/asunkari/ros-worm/openworm_geometry/object_stls/stl/Sp_bag_P_1R.stl,/home/asunkari/ros-worm/openworm_geometry/object_stls_repaired_meshfix_defective/stl/Sp_bag_P_1R.stl,ok,False,,18432,6144,False,True,6144,9.481322216809122e-05,6144,0,0,3074,6144,True,True,2,9.481322216809122e-05,
Sp_bag_P_1L,/home/asunkari/ros-worm/openworm_geometry/object_stls/stl/Sp_bag_P_1L.stl,/home/asunkari/ros-worm/openworm_geometry/object_stls_repaired_meshfix_defective/stl/Sp_bag_P_1L.stl,ok,False,,18432,6144,False,True,6144,9.563587551870024e-05,6144,0,0,3074,6144,True,True,2,9.563587551870024e-05,
Sp_bag_P_2D,/home/asunkari/ros-worm/openworm_geometry/object_stls/stl/Sp_bag_P_2D.stl,/home/asunkari/ros-worm/openworm_geometry/object_stls_repaired_meshfix_defective/stl/Sp_bag_P_2D.stl,ok,False,,3648,1216,False,True,1216,0.00014694207468463107,1216,0,0,610,1216,True,True,2,0.00014694207468463107,
Sp_bag_P_2L,/home/asunkari/ros-worm/openworm_geometry/object_stls/stl/Sp_bag_P_2L.stl,/home/asunkari/ros-worm/openworm_geometry/object_stls_repaired_meshfix_defective/stl/Sp_bag_P_2L.stl,ok,False,,3648,1216,False,True,1216,0.0001500250579780408,1216,0,0,610,1216,True,True,2,0.0001500250579780408,
Sp_bag_P_2V,/home/asunkari/ros-worm/openworm_geometry/object_stls/stl/Sp_bag_P_2V.stl,/home/asunkari/ros-worm/openworm_geometry/object_stls_repaired_meshfix_defective/stl/Sp_bag_P_2V.stl,ok,False,,3648,1216,False,True,1216,0.00015440124469209672,1216,0,0,610,1216,True,True,2,0.00015440124469209672,
Sp_bag_P_3D,/home/asunkari/ros-worm/openworm_geometry/object_stls/stl/Sp_bag_P_3D.stl,/home/asunkari/ros-worm/openworm_geometry/object_stls_repaired_meshfix_defective/stl/Sp_bag_P_3D.stl,ok,False,,3648,1216,False,True,1216,0.00026331715889480253,1216,0,0,610,1216,True,True,2,0.00026331715889480253,
Sp_bag_P_3L,/home/asunkari/ros-worm/openworm_geometry/object_stls/stl/Sp_bag_P_3L.stl,/home/asunkari/ros-worm/openworm_geometry/object_stls_repaired_meshfix_defective/stl/Sp_bag_P_3L.stl,ok,False,,3648,1216,False,True,1216,0.0002649085770250428,1216,0,0,610,1216,True,True,2,0.0002649085770250428,
Sp_bag_P_3R,/home/asunkari/ros-worm/openworm_geometry/object_stls/stl/Sp_bag_P_3R.stl,/home/asunkari/ros-worm/openworm_geometry/object_stls_repaired_meshfix_defective/stl/Sp_bag_P_3R.stl,ok,True,,3648,1216,False,True,1216,-0.00026328882757162,1216,0,0,610,1216,True,True,2,0.0002632888275716201,
Sp_bag_P_4D,/home/asunkari/ros-worm/openworm_geometry/object_stls/stl/Sp_bag_P_4D.stl,/home/asunkari/ros-worm/openworm_geometry/object_stls_repaired_meshfix_defective/stl/Sp_bag_P_4D.stl,ok,False,,3648,1216,False,True,1216,0.0003387085139891601,1216,0,0,610,1216,True,True,2,0.0003387085139891601,
Sp_bag_P_4L,/home/asunkari/ros-worm/openworm_geometry/object_stls/stl/Sp_bag_P_4L.stl,/home/asunkari/ros-worm/openworm_geometry/object_stls_repaired_meshfix_defective/stl/Sp_bag_P_4L.stl,ok,False,,3648,1216,False,True,1216,0.000338187801508976,1216,0,0,610,1216,True,True,2,0.000338187801508976,
Sp_bag_P_4V,/home/asunkari/ros-worm/openworm_geometry/object_stls/stl/Sp_bag_P_4V.stl,/home/asunkari/ros-worm/openworm_geometry/object_stls_repaired_meshfix_defective/stl/Sp_bag_P_4V.stl,ok,False,,3648,1216,False,True,1216,0.0003440305762623748,1216,0,0,610,1216,True,True,2,0.0003440305762623748,
Sp_bag_A_4V,/home/asunkari/ros-worm/openworm_geometry/object_stls/stl/Sp_bag_A_4V.stl,/home/asunkari/ros-worm/openworm_geometry/object_stls_repaired_meshfix_defective/stl/Sp_bag_A_4V.stl,ok,False,,3648,1216,False,True,1216,0.0002154077902010656,1216,0,0,610,1216,True,True,2,0.0002154077902010656,
Sp_bag_A_4R,/home/asunkari/ros-worm/openworm_geometry/object_stls/stl/Sp_bag_A_4R.stl,/home/asunkari/ros-worm/openworm_geometry/object_stls_repaired_meshfix_defective/stl/Sp_bag_A_4R.stl,ok,False,,3648,1216,False,True,1216,0.00021174946211161236,1216,0,0,610,1216,True,True,2,0.00021174946211161236,
Sp_bag_A_4D,/home/asunkari/ros-worm/openworm_geometry/object_stls/stl/Sp_bag_A_4D.stl,/home/asunkari/ros-worm/openworm_geometry/object_stls_repaired_meshfix_defective/stl/Sp_bag_A_4D.stl,ok,False,,3648,1216,False,True,1216,0.00021207548216911715,1216,0,0,610,1216,True,True,2,0.00021207548216911715,
Sp_bag_A_3L,/home/asunkari/ros-worm/openworm_geometry/object_stls/stl/Sp_bag_A_3L.stl,/home/asunkari/ros-worm/openworm_geometry/object_stls_repaired_meshfix_defective/stl/Sp_bag_A_3L.stl,ok,True,,3648,1216,False,True,1216,-0.0001648529798275952,1216,0,0,610,1216,True,True,2,0.00016485297982759512,
Sp_bag_A_3R,/home/asunkari/ros-worm/openworm_geometry/object_stls/stl/Sp_bag_A_3R.stl,/home/asunkari/ros-worm/openworm_geometry/object_stls_repaired_meshfix_defective/stl/Sp_bag_A_3R.stl,ok,False,,3648,1216,False,True,1216,0.00016586714417080538,1216,0,0,610,1216,True,True,2,0.00016586714417080538,
Sp_bag_A_3D,/home/asunkari/ros-worm/openworm_geometry/object_stls/stl/Sp_bag_A_3D.stl,/home/asunkari/ros-worm/openworm_geometry/object_stls_repaired_meshfix_defective/stl/Sp_bag_A_3D.stl,ok,False,,3648,1216,False,True,1216,0.00016487074180185842,1216,0,0,610,1216,True,True,2,0.00016487074180185842,
Sp_bag_A_2V,/home/asunkari/ros-worm/openworm_geometry/object_stls/stl/Sp_bag_A_2V.stl,/home/asunkari/ros-worm/openworm_geometry/object_stls_repaired_meshfix_defective/stl/Sp_bag_A_2V.stl,ok,False,,3648,1216,False,True,1216,9.667522740700815e-05,1216,0,0,610,1216,True,True,2,9.667522740700815e-05,
Sp_bag_A_2R,/home/asunkari/ros-worm/openworm_geometry/object_stls/stl/Sp_bag_A_2R.stl,/home/asunkari/ros-worm/openworm_geometry/object_stls_repaired_meshfix_defective/stl/Sp_bag_A_2R.stl,ok,False,,3648,1216,False,True,1216,9.39351697691399e-05,1216,0,0,610,1216,True,True,2,9.39351697691399e-05,
Sp_bag_A_2D,/home/asunkari/ros-worm/openworm_geometry/object_stls/stl/Sp_bag_A_2D.stl,/home/asunkari/ros-worm/openworm_geometry/object_stls_repaired_meshfix_defective/stl/Sp_bag_A_2D.stl,ok,False,,3648,1216,False,True,1216,9.200482559053997e-05,1216,0,0,610,1216,True,True,2,9.200482559053997e-05,
Sp_bag_A_1R,/home/asunkari/ros-worm/openworm_geometry/object_stls/stl/Sp_bag_A_1R.stl,/home/asunkari/ros-worm/openworm_geometry/object_stls_repaired_meshfix_defective/stl/Sp_bag_A_1R.stl,ok,False,,18432,6144,False,True,6144,5.988046739473889e-05,6144,0,0,3074,6144,True,True,2,5.988046739473889e-05,
Sp_bag_A_1L,/home/asunkari/ros-worm/openworm_geometry/object_stls/stl/Sp_bag_A_1L.stl,/home/asunkari/ros-worm/openworm_geometry/object_stls_repaired_meshfix_defective/stl/Sp_bag_A_1L.stl,ok,False,,18432,6144,False,True,6144,5.9365380220382494e-05,6144,0,0,3074,6144,True,True,2,5.9365380220382494e-05,
Sp_bag_A_1D,/home/asunkari/ros-worm/openworm_geometry/object_stls/stl/Sp_bag_A_1D.stl,/home/asunkari/ros-worm/openworm_geometry/object_stls_repaired_meshfix_defective/stl/Sp_bag_A_1D.stl,ok,False,,18432,6144,False,True,6144,5.5839938996557225e-05,6144,0,0,3074,6144,True,True,2,5.5839938996557225e-05,
Sp_bag_A_3V,/home/asunkari/ros-worm/openworm_geometry/object_stls/stl/Sp_bag_A_3V.stl,/home/asunkari/ros-worm/openworm_geometry/object_stls_repaired_meshfix_defective/stl/Sp_bag_A_3V.stl,ok,False,,3648,1216,False,True,1216,0.0001691068156481143,1216,0,0,610,1216,True,True,2,0.0001691068156481143,
Sp_bag_A_2L,/home/asunkari/ros-worm/openworm_geometry/object_stls/stl/Sp_bag_A_2L.stl,/home/asunkari/ros-worm/openworm_geometry/object_stls_repaired_meshfix_defective/stl/Sp_bag_A_2L.stl,ok,True,,3648,1216,False,True,1216,-9.534794989462907e-05,1216,0,0,610,1216,True,True,2,9.534794989462907e-05,
Sp_bag_A_1V,/home/asunkari/ros-worm/openworm_geometry/object_stls/stl/Sp_bag_A_1V.stl,/home/asunkari/ros-worm/openworm_geometry/object_stls_repaired_meshfix_defective/stl/Sp_bag_A_1V.stl,ok,False,,18432,6144,False,True,6144,6.012732344808086e-05,6144,0,0,3074,6144,True,True,2,6.012732344808086e-05,
Sp_neck_A_4L,/home/asunkari/ros-worm/openworm_geometry/object_stls/stl/Sp_neck_A_4L.stl,/home/asunkari/ros-worm/openworm_geometry/object_stls_repaired_meshfix_defective/stl/Sp_neck_A_4L.stl,ok,False,,7296,2432,False,True,2432,8.697573405082483e-06,2432,0,0,1218,2432,True,True,2,8.697573405082483e-06,
Sp_neck_A_2L,/home/asunkari/ros-worm/openworm_geometry/object_stls/stl/Sp_neck_A_2L.stl,/home/asunkari/ros-worm/openworm_geometry/object_stls_repaired_meshfix_defective/stl/Sp_neck_A_2L.stl,ok,False,,7104,2368,False,True,2368,8.491484415516103e-06,2368,0,0,1186,2368,True,True,2,8.491484415516103e-06,
Sp_neck_A_3R,/home/asunkari/ros-worm/openworm_geometry/object_stls/stl/Sp_neck_A_3R.stl,/home/asunkari/ros-worm/openworm_geometry/object_stls_repaired_meshfix_defective/stl/Sp_neck_A_3R.stl,ok,False,,7296,2432,False,True,2432,8.554713320737945e-06,2432,0,0,1218,2432,True,True,2,8.554713320737945e-06,
Sp_neck_A_4R,/home/asunkari/ros-worm/openworm_geometry/object_stls/stl/Sp_neck_A_4R.stl,/home/asunkari/ros-worm/openworm_geometry/object_stls_repaired_meshfix_defective/stl/Sp_neck_A_4R.stl,ok,False,,7296,2432,False,True,2432,8.697505395921382e-06,2432,0,0,1218,2432,True,True,2,8.697505395921382e-06,
Sp_neck_A_3L,/home/asunkari/ros-worm/openworm_geometry/object_stls/stl/Sp_neck_A_3L.stl,/home/asunkari/ros-worm/openworm_geometry/object_stls_repaired_meshfix_defective/stl/Sp_neck_A_3L.stl,ok,False,,7296,2432,False,True,2432,8.554733095737201e-06,2432,0,0,1218,2432,True,True,2,8.554733095737201e-06,
Sp_neck_A_2R,/home/asunkari/ros-worm/openworm_geometry/object_stls/stl/Sp_neck_A_2R.stl,/home/asunkari/ros-worm/openworm_geometry/object_stls_repaired_meshfix_defective/stl/Sp_neck_A_2R.stl,ok,False,,7104,2368,False,True,2368,8.383045621864308e-06,2368,0,0,1186,2368,True,True,2,8.383045621864308e-06,
Sp_neck_A_1L,/home/asunkari/ros-worm/openworm_geometry/object_stls/stl/Sp_neck_A_1L.stl,/home/asunkari/ros-worm/openworm_geometry/object_stls_repaired_meshfix_defective/stl/Sp_neck_A_1L.stl,ok,False,,6912,2304,False,True,2304,8.659346943804396e-06,2304,0,0,1154,2304,True,True,2,8.659346943804396e-06,
Sp_neck_A_1R,/home/asunkari/ros-worm/openworm_geometry/object_stls/stl/Sp_neck_A_1R.stl,/home/asunkari/ros-worm/openworm_geometry/object_stls_repaired_meshfix_defective/stl/Sp_neck_A_1R.stl,ok,False,,6912,2304,False,True,2304,8.767406458421822e-06,2304,0,0,1154,2304,True,True,2,8.767406458421822e-06,
Sp_bag_A_4L,/home/asunkari/ros-worm/openworm_geometry/object_stls/stl/Sp_bag_A_4L.stl,/home/asunkari/ros-worm/openworm_geometry/object_stls_repaired_meshfix_defective/stl/Sp_bag_A_4L.stl,ok,True,,3648,1216,False,True,1216,-0.00021464142937291898,1216,0,0,610,1216,True,True,2,0.00021464142937291898,
Gonadal_Sheath_A5D,/home/asunkari/ros-worm/openworm_geometry/object_stls/stl/Gonadal_Sheath_A5D.stl,/home/asunkari/ros-worm/openworm_geometry/object_stls_repaired_meshfix_defective/stl/Gonadal_Sheath_A5D.stl,ok,False,,9120,3040,False,True,3040,0.0017437464433737529,3040,0,0,1522,3040,True,True,2,0.0017437464433737529,
Gonadal_Sheath_A4D,/home/asunkari/ros-worm/openworm_geometry/object_stls/stl/Gonadal_Sheath_A4D.stl,/home/asunkari/ros-worm/openworm_geometry/object_stls_repaired_meshfix_defective/stl/Gonadal_Sheath_A4D.stl,ok,False,,6048,2016,False,True,2016,0.001558355678199355,2016,0,0,1010,2016,True,True,2,0.001558355678199355,
Gonadal_Sheath_P5D,/home/asunkari/ros-worm/openworm_geometry/object_stls/stl/Gonadal_Sheath_P5D.stl,/home/asunkari/ros-worm/openworm_geometry/object_stls_repaired_meshfix_defective/stl/Gonadal_Sheath_P5D.stl,ok,False,,8400,2800,False,True,2800,0.002274621165664629,2800,0,0,1402,2800,True,True,2,0.002274621165664629,
Gonadal_Sheath_P4D,/home/asunkari/ros-worm/openworm_geometry/object_stls/stl/Gonadal_Sheath_P4D.stl,/home/asunkari/ros-worm/openworm_geometry/object_stls_repaired_meshfix_defective/stl/Gonadal_Sheath_P4D.stl,ok,False,,6048,2016,False,True,2016,0.0015575467293994251,2016,0,0,1010,2016,True,True,2,0.0015575467293994251,
Gonadal_Sheath_P3L,/home/asunkari/ros-worm/openworm_geometry/object_stls/stl/Gonadal_Sheath_P3L.stl,/home/asunkari/ros-worm/openworm_geometry/object_stls_repaired_meshfix_defective/stl/Gonadal_Sheath_P3L.stl,ok,False,,6624,2208,False,True,2208,0.0011070476939635467,2208,0,0,1106,2208,True,True,2,0.0011070476939635467,
Gonadal_Sheath_P2L,/home/asunkari/ros-worm/openworm_geometry/object_stls/stl/Gonadal_Sheath_P2L.stl,/home/asunkari/ros-worm/openworm_geometry/object_stls_repaired_meshfix_defective/stl/Gonadal_Sheath_P2L.stl,ok,False,,8736,2912,False,True,2912,0.00031544279628794165,2912,0,0,1458,2912,True,True,2,0.00031544279628794165,
Gonadal_Sheath_P1L,/home/asunkari/ros-worm/openworm_geometry/object_stls/stl/Gonadal_Sheath_P1L.stl,/home/asunkari/ros-worm/openworm_geometry/object_stls_repaired_meshfix_defective/stl/Gonadal_Sheath_P1L.stl,ok,False,,19488,6496,False,True,6496,0.005693776545278727,6496,0,0,3250,6496,True,True,2,0.005693776545278727,
Gonadal_Sheath_A3L,/home/asunkari/ros-worm/openworm_geometry/object_stls/stl/Gonadal_Sheath_A3L.stl,/home/asunkari/ros-worm/openworm_geometry/object_stls_repaired_meshfix_defective/stl/Gonadal_Sheath_A3L.stl,ok,False,,5280,1760,False,True,1760,0.0016469199066342435,1760,0,0,882,1760,True,True,2,0.0016469199066342435,
Gonadal_Sheath_A2L,/home/asunkari/ros-worm/openworm_geometry/object_stls/stl/Gonadal_Sheath_A2L.stl,/home/asunkari/ros-worm/openworm_geometry/object_stls_repaired_meshfix_defective/stl/Gonadal_Sheath_A2L.stl,ok,False,,6624,2208,False,True,2208,0.0007096858540298548,2208,0,0,1106,2208,True,True,2,0.0007096858540298548,
Gonadal_Sheath_A1L,/home/asunkari/ros-worm/openworm_geometry/object_stls/stl/Gonadal_Sheath_A1L.stl,/home/asunkari/ros-worm/openworm_geometry/object_stls_repaired_meshfix_defective/stl/Gonadal_Sheath_A1L.stl,ok,True,,18768,6256,False,True,6256,-0.00888332767290091,6256,0,0,3130,6256,True,True,2,0.008883327672900908,
Rachis_P,/home/asunkari/ros-worm/openworm_geometry/object_stls/stl/Rachis_P.stl,/home/asunkari/ros-worm/openworm_geometry/object_stls_repaired_meshfix_defective/stl/Rachis_P.stl,ok,True,,10560,3520,False,True,3520,0.01876117990883957,3520,0,0,1787,3570,True,True,2,0.018761179713422674,
Rachis_A,/home/asunkari/ros-worm/openworm_geometry/object_stls/stl/Rachis_A.stl,/home/asunkari/ros-worm/openworm_geometry/object_stls_repaired_meshfix_defective/stl/Rachis_A.stl,ok,True,,9408,3136,False,True,3136,0.02862810097411568,3136,0,0,1609,3214,True,True,2,0.02862810035521283,
Gonadal_Sheath_P4V,/home/asunkari/ros-worm/openworm_geometry/object_stls/stl/Gonadal_Sheath_P4V.stl,/home/asunkari/ros-worm/openworm_geometry/object_stls_repaired_meshfix_defective/stl/Gonadal_Sheath_P4V.stl,ok,False,,4512,1504,False,True,1504,0.0017121129114019997,1504,0,0,754,1504,True,True,2,0.0017121129114019997,
Gonadal_Sheath_P3R,/home/asunkari/ros-worm/openworm_geometry/object_stls/stl/Gonadal_Sheath_P3R.stl,/home/asunkari/ros-worm/openworm_geometry/object_stls_repaired_meshfix_defective/stl/Gonadal_Sheath_P3R.stl,ok,False,,6624,2208,False,True,2208,0.001276438771412377,2208,0,0,1106,2208,True,True,2,0.001276438771412377,
Gonadal_Sheath_P2R,/home/asunkari/ros-worm/openworm_geometry/object_stls/stl/Gonadal_Sheath_P2R.stl,/home/asunkari/ros-worm/openworm_geometry/object_stls_repaired_meshfix_defective/stl/Gonadal_Sheath_P2R.stl,ok,False,,8736,2912,False,True,2912,0.00032582082648688793,2912,0,0,1458,2912,True,True,2,0.00032582082648688793,
Gonadal_Sheath_P1R,/home/asunkari/ros-worm/openworm_geometry/object_stls/stl/Gonadal_Sheath_P1R.stl,/home/asunkari/ros-worm/openworm_geometry/object_stls_repaired_meshfix_defective/stl/Gonadal_Sheath_P1R.stl,ok,False,,19488,6496,False,True,6496,0.006636972816998175,6496,0,0,3250,6496,True,True,2,0.006636972816998175,
Distal_Tip_Cell_P,/home/asunkari/ros-worm/openworm_geometry/object_stls/stl/Distal_Tip_Cell_P.stl,/home/asunkari/ros-worm/openworm_geometry/object_stls_repaired_meshfix_defective/stl/Distal_Tip_Cell_P.stl,ok,False,,3264,1088,False,True,1088,0.00036284992927483324,1088,0,0,546,1088,True,True,2,0.00036284992927483324,
Gonadal_Sheath_A4V,/home/asunkari/ros-worm/openworm_geometry/object_stls/stl/Gonadal_Sheath_A4V.stl,/home/asunkari/ros-worm/openworm_geometry/object_stls_repaired_meshfix_defective/stl/Gonadal_Sheath_A4V.stl,ok,False,,4512,1504,False,True,1504,0.0015177802336652701,1504,0,0,754,1504,True,True,2,0.0015177802336652701,
Gonadal_Sheath_A3R,/home/asunkari/ros-worm/openworm_geometry/object_stls/stl/Gonadal_Sheath_A3R.stl,/home/asunkari/ros-worm/openworm_geometry/object_stls_repaired_meshfix_defective/stl/Gonadal_Sheath_A3R.stl,ok,False,,5280,1760,False,True,1760,0.0016314311522073674,1760,0,0,882,1760,True,True,2,0.0016314311522073674,
Gonadal_Sheath_A2R,/home/asunkari/ros-worm/openworm_geometry/object_stls/stl/Gonadal_Sheath_A2R.stl,/home/asunkari/ros-worm/openworm_geometry/object_stls_repaired_meshfix_defective/stl/Gonadal_Sheath_A2R.stl,ok,False,,6624,2208,False,True,2208,0.0005512738005464437,2208,0,0,1106,2208,True,True,2,0.0005512738005464437,
Gonadal_Sheath_A1R,/home/asunkari/ros-worm/openworm_geometry/object_stls/stl/Gonadal_Sheath_A1R.stl,/home/asunkari/ros-worm/openworm_geometry/object_stls_repaired_meshfix_defective/stl/Gonadal_Sheath_A1R.stl,ok,False,,18768,6256,False,True,6256,0.007174088764205046,6256,0,0,3130,6256,True,True,2,0.007174088764205046,
Distal_Tip_Cell_A,/home/asunkari/ros-worm/openworm_geometry/object_stls/stl/Distal_Tip_Cell_A.stl,/home/asunkari/ros-worm/openworm_geometry/object_stls_repaired_meshfix_defective/stl/Distal_Tip_Cell_A.stl,ok,False,,3840,1280,False,True,1280,0.00020547788674119436,1280,0,0,642,1280,True,True,2,0.00020547788674119436,
vm1L_Ant,/home/asunkari/ros-worm/openworm_geometry/object_stls/stl/vm1L_Ant.stl,/home/asunkari/ros-worm/openworm_geometry/object_stls_repaired_meshfix_defective/stl/vm1L_Ant.stl,ok,False,,1728,576,False,True,576,3.283668559678595e-06,576,0,0,290,576,True,True,2,3.283668559678595e-06,
vm2R_Ant,/home/asunkari/ros-worm/openworm_geometry/object_stls/stl/vm2R_Ant.stl,/home/asunkari/ros-worm/openworm_geometry/object_stls_repaired_meshfix_defective/stl/vm2R_Ant.stl,ok,False,,1728,576,False,True,576,2.922882437556592e-06,576,0,0,290,576,True,True,2,2.922882437556592e-06,
vm2L_Post,/home/asunkari/ros-worm/openworm_geometry/object_stls/stl/vm2L_Post.stl,/home/asunkari/ros-worm/openworm_geometry/object_stls_repaired_meshfix_defective/stl/vm2L_Post.stl,ok,False,,1728,576,False,True,576,2.460397173457146e-06,576,0,0,290,576,True,True,2,2.460397173457146e-06,
um1L_Post,/home/asunkari/ros-worm/openworm_geometry/object_stls/stl/um1L_Post.stl,/home/asunkari/ros-worm/openworm_geometry/object_stls_repaired_meshfix_defective/stl/um1L_Post.stl,ok,True,,4032,1344,False,True,1344,-3.957511472335411e-05,1344,0,0,674,1344,True,True,2,3.957511472335403e-05,
um1L_Ant,/home/asunkari/ros-worm/openworm_geometry/object_stls/stl/um1L_Ant.stl,/home/asunkari/ros-worm/openworm_geometry/object_stls_repaired_meshfix_defective/stl/um1L_Ant.stl,ok,False,,3648,1216,False,True,1216,4.721941953908768e-05,1216,0,0,610,1216,True,True,2,4.721941953908768e-05,
um1R_Post,/home/asunkari/ros-worm/openworm_geometry/object_stls/stl/um1R_Post.stl,/home/asunkari/ros-worm/openworm_geometry/object_stls_repaired_meshfix_defective/stl/um1R_Post.stl,ok,True,,3648,1216,False,True,1216,-4.133212251063005e-05,1216,0,0,610,1216,True,True,2,4.133212251063007e-05,
um2L_Post,/home/asunkari/ros-worm/openworm_geometry/object_stls/stl/um2L_Post.stl,/home/asunkari/ros-worm/openworm_geometry/object_stls_repaired_meshfix_defective/stl/um2L_Post.stl,ok,True,,11328,3776,False,True,3776,-0.00096924484085984,3776,0,0,1890,3776,True,True,2,0.0009692448408598382,
um2L_Ant,/home/asunkari/ros-worm/openworm_geometry/object_stls/stl/um2L_Ant.stl,/home/asunkari/ros-worm/openworm_geometry/object_stls_repaired_meshfix_defective/stl/um2L_Ant.stl,ok,False,,11328,3776,False,True,3776,0.0010590882490444826,3776,0,0,1890,3776,True,True,2,0.0010590882490444826,
ut2_Ant,/home/asunkari/ros-worm/openworm_geometry/object_stls/stl/ut2_Ant.stl,/home/asunkari/ros-worm/openworm_geometry/object_stls_repaired_meshfix_defective/stl/ut2_Ant.stl,ok,False,,6144,2048,False,True,2048,0.0053048572091229885,2048,0,0,1024,2048,True,True,0,0.0053048572091229885,
um2R_Ant,/home/asunkari/ros-worm/openworm_geometry/object_stls/stl/um2R_Ant.stl,/home/asunkari/ros-worm/openworm_geometry/object_stls_repaired_meshfix_defective/stl/um2R_Ant.stl,ok,False,,11328,3776,False,True,3776,0.0011794120391238432,3776,0,0,1890,3776,True,True,2,0.0011794120391238432,
um1R_Ant,/home/asunkari/ros-worm/openworm_geometry/object_stls/stl/um1R_Ant.stl,/home/asunkari/ros-worm/openworm_geometry/object_stls_repaired_meshfix_defective/stl/um1R_Ant.stl,ok,False,,3648,1216,False,True,1216,6.0950680062160297e-05,1216,0,0,610,1216,True,True,2,6.0950680062160297e-05,
um2R_Post,/home/asunkari/ros-worm/openworm_geometry/object_stls/stl/um2R_Post.stl,/home/asunkari/ros-worm/openworm_geometry/object_stls_repaired_meshfix_defective/stl/um2R_Post.stl,ok,False,,11328,3776,False,True,3776,0.00100996369267744,3776,0,0,1890,3776,True,True,2,0.00100996369267744,
vulA,/home/asunkari/ros-worm/openworm_geometry/object_stls/stl/vulA.stl,/home/asunkari/ros-worm/openworm_geometry/object_stls_repaired_meshfix_defective/stl/vulA.stl,ok,False,,3840,1280,False,True,1280,0.0006540324468026869,1280,0,0,640,1280,True,True,0,0.0006540324468026869,
vulB1,/home/asunkari/ros-worm/openworm_geometry/object_stls/stl/vulB1.stl,/home/asunkari/ros-worm/openworm_geometry/object_stls_repaired_meshfix_defective/stl/vulB1.stl,ok,False,,3840,1280,False,True,1280,0.0003207836977498858,1280,0,0,640,1280,True,True,0,0.0003207836977498858,
vulB2,/home/asunkari/ros-worm/openworm_geometry/object_stls/stl/vulB2.stl,/home/asunkari/ros-worm/openworm_geometry/object_stls_repaired_meshfix_defective/stl/vulB2.stl,ok,False,,3840,1280,False,True,1280,0.00022436519707778445,1280,0,0,640,1280,True,True,0,0.00022436519707778445,
vulC,/home/asunkari/ros-worm/openworm_geometry/object_stls/stl/vulC.stl,/home/asunkari/ros-worm/openworm_geometry/object_stls_repaired_meshfix_defective/stl/vulC.stl,ok,False,,3840,1280,False,True,1280,0.00014533188619349723,1280,0,0,640,1280,True,True,0,0.00014533188619349723,
vm1R_Ant,/home/asunkari/ros-worm/openworm_geometry/object_stls/stl/vm1R_Ant.stl,/home/asunkari/ros-worm/openworm_geometry/object_stls_repaired_meshfix_defective/stl/vm1R_Ant.stl,ok,False,,2112,704,False,True,704,3.6969088443807303e-06,704,0,0,354,704,True,True,2,3.6969088443807303e-06,
vm1R_Post,/home/asunkari/ros-worm/openworm_geometry/object_stls/stl/vm1R_Post.stl,/home/asunkari/ros-worm/openworm_geometry/object_stls_repaired_meshfix_defective/stl/vm1R_Post.stl,ok,False,,2112,704,False,True,704,3.3363704435130648e-06,704,0,0,354,704,True,True,2,3.3363704435130648e-06,
vm1L_Post,/home/asunkari/ros-worm/openworm_geometry/object_stls/stl/vm1L_Post.stl,/home/asunkari/ros-worm/openworm_geometry/object_stls_repaired_meshfix_defective/stl/vm1L_Post.stl,ok,False,,2112,704,False,True,704,3.3110808003428257e-06,704,0,0,354,704,True,True,2,3.3110808003428257e-06,
vulD,/home/asunkari/ros-worm/openworm_geometry/object_stls/stl/vulD.stl,/home/asunkari/ros-worm/openworm_geometry/object_stls_repaired_meshfix_defective/stl/vulD.stl,ok,False,,3840,1280,False,True,1280,8.375088779300909e-05,1280,0,0,640,1280,True,True,0,8.375088779300909e-05,
vulE,/home/asunkari/ros-worm/openworm_geometry/object_stls/stl/vulE.stl,/home/asunkari/ros-worm/openworm_geometry/object_stls_repaired_meshfix_defective/stl/vulE.stl,ok,False,,7680,2560,False,True,2560,0.00027169617424550136,2560,0,0,1280,2560,True,True,0,0.00027169617424550136,
vulF,/home/asunkari/ros-worm/openworm_geometry/object_stls/stl/vulF.stl,/home/asunkari/ros-worm/openworm_geometry/object_stls_repaired_meshfix_defective/stl/vulF.stl,ok,False,,3840,1280,False,True,1280,2.639371768683478e-05,1280,0,0,640,1280,True,True,0,2.639371768683478e-05,
vm2R_Post,/home/asunkari/ros-worm/openworm_geometry/object_stls/stl/vm2R_Post.stl,/home/asunkari/ros-worm/openworm_geometry/object_stls_repaired_meshfix_defective/stl/vm2R_Post.stl,ok,False,,1728,576,False,True,576,2.683922161072602e-06,576,0,0,290,576,True,True,2,2.683922161072602e-06,
vm2L_Ant,/home/asunkari/ros-worm/openworm_geometry/object_stls/stl/vm2L_Ant.stl,/home/asunkari/ros-worm/openworm_geometry/object_stls_repaired_meshfix_defective/stl/vm2L_Ant.stl,ok,False,,1728,576,False,True,576,2.7147260213790696e-06,576,0,0,290,576,True,True,2,2.7147260213790696e-06,
uv2_Post,/home/asunkari/ros-worm/openworm_geometry/object_stls/stl/uv2_Post.stl,/home/asunkari/ros-worm/openworm_geometry/object_stls_repaired_meshfix_defective/stl/uv2_Post.stl,ok,False,,6336,2112,False,True,2112,2.456007624301216e-05,2112,0,0,1058,2112,True,True,2,2.456007624301216e-05,
uv1_Post,/home/asunkari/ros-worm/openworm_geometry/object_stls/stl/uv1_Post.stl,/home/asunkari/ros-worm/openworm_geometry/object_stls_repaired_meshfix_defective/stl/uv1_Post.stl,ok,False,,6336,2112,False,True,2112,3.058634957653407e-05,2112,0,0,1058,2112,True,True,2,3.058634957653407e-05,
uv3_Post,/home/asunkari/ros-worm/openworm_geometry/object_stls/stl/uv3_Post.stl,/home/asunkari/ros-worm/openworm_geometry/object_stls_repaired_meshfix_defective/stl/uv3_Post.stl,ok,False,,2688,896,False,True,896,5.590083121183483e-05,896,0,0,450,896,True,True,2,5.590083121183483e-05,
uv3_Ant,/home/asunkari/ros-worm/openworm_geometry/object_stls/stl/uv3_Ant.stl,/home/asunkari/ros-worm/openworm_geometry/object_stls_repaired_meshfix_defective/stl/uv3_Ant.stl,ok,False,,2688,896,False,True,896,5.82846210483837e-05,896,0,0,450,896,True,True,2,5.82846210483837e-05,
uv2_Ant,/home/asunkari/ros-worm/openworm_geometry/object_stls/stl/uv2_Ant.stl,/home/asunkari/ros-worm/openworm_geometry/object_stls_repaired_meshfix_defective/stl/uv2_Ant.stl,ok,False,,6336,2112,False,True,2112,2.439467267917468e-05,2112,0,0,1058,2112,True,True,2,2.439467267917468e-05,
uv1_Ant,/home/asunkari/ros-worm/openworm_geometry/object_stls/stl/uv1_Ant.stl,/home/asunkari/ros-worm/openworm_geometry/object_stls_repaired_meshfix_defective/stl/uv1_Ant.stl,ok,False,,6336,2112,False,True,2112,3.081740071431104e-05,2112,0,0,1058,2112,True,True,2,3.081740071431104e-05,
du,/home/asunkari/ros-worm/openworm_geometry/object_stls/stl/du.stl,/home/asunkari/ros-worm/openworm_geometry/object_stls_repaired_meshfix_defective/stl/du.stl,ok,False,,7488,2496,False,True,2496,0.0036937360225780375,2496,0,0,1250,2496,True,True,2,0.0036937360225780375,
ut3_Post,/home/asunkari/ros-worm/openworm_geometry/object_stls/stl/ut3_Post.stl,/home/asunkari/ros-worm/openworm_geometry/object_stls_repaired_meshfix_defective/stl/ut3_Post.stl,ok,False,,4608,1536,False,True,1536,0.0022949821019524106,1536,0,0,768,1536,True,True,0,0.0022949821019524106,
ut2_Post,/home/asunkari/ros-worm/openworm_geometry/object_stls/stl/ut2_Post.stl,/home/asunkari/ros-worm/openworm_geometry/object_stls_repaired_meshfix_defective/stl/ut2_Post.stl,ok,False,,6144,2048,False,True,2048,0.005335139930823599,2048,0,0,1024,2048,True,True,0,0.005335139930823599,
ut1_Post,/home/asunkari/ros-worm/openworm_geometry/object_stls/stl/ut1_Post.stl,/home/asunkari/ros-worm/openworm_geometry/object_stls_repaired_meshfix_defective/stl/ut1_Post.stl,ok,False,,13248,4416,False,True,4416,0.003287942599237882,4416,0,0,2208,4416,True,True,0,0.003287942599237882,
ut1_Ant,/home/asunkari/ros-worm/openworm_geometry/object_stls/stl/ut1_Ant.stl,/home/asunkari/ros-worm/openworm_geometry/object_stls_repaired_meshfix_defective/stl/ut1_Ant.stl,ok,False,,12288,4096,False,True,4096,0.002157457078736383,4096,0,0,2048,4096,True,True,0,0.002157457078736383,
ut3_Ant,/home/asunkari/ros-worm/openworm_geometry/object_stls/stl/ut3_Ant.stl,/home/asunkari/ros-worm/openworm_geometry/object_stls_repaired_meshfix_defective/stl/ut3_Ant.stl,ok,True,,6048,2016,False,True,2016,0.005321953432315139,2016,0,0,1025,2050,True,True,0,0.005321953429382217,
utse,/home/asunkari/ros-worm/openworm_geometry/object_stls/stl/utse.stl,/home/asunkari/ros-worm/openworm_geometry/object_stls_repaired_meshfix_defective/stl/utse.stl,ok,False,,25728,8576,False,True,8576,0.0007629549134738436,8576,0,0,4288,8576,True,True,0,0.0007629549134738436,
ut4_Post,/home/asunkari/ros-worm/openworm_geometry/object_stls/stl/ut4_Post.stl,/home/asunkari/ros-worm/openworm_geometry/object_stls_repaired_meshfix_defective/stl/ut4_Post.stl,ok,False,,4608,1536,False,True,1536,0.0009457713490257117,1536,0,0,768,1536,True,True,0,0.0009457713490257117,
ut4_Ant,/home/asunkari/ros-worm/openworm_geometry/object_stls/stl/ut4_Ant.stl,/home/asunkari/ros-worm/openworm_geometry/object_stls_repaired_meshfix_defective/stl/ut4_Ant.stl,ok,False,,3456,1152,False,True,1152,0.00254901774792284,1152,0,0,576,1152,True,True,0,0.00254901774792284,
Sp_Ut_Valve_Post,/home/asunkari/ros-worm/openworm_geometry/object_stls/stl/Sp_Ut_Valve_Post.stl,/home/asunkari/ros-worm/openworm_geometry/object_stls_repaired_meshfix_defective/stl/Sp_Ut_Valve_Post.stl,ok,False,,3456,1152,False,True,1152,0.0007672779848757833,1152,0,0,576,1152,True,True,0,0.0007672779848757833,
Sp_Ut_Valve_Ant,/home/asunkari/ros-worm/openworm_geometry/object_stls/stl/Sp_Ut_Valve_Ant.stl,/home/asunkari/ros-worm/openworm_geometry/object_stls_repaired_meshfix_defective/stl/Sp_Ut_Valve_Ant.stl,ok,False,,3456,1152,False,True,1152,0.0011503361269070208,1152,0,0,576,1152,True,True,0,0.0011503361269070208,
Gonadal_Sheath_P5V,/home/asunkari/ros-worm/openworm_geometry/object_stls/stl/Gonadal_Sheath_P5V.stl,/home/asunkari/ros-worm/openworm_geometry/object_stls_repaired_meshfix_defective/stl/Gonadal_Sheath_P5V.stl,ok,False,,7440,2480,False,True,2480,0.001771178545032939,2480,0,0,1242,2480,True,True,2,0.001771178545032939,
Oocyte_Post_8,/home/asunkari/ros-worm/openworm_geometry/object_stls/stl/Oocyte_Post_8.stl,/home/asunkari/ros-worm/openworm_geometry/object_stls_repaired_meshfix_defective/stl/Oocyte_Post_8.stl,ok,False,,2688,896,False,True,896,0.0011678895361306382,896,0,0,450,896,True,True,2,0.0011678895361306382,
Oocyte_Post_7,/home/asunkari/ros-worm/openworm_geometry/object_stls/stl/Oocyte_Post_7.stl,/home/asunkari/ros-worm/openworm_geometry/object_stls_repaired_meshfix_defective/stl/Oocyte_Post_7.stl,ok,False,,2112,704,False,True,704,0.0013742455020889603,704,0,0,354,704,True,True,2,0.0013742455020889603,
Oocyte_Post_6,/home/asunkari/ros-worm/openworm_geometry/object_stls/stl/Oocyte_Post_6.stl,/home/asunkari/ros-worm/openworm_geometry/object_stls_repaired_meshfix_defective/stl/Oocyte_Post_6.stl,ok,False,,2112,704,False,True,704,0.00151183391768926,704,0,0,354,704,True,True,2,0.00151183391768926,
Oocyte_Post_5,/home/asunkari/ros-worm/openworm_geometry/object_stls/stl/Oocyte_Post_5.stl,/home/asunkari/ros-worm/openworm_geometry/object_stls_repaired_meshfix_defective/stl/Oocyte_Post_5.stl,ok,False,,2112,704,False,True,704,0.0027058693557671133,704,0,0,354,704,True,True,2,0.0027058693557671133,
Oocyte_Post_4,/home/asunkari/ros-worm/openworm_geometry/object_stls/stl/Oocyte_Post_4.stl,/home/asunkari/ros-worm/openworm_geometry/object_stls_repaired_meshfix_defective/stl/Oocyte_Post_4.stl,ok,False,,2112,704,False,True,704,0.0028497158754279515,704,0,0,354,704,True,True,2,0.0028497158754279515,
Oocyte_Post_3,/home/asunkari/ros-worm/openworm_geometry/object_stls/stl/Oocyte_Post_3.stl,/home/asunkari/ros-worm/openworm_geometry/object_stls_repaired_meshfix_defective/stl/Oocyte_Post_3.stl,ok,False,,2112,704,False,True,704,0.0024737416904134354,704,0,0,354,704,True,True,2,0.0024737416904134354,
Oocyte_Post_2,/home/asunkari/ros-worm/openworm_geometry/object_stls/stl/Oocyte_Post_2.stl,/home/asunkari/ros-worm/openworm_geometry/object_stls_repaired_meshfix_defective/stl/Oocyte_Post_2.stl,ok,False,,2112,704,False,True,704,0.0019239466109780268,704,0,0,354,704,True,True,2,0.0019239466109780268,
Oocyte_Post_1,/home/asunkari/ros-worm/openworm_geometry/object_stls/stl/Oocyte_Post_1.stl,/home/asunkari/ros-worm/openworm_geometry/object_stls_repaired_meshfix_defective/stl/Oocyte_Post_1.stl,ok,False,,2112,704,False,True,704,0.0021167273772677788,704,0,0,354,704,True,True,2,0.0021167273772677788,
Oocyte_Ant_10,/home/asunkari/ros-worm/openworm_geometry/object_stls/stl/Oocyte_Ant_10.stl,/home/asunkari/ros-worm/openworm_geometry/object_stls_repaired_meshfix_defective/stl/Oocyte_Ant_10.stl,ok,False,,2112,704,False,True,704,0.0012450801792223,704,0,0,354,704,True,True,2,0.0012450801792223,
Oocyte_Ant_9,/home/asunkari/ros-worm/openworm_geometry/object_stls/stl/Oocyte_Ant_9.stl,/home/asunkari/ros-worm/openworm_geometry/object_stls_repaired_meshfix_defective/stl/Oocyte_Ant_9.stl,ok,False,,2112,704,False,True,704,0.0014586095372296395,704,0,0,354,704,True,True,2,0.0014586095372296395,
Oocyte_Ant_8,/home/asunkari/ros-worm/openworm_geometry/object_stls/stl/Oocyte_Ant_8.stl,/home/asunkari/ros-worm/openworm_geometry/object_stls_repaired_meshfix_defective/stl/Oocyte_Ant_8.stl,ok,False,,2112,704,False,True,704,0.0015554890545787332,704,0,0,354,704,True,True,2,0.0015554890545787332,
Oocyte_Ant_7,/home/asunkari/ros-worm/openworm_geometry/object_stls/stl/Oocyte_Ant_7.stl,/home/asunkari/ros-worm/openworm_geometry/object_stls_repaired_meshfix_defective/stl/Oocyte_Ant_7.stl,ok,False,,2112,704,False,True,704,0.00236666580480022,704,0,0,354,704,True,True,2,0.00236666580480022,
Oocyte_Ant_6,/home/asunkari/ros-worm/openworm_geometry/object_stls/stl/Oocyte_Ant_6.stl,/home/asunkari/ros-worm/openworm_geometry/object_stls_repaired_meshfix_defective/stl/Oocyte_Ant_6.stl,ok,False,,2112,704,False,True,704,0.002242188629035425,704,0,0,354,704,True,True,2,0.002242188629035425,
Oocyte_Ant_5,/home/asunkari/ros-worm/openworm_geometry/object_stls/stl/Oocyte_Ant_5.stl,/home/asunkari/ros-worm/openworm_geometry/object_stls_repaired_meshfix_defective/stl/Oocyte_Ant_5.stl,ok,False,,2112,704,False,True,704,0.00166622966335604,704,0,0,354,704,True,True,2,0.00166622966335604,
Oocyte_Ant_4,/home/asunkari/ros-worm/openworm_geometry/object_stls/stl/Oocyte_Ant_4.stl,/home/asunkari/ros-worm/openworm_geometry/object_stls_repaired_meshfix_defective/stl/Oocyte_Ant_4.stl,ok,False,,2112,704,False,True,704,0.0016989601863841364,704,0,0,354,704,True,True,2,0.0016989601863841364,
Oocyte_Ant_3,/home/asunkari/ros-worm/openworm_geometry/object_stls/stl/Oocyte_Ant_3.stl,/home/asunkari/ros-worm/openworm_geometry/object_stls_repaired_meshfix_defective/stl/Oocyte_Ant_3.stl,ok,False,,2112,704,False,True,704,0.0016182978913024937,704,0,0,354,704,True,True,2,0.0016182978913024937,
Oocyte_Ant_2,/home/asunkari/ros-worm/openworm_geometry/object_stls/stl/Oocyte_Ant_2.stl,/home/asunkari/ros-worm/openworm_geometry/object_stls_repaired_meshfix_defective/stl/Oocyte_Ant_2.stl,ok,False,,2112,704,False,True,704,0.00157708971995002,704,0,0,354,704,True,True,2,0.00157708971995002,
Oocyte_Ant_1,/home/asunkari/ros-worm/openworm_geometry/object_stls/stl/Oocyte_Ant_1.stl,/home/asunkari/ros-worm/openworm_geometry/object_stls_repaired_meshfix_defective/stl/Oocyte_Ant_1.stl,ok,False,,2112,704,False,True,704,0.0015424670072333498,704,0,0,354,704,True,True,2,0.0015424670072333498,
Gonadal_Sheath_A5V,/home/asunkari/ros-worm/openworm_geometry/object_stls/stl/Gonadal_Sheath_A5V.stl,/home/asunkari/ros-worm/openworm_geometry/object_stls_repaired_meshfix_defective/stl/Gonadal_Sheath_A5V.stl,ok,False,,6816,2272,False,True,2272,0.0018588629994702368,2272,0,0,1138,2272,True,True,2,0.0018588629994702368,
Pharyn-Intest-Valve,/home/asunkari/ros-worm/openworm_geometry/object_stls/stl/Pharyn-Intest-Valve.stl,/home/asunkari/ros-worm/openworm_geometry/object_stls_repaired_meshfix_defective/stl/Pharyn-Intest-Valve.stl,ok,False,,12288,4096,False,True,4096,0.001704578530983724,4096,0,0,2048,4096,True,True,0,0.001704578530983724,
int1DL,/home/asunkari/ros-worm/openworm_geometry/object_stls/stl/int1DL.stl,/home/asunkari/ros-worm/openworm_geometry/object_stls_repaired_meshfix_defective/stl/int1DL.stl,ok,True,,6528,2176,False,True,2176,-0.008393141828052404,2176,0,0,1090,2176,True,True,2,0.008393141828052404,
Anus,/home/asunkari/ros-worm/openworm_geometry/object_stls/stl/Anus.stl,/home/asunkari/ros-worm/openworm_geometry/object_stls_repaired_meshfix_defective/stl/Anus.stl,ok,True,,1920,640,False,True,640,2.726741886104175e-05,640,0,0,388,772,True,True,2,2.796164493722698e-05,
int9L,/home/asunkari/ros-worm/openworm_geometry/object_stls/stl/int9L.stl,/home/asunkari/ros-worm/openworm_geometry/object_stls_repaired_meshfix_defective/stl/int9L.stl,ok,False,,9024,3008,False,True,3008,0.006400224967020821,3008,0,0,1506,3008,True,True,2,0.006400224967020821,
int8L,/home/asunkari/ros-worm/openworm_geometry/object_stls/stl/int8L.stl,/home/asunkari/ros-worm/openworm_geometry/object_stls_repaired_meshfix_defective/stl/int8L.stl,ok,False,,5568,1856,False,True,1856,0.00943660922358536,1856,0,0,930,1856,True,True,2,0.00943660922358536,
int7L,/home/asunkari/ros-worm/openworm_geometry/object_stls/stl/int7L.stl,/home/asunkari/ros-worm/openworm_geometry/object_stls_repaired_meshfix_defective/stl/int7L.stl,ok,False,,5568,1856,False,True,1856,0.01646872472766435,1856,0,0,930,1856,True,True,2,0.01646872472766435,
int6L,/home/asunkari/ros-worm/openworm_geometry/object_stls/stl/int6L.stl,/home/asunkari/ros-worm/openworm_geometry/object_stls_repaired_meshfix_defective/stl/int6L.stl,ok,False,,7872,2624,False,True,2624,0.01943171163057537,2624,0,0,1314,2624,True,True,2,0.01943171163057537,
int5L,/home/asunkari/ros-worm/openworm_geometry/object_stls/stl/int5L.stl,/home/asunkari/ros-worm/openworm_geometry/object_stls_repaired_meshfix_defective/stl/int5L.stl,ok,False,,6720,2240,False,True,2240,0.02299854616797509,2240,0,0,1122,2240,True,True,2,0.02299854616797509,
int4V,/home/asunkari/ros-worm/openworm_geometry/object_stls/stl/int4V.stl,/home/asunkari/ros-worm/openworm_geometry/object_stls_repaired_meshfix_defective/stl/int4V.stl,ok,False,,7872,2624,False,True,2624,0.020889124908200284,2624,0,0,1314,2624,True,True,2,0.020889124908200284,
int3V,/home/asunkari/ros-worm/openworm_geometry/object_stls/stl/int3V.stl,/home/asunkari/ros-worm/openworm_geometry/object_stls_repaired_meshfix_defective/stl/int3V.stl,ok,False,,6192,2064,False,True,2064,0.018287304049668596,2064,0,0,1034,2064,True,True,2,0.018287304049668596,
int2D,/home/asunkari/ros-worm/openworm_geometry/object_stls/stl/int2D.stl,/home/asunkari/ros-worm/openworm_geometry/object_stls_repaired_meshfix_defective/stl/int2D.stl,ok,False,,6720,2240,False,True,2240,0.01797870827609727,2240,0,0,1122,2240,True,True,2,0.01797870827609727,
int1VR,/home/asunkari/ros-worm/openworm_geometry/object_stls/stl/int1VR.stl,/home/asunkari/ros-worm/openworm_geometry/object_stls_repaired_meshfix_defective/stl/int1VR.stl,ok,False,,6576,2192,False,True,2192,0.0074852646274453745,2192,0,0,1098,2192,True,True,2,0.0074852646274453745,
int1VL,/home/asunkari/ros-worm/openworm_geometry/object_stls/stl/int1VL.stl,/home/asunkari/ros-worm/openworm_geometry/object_stls_repaired_meshfix_defective/stl/int1VL.stl,ok,False,,6528,2176,False,True,2176,0.0071309302637164096,2176,0,0,1090,2176,True,True,2,0.0071309302637164096,
int4D,/home/asunkari/ros-worm/openworm_geometry/object_stls/stl/int4D.stl,/home/asunkari/ros-worm/openworm_geometry/object_stls_repaired_meshfix_defective/stl/int4D.stl,ok,False,,7872,2624,False,True,2624,0.01795797943281637,2624,0,0,1314,2624,True,True,2,0.01795797943281637,
int6R,/home/asunkari/ros-worm/openworm_geometry/object_stls/stl/int6R.stl,/home/asunkari/ros-worm/openworm_geometry/object_stls_repaired_meshfix_defective/stl/int6R.stl,ok,False,,7872,2624,False,True,2624,0.01763062169357538,2624,0,0,1314,2624,True,True,2,0.01763062169357538,
int5R,/home/asunkari/ros-worm/openworm_geometry/object_stls/stl/int5R.stl,/home/asunkari/ros-worm/openworm_geometry/object_stls_repaired_meshfix_defective/stl/int5R.stl,ok,False,,6720,2240,False,True,2240,0.023373352390787337,2240,0,0,1122,2240,True,True,2,0.023373352390787337,
Y,/home/asunkari/ros-worm/openworm_geometry/object_stls/stl/Y.stl,/home/asunkari/ros-worm/openworm_geometry/object_stls_repaired_meshfix_defective/stl/Y.stl,ok,False,,4416,1472,False,True,1472,9.033156188394945e-06,1472,0,0,738,1472,True,True,2,9.033156188394945e-06,
B,/home/asunkari/ros-worm/openworm_geometry/object_stls/stl/B.stl,/home/asunkari/ros-worm/openworm_geometry/object_stls_repaired_meshfix_defective/stl/B.stl,ok,False,,4416,1472,False,True,1472,1.2055590459600106e-05,1472,0,0,738,1472,True,True,2,1.2055590459600106e-05,
U,/home/asunkari/ros-worm/openworm_geometry/object_stls/stl/U.stl,/home/asunkari/ros-worm/openworm_geometry/object_stls_repaired_meshfix_defective/stl/U.stl,ok,False,,4416,1472,False,True,1472,1.7874277481068232e-05,1472,0,0,738,1472,True,True,2,1.7874277481068232e-05,
F,/home/asunkari/ros-worm/openworm_geometry/object_stls/stl/F.stl,/home/asunkari/ros-worm/openworm_geometry/object_stls_repaired_meshfix_defective/stl/F.stl,ok,False,,4416,1472,False,True,1472,2.053304178306944e-05,1472,0,0,738,1472,True,True,2,2.053304178306944e-05,
K,/home/asunkari/ros-worm/openworm_geometry/object_stls/stl/K.stl,/home/asunkari/ros-worm/openworm_geometry/object_stls_repaired_meshfix_defective/stl/K.stl,ok,False,,4416,1472,False,True,1472,3.1274898046838146e-05,1472,0,0,738,1472,True,True,2,3.1274898046838146e-05,
Kprime,/home/asunkari/ros-worm/openworm_geometry/object_stls/stl/Kprime.stl,/home/asunkari/ros-worm/openworm_geometry/object_stls_repaired_meshfix_defective/stl/Kprime.stl,ok,False,,4416,1472,False,True,1472,2.9135308746343285e-05,1472,0,0,738,1472,True,True,2,2.9135308746343285e-05,
vpi3_V,/home/asunkari/ros-worm/openworm_geometry/object_stls/stl/vpi3_V.stl,/home/asunkari/ros-worm/openworm_geometry/object_stls_repaired_meshfix_defective/stl/vpi3_V.stl,ok,False,,5664,1888,False,True,1888,0.00020697955615775772,1888,0,0,946,1888,True,True,2,0.00020697955615775772,
vpi3_D,/home/asunkari/ros-worm/openworm_geometry/object_stls/stl/vpi3_D.stl,/home/asunkari/ros-worm/openworm_geometry/object_stls_repaired_meshfix_defective/stl/vpi3_D.stl,ok,False,,5664,1888,False,True,1888,0.0003420953004511556,1888,0,0,946,1888,True,True,2,0.0003420953004511556,
vpi2_DL,/home/asunkari/ros-worm/openworm_geometry/object_stls/stl/vpi2_DL.stl,/home/asunkari/ros-worm/openworm_geometry/object_stls_repaired_meshfix_defective/stl/vpi2_DL.stl,ok,False,,5616,1872,False,True,1872,0.00011362376045023557,1872,0,0,938,1872,True,True,2,0.00011362376045023557,
vpi2_V,/home/asunkari/ros-worm/openworm_geometry/object_stls/stl/vpi2_V.stl,/home/asunkari/ros-worm/openworm_geometry/object_stls_repaired_meshfix_defective/stl/vpi2_V.stl,ok,True,,6816,2272,False,True,2272,-0.00014109653010715599,2272,0,0,1138,2272,True,True,2,0.000141096530107156,
vpi2_DR,/home/asunkari/ros-worm/openworm_geometry/object_stls/stl/vpi2_DR.stl,/home/asunkari/ros-worm/openworm_geometry/object_stls_repaired_meshfix_defective/stl/vpi2_DR.stl,ok,False,,5616,1872,False,True,1872,0.00011354592888961563,1872,0,0,938,1872,True,True,2,0.00011354592888961563,
vpi1,/home/asunkari/ros-worm/openworm_geometry/object_stls/stl/vpi1.stl,/home/asunkari/ros-worm/openworm_geometry/object_stls_repaired_meshfix_defective/stl/vpi1.stl,ok,True,,24576,8192,False,True,8192,-0.00033072604922734826,8192,0,0,4096,8192,True,True,0,0.00033072604922734826,
int9R,/home/asunkari/ros-worm/openworm_geometry/object_stls/stl/int9R.stl,/home/asunkari/ros-worm/openworm_geometry/object_stls_repaired_meshfix_defective/stl/int9R.stl,ok,False,,9024,3008,False,True,3008,0.006588682869064625,3008,0,0,1506,3008,True,True,2,0.006588682869064625,
int8R,/home/asunkari/ros-worm/openworm_geometry/object_stls/stl/int8R.stl,/home/asunkari/ros-worm/openworm_geometry/object_stls_repaired_meshfix_defective/stl/int8R.stl,ok,False,,5568,1856,False,True,1856,0.009961908725897044,1856,0,0,930,1856,True,True,2,0.009961908725897044,
int2V,/home/asunkari/ros-worm/openworm_geometry/object_stls/stl/int2V.stl,/home/asunkari/ros-worm/openworm_geometry/object_stls_repaired_meshfix_defective/stl/int2V.stl,ok,False,,5568,1856,False,True,1856,0.018853411449414794,1856,0,0,930,1856,True,True,2,0.018853411449414794,
int1DR,/home/asunkari/ros-worm/openworm_geometry/object_stls/stl/int1DR.stl,/home/asunkari/ros-worm/openworm_geometry/object_stls_repaired_meshfix_defective/stl/int1DR.stl,ok,False,,6528,2176,False,True,2176,0.008714175707438874,2176,0,0,1090,2176,True,True,2,0.008714175707438874,
int7R,/home/asunkari/ros-worm/openworm_geometry/object_stls/stl/int7R.stl,/home/asunkari/ros-worm/openworm_geometry/object_stls_repaired_meshfix_defective/stl/int7R.stl,ok,False,,5568,1856,False,True,1856,0.017045132072701998,1856,0,0,930,1856,True,True,2,0.017045132072701998,
int3D,/home/asunkari/ros-worm/openworm_geometry/object_stls/stl/int3D.stl,/home/asunkari/ros-worm/openworm_geometry/object_stls_repaired_meshfix_defective/stl/int3D.stl,ok,False,,6720,2240,False,True,2240,0.01619217258310531,2240,0,0,1122,2240,True,True,2,0.01619217258310531,
ALNR,/home/asunkari/ros-worm/openworm_geometry/object_stls/stl/ALNR.stl,/home/asunkari/ros-worm/openworm_geometry/object_stls_repaired_meshfix_defective/stl/ALNR.stl,ok,False,,17472,5824,False,True,5824,2.7756035973935754e-05,5824,0,0,2914,5824,True,True,2,2.7756035973935754e-05,
PLNR,/home/asunkari/ros-worm/openworm_geometry/object_stls/stl/PLNR.stl,/home/asunkari/ros-worm/openworm_geometry/object_stls_repaired_meshfix_defective/stl/PLNR.stl,ok,False,,20544,6848,False,True,6848,3.1225826571873914e-05,6848,0,0,3426,6848,True,True,2,3.1225826571873914e-05,
CANL,/home/asunkari/ros-worm/openworm_geometry/object_stls/stl/CANL.stl,/home/asunkari/ros-worm/openworm_geometry/object_stls_repaired_meshfix_defective/stl/CANL.stl,ok,False,,13632,4544,False,True,4544,0.0003288377616424978,4544,0,0,2274,4544,True,True,2,0.0003288377616424978,
URYVR,/home/asunkari/ros-worm/openworm_geometry/object_stls/stl/URYVR.stl,/home/asunkari/ros-worm/openworm_geometry/object_stls_repaired_meshfix_defective/stl/URYVR.stl,ok,False,,7872,2624,False,True,2624,9.783240354455857e-06,2624,0,0,1314,2624,True,True,2,9.783240354455857e-06,
AUAR,/home/asunkari/ros-worm/openworm_geometry/object_stls/stl/AUAR.stl,/home/asunkari/ros-worm/openworm_geometry/object_stls_repaired_meshfix_defective/stl/AUAR.stl,ok,False,,13248,4416,False,True,4416,6.61718766557249e-06,4416,0,0,2210,4416,True,True,2,6.61718766557249e-06,
PLNL,/home/asunkari/ros-worm/openworm_geometry/object_stls/stl/PLNL.stl,/home/asunkari/ros-worm/openworm_geometry/object_stls_repaired_meshfix_defective/stl/PLNL.stl,ok,False,,19776,6592,False,True,6592,3.053234905214226e-05,6592,0,0,3298,6592,True,True,2,3.053234905214226e-05,
ALNL,/home/asunkari/ros-worm/openworm_geometry/object_stls/stl/ALNL.stl,/home/asunkari/ros-worm/openworm_geometry/object_stls_repaired_meshfix_defective/stl/ALNL.stl,ok,False,,17472,5824,False,True,5824,2.7745022649134354e-05,5824,0,0,2914,5824,True,True,2,2.7745022649134354e-05,
CANR,/home/asunkari/ros-worm/openworm_geometry/object_stls/stl/CANR.stl,/home/asunkari/ros-worm/openworm_geometry/object_stls_repaired_meshfix_defective/stl/CANR.stl,ok,False,,13632,4544,False,True,4544,0.00032889343655211257,4544,0,0,2274,4544,True,True,2,0.00032889343655211257,
URYDR,/home/asunkari/ros-worm/openworm_geometry/object_stls/stl/URYDR.stl,/home/asunkari/ros-worm/openworm_geometry/object_stls_repaired_meshfix_defective/stl/URYDR.stl,ok,False,,11712,3904,False,True,3904,1.4202098388931507e-05,3904,0,0,1954,3904,True,True,2,1.4202098388931507e-05,
ALA,/home/asunkari/ros-worm/openworm_geometry/object_stls/stl/ALA.stl,/home/asunkari/ros-worm/openworm_geometry/object_stls_repaired_meshfix_defective/stl/ALA.stl,ok,False,,29952,9984,False,True,9984,0.00024272862983917357,9984,0,0,4994,9984,True,True,2,0.00024272862983917357,
AUAL,/home/asunkari/ros-worm/openworm_geometry/object_stls/stl/AUAL.stl,/home/asunkari/ros-worm/openworm_geometry/object_stls_repaired_meshfix_defective/stl/AUAL.stl,ok,False,,13248,4416,False,True,4416,6.617182737848397e-06,4416,0,0,2210,4416,True,True,2,6.617182737848397e-06,
URYDL,/home/asunkari/ros-worm/openworm_geometry/object_stls/stl/URYDL.stl,/home/asunkari/ros-worm/openworm_geometry/object_stls_repaired_meshfix_defective/stl/URYDL.stl,ok,False,,11712,3904,False,True,3904,1.4202089872748963e-05,3904,0,0,1954,3904,True,True,2,1.4202089872748963e-05,
URYVL,/home/asunkari/ros-worm/openworm_geometry/object_stls/stl/URYVL.stl,/home/asunkari/ros-worm/openworm_geometry/object_stls_repaired_meshfix_defective/stl/URYVL.stl,ok,False,,7872,2624,False,True,2624,9.783239652499508e-06,2624,0,0,1314,2624,True,True,2,9.783239652499508e-06,
OLQVR,/home/asunkari/ros-worm/openworm_geometry/object_stls/stl/OLQVR.stl,/home/asunkari/ros-worm/openworm_geometry/object_stls_repaired_meshfix_defective/stl/OLQVR.stl,ok,False,,7872,2624,False,True,2624,6.830770289144754e-06,2624,0,0,1314,2624,True,True,2,6.830770289144754e-06,
IL1VR,/home/asunkari/ros-worm/openworm_geometry/object_stls/stl/IL1VR.stl,/home/asunkari/ros-worm/openworm_geometry/object_stls_repaired_meshfix_defective/stl/IL1VR.stl,ok,False,,8256,2752,False,True,2752,9.595176038164955e-06,2752,0,0,1378,2752,True,True,2,9.595176038164955e-06,
IL1R,/home/asunkari/ros-worm/openworm_geometry/object_stls/stl/IL1R.stl,/home/asunkari/ros-worm/openworm_geometry/object_stls_repaired_meshfix_defective/stl/IL1R.stl,ok,False,,10944,3648,False,True,3648,1.4326871250404385e-05,3648,0,0,1826,3648,True,True,2,1.4326871250404385e-05,
NSMR,/home/asunkari/ros-worm/openworm_geometry/object_stls/stl/NSMR.stl,/home/asunkari/ros-worm/openworm_geometry/object_stls_repaired_meshfix_defective/stl/NSMR.stl,ok,False,,9408,3136,False,True,3136,1.1707360315675227e-05,3136,0,0,1570,3136,True,True,2,1.1707360315675227e-05,
MCR,/home/asunkari/ros-worm/openworm_geometry/object_stls/stl/MCR.stl,/home/asunkari/ros-worm/openworm_geometry/object_stls_repaired_meshfix_defective/stl/MCR.stl,ok,False,,11712,3904,False,True,3904,1.5405127145360825e-05,3904,0,0,1954,3904,True,True,2,1.5405127145360825e-05,
MCL,/home/asunkari/ros-worm/openworm_geometry/object_stls/stl/MCL.stl,/home/asunkari/ros-worm/openworm_geometry/object_stls_repaired_meshfix_defective/stl/MCL.stl,ok,False,,11712,3904,False,True,3904,1.5405167575259552e-05,3904,0,0,1954,3904,True,True,2,1.5405167575259552e-05,
OLQDR,/home/asunkari/ros-worm/openworm_geometry/object_stls/stl/OLQDR.stl,/home/asunkari/ros-worm/openworm_geometry/object_stls_repaired_meshfix_defective/stl/OLQDR.stl,ok,True,,9408,3136,False,True,3136,-1.931210085305823e-05,3136,0,0,1570,3136,True,True,2,1.931210085305823e-05,
NSML,/home/asunkari/ros-worm/openworm_geometry/object_stls/stl/NSML.stl,/home/asunkari/ros-worm/openworm_geometry/object_stls_repaired_meshfix_defective/stl/NSML.stl,ok,False,,9408,3136,False,True,3136,1.1707352186407487e-05,3136,0,0,1570,3136,True,True,2,1.1707352186407487e-05,
IL1DR,/home/asunkari/ros-worm/openworm_geometry/object_stls/stl/IL1DR.stl,/home/asunkari/ros-worm/openworm_geometry/object_stls_repaired_meshfix_defective/stl/IL1DR.stl,ok,False,,2268,756,False,True,756,1.9158842712679277e-05,756,0,0,380,756,True,True,2,1.9158842712679277e-05,
AVL,/home/asunkari/ros-worm/openworm_geometry/object_stls/stl/AVL.stl,/home/asunkari/ros-worm/openworm_geometry/object_stls_repaired_meshfix_defective/stl/AVL.stl,ok,True,,25152,8384,False,True,8384,-6.081915294907499e-05,8384,0,0,4194,8384,True,True,2,6.081915294907498e-05,
IL1DL,/home/asunkari/ros-worm/openworm_geometry/object_stls/stl/IL1DL.stl,/home/asunkari/ros-worm/openworm_geometry/object_stls_repaired_meshfix_defective/stl/IL1DL.stl,ok,False,,2268,756,False,True,756,1.915890443250986e-05,756,0,0,380,756,True,True,2,1.915890443250986e-05,
IL1VL,/home/asunkari/ros-worm/openworm_geometry/object_stls/stl/IL1VL.stl,/home/asunkari/ros-worm/openworm_geometry/object_stls_repaired_meshfix_defective/stl/IL1VL.stl,ok,False,,8256,2752,False,True,2752,9.595162058443646e-06,2752,0,0,1378,2752,True,True,2,9.595162058443646e-06,
IL1L,/home/asunkari/ros-worm/openworm_geometry/object_stls/stl/IL1L.stl,/home/asunkari/ros-worm/openworm_geometry/object_stls_repaired_meshfix_defective/stl/IL1L.stl,ok,False,,10944,3648,False,True,3648,1.4326858409153504e-05,3648,0,0,1826,3648,True,True,2,1.4326858409153504e-05,
OLQDL,/home/asunkari/ros-worm/openworm_geometry/object_stls/stl/OLQDL.stl,/home/asunkari/ros-worm/openworm_geometry/object_stls_repaired_meshfix_defective/stl/OLQDL.stl,ok,True,,9408,3136,False,True,3136,-1.9312097761391397e-05,3136,0,0,1570,3136,True,True,2,1.9312097761391394e-05,
OLQVL,/home/asunkari/ros-worm/openworm_geometry/object_stls/stl/OLQVL.stl,/home/asunkari/ros-worm/openworm_geometry/object_stls_repaired_meshfix_defective/stl/OLQVL.stl,ok,False,,7872,2624,False,True,2624,6.830757124003911e-06,2624,0,0,1314,2624,True,True,2,6.830757124003911e-06,
GLRVR,/home/asunkari/ros-worm/openworm_geometry/object_stls/stl/GLRVR.stl,/home/asunkari/ros-worm/openworm_geometry/object_stls_repaired_meshfix_defective/stl/GLRVR.stl,ok,False,,6720,2240,False,True,2240,1.5910113435042113e-05,2240,0,0,1122,2240,True,True,2,1.5910113435042113e-05,
GLRDR,/home/asunkari/ros-worm/openworm_geometry/object_stls/stl/GLRDR.stl,/home/asunkari/ros-worm/openworm_geometry/object_stls_repaired_meshfix_defective/stl/GLRDR.stl,ok,False,,7488,2496,False,True,2496,1.781879838346278e-05,2496,0,0,1250,2496,True,True,2,1.781879838346278e-05,
GLRR,/home/asunkari/ros-worm/openworm_geometry/object_stls/stl/GLRR.stl,/home/asunkari/ros-worm/openworm_geometry/object_stls_repaired_meshfix_defective/stl/GLRR.stl,ok,False,,8256,2752,False,True,2752,1.7875040135159818e-05,2752,0,0,1378,2752,True,True,2,1.7875040135159818e-05,
GLRL,/home/asunkari/ros-worm/openworm_geometry/object_stls/stl/GLRL.stl,/home/asunkari/ros-worm/openworm_geometry/object_stls_repaired_meshfix_defective/stl/GLRL.stl,ok,False,,8256,2752,False,True,2752,1.7875058052964997e-05,2752,0,0,1378,2752,True,True,2,1.7875058052964997e-05,
GLRDL,/home/asunkari/ros-worm/openworm_geometry/object_stls/stl/GLRDL.stl,/home/asunkari/ros-worm/openworm_geometry/object_stls_repaired_meshfix_defective/stl/GLRDL.stl,ok,False,,7488,2496,False,True,2496,1.7818780072438185e-05,2496,0,0,1250,2496,True,True,2,1.7818780072438185e-05,
GLRVL,/home/asunkari/ros-worm/openworm_geometry/object_stls/stl/GLRVL.stl,/home/asunkari/ros-worm/openworm_geometry/object_stls_repaired_meshfix_defective/stl/GLRVL.stl,ok,False,,6720,2240,False,True,2240,1.5910107613477074e-05,2240,0,0,1122,2240,True,True,2,1.5910107613477074e-05,
ccDR,/home/asunkari/ros-worm/openworm_geometry/object_stls/stl/ccDR.stl,/home/asunkari/ros-worm/openworm_geometry/object_stls_repaired_meshfix_defective/stl/ccDR.stl,ok,False,,5760,1920,False,True,1920,5.9695092782271975e-05,1920,0,0,962,1920,True,True,2,5.9695092782271975e-05,
ccDL,/home/asunkari/ros-worm/openworm_geometry/object_stls/stl/ccDL.stl,/home/asunkari/ros-worm/openworm_geometry/object_stls_repaired_meshfix_defective/stl/ccDL.stl,ok,False,,5760,1920,False,True,1920,5.969508465307811e-05,1920,0,0,962,1920,True,True,2,5.969508465307811e-05,
ccPL,/home/asunkari/ros-worm/openworm_geometry/object_stls/stl/ccPL.stl,/home/asunkari/ros-worm/openworm_geometry/object_stls_repaired_meshfix_defective/stl/ccPL.stl,ok,False,,5760,1920,False,True,1920,5.969509386045135e-05,1920,0,0,962,1920,True,True,2,5.969509386045135e-05,
ccAL,/home/asunkari/ros-worm/openworm_geometry/object_stls/stl/ccAL.stl,/home/asunkari/ros-worm/openworm_geometry/object_stls_repaired_meshfix_defective/stl/ccAL.stl,ok,False,,5760,1920,False,True,1920,5.969509152068894e-05,1920,0,0,962,1920,True,True,2,5.969509152068894e-05,
ccAR,/home/asunkari/ros-worm/openworm_geometry/object_stls/stl/ccAR.stl,/home/asunkari/ros-worm/openworm_geometry/object_stls_repaired_meshfix_defective/stl/ccAR.stl,ok,False,,5760,1920,False,True,1920,5.969510420319987e-05,1920,0,0,962,1920,True,True,2,5.969510420319987e-05,
ccPR,/home/asunkari/ros-worm/openworm_geometry/object_stls/stl/ccPR.stl,/home/asunkari/ros-worm/openworm_geometry/object_stls_repaired_meshfix_defective/stl/ccPR.stl,ok,False,,5760,1920,False,True,1920,5.447166524534414e-05,1920,0,0,962,1920,True,True,2,5.447166524534414e-05,
Head_Mesodermal_Cell,/home/asunkari/ros-worm/openworm_geometry/object_stls/stl/Head_Mesodermal_Cell.stl,/home/asunkari/ros-worm/openworm_geometry/object_stls_repaired_meshfix_defective/stl/Head_Mesodermal_Cell.stl,ok,False,,14592,4864,False,True,4864,6.647705096294423e-05,4864,0,0,2432,4864,True,True,0,6.647705096294423e-05,
Excretory_Duct_Cell,/home/asunkari/ros-worm/openworm_geometry/object_stls/stl/Excretory_Duct_Cell.stl,/home/asunkari/ros-worm/openworm_geometry/object_stls_repaired_meshfix_defective/stl/Excretory_Duct_Cell.stl,ok,False,,3264,1088,False,True,1088,4.319775924086166e-05,1088,0,0,546,1088,True,True,2,4.319775924086166e-05,
Excretory_Pore_Cell,/home/asunkari/ros-worm/openworm_geometry/object_stls/stl/Excretory_Pore_Cell.stl,/home/asunkari/ros-worm/openworm_geometry/object_stls_repaired_meshfix_defective/stl/Excretory_Pore_Cell.stl,ok,False,,2880,960,False,True,960,5.906081446626048e-05,960,0,0,482,960,True,True,2,5.906081446626048e-05,
Excretory_Gland_Cell,/home/asunkari/ros-worm/openworm_geometry/object_stls/stl/Excretory_Gland_Cell.stl,/home/asunkari/ros-worm/openworm_geometry/object_stls_repaired_meshfix_defective/stl/Excretory_Gland_Cell.stl,ok,False,,9984,3328,False,True,3328,0.00011523616137298818,3328,0,0,1664,3328,True,True,0,0.00011523616137298818,
Excretory_Cell,/home/asunkari/ros-worm/openworm_geometry/object_stls/stl/Excretory_Cell.stl,/home/asunkari/ros-worm/openworm_geometry/object_stls_repaired_meshfix_defective/stl/Excretory_Cell.stl,ok,False,,27840,9280,False,True,9280,0.0002602361708338203,9280,0,0,4642,9280,True,True,2,0.0002602361708338203,
rect_VR,/home/asunkari/ros-worm/openworm_geometry/object_stls/stl/rect_VR.stl,/home/asunkari/ros-worm/openworm_geometry/object_stls_repaired_meshfix_defective/stl/rect_VR.stl,ok,True,,2880,960,False,True,960,-3.744026629787382e-05,960,0,0,482,960,True,True,2,3.744026629787381e-05,
rect_D,/home/asunkari/ros-worm/openworm_geometry/object_stls/stl/rect_D.stl,/home/asunkari/ros-worm/openworm_geometry/object_stls_repaired_meshfix_defective/stl/rect_D.stl,ok,False,,5184,1728,False,True,1728,7.029984642775446e-05,1728,0,0,866,1728,True,True,2,7.029984642775446e-05,
Sph_mu,/home/asunkari/ros-worm/openworm_geometry/object_stls/stl/Sph_mu.stl,/home/asunkari/ros-worm/openworm_geometry/object_stls_repaired_meshfix_defective/stl/Sph_mu.stl,ok,False,,13344,4448,False,True,4448,6.889812487620153e-05,4448,0,0,2224,4448,True,True,0,6.889812487620153e-05,
virR,/home/asunkari/ros-worm/openworm_geometry/object_stls/stl/virR.stl,/home/asunkari/ros-worm/openworm_geometry/object_stls_repaired_meshfix_defective/stl/virR.stl,ok,False,,2496,832,False,True,832,1.7077058094496837e-05,832,0,0,418,832,True,True,2,1.7077058094496837e-05,
virL,/home/asunkari/ros-worm/openworm_geometry/object_stls/stl/virL.stl,/home/asunkari/ros-worm/openworm_geometry/object_stls_repaired_meshfix_defective/stl/virL.stl,ok,False,,2496,832,False,True,832,1.704662824185459e-05,832,0,0,418,832,True,True,2,1.704662824185459e-05,
rect_VL,/home/asunkari/ros-worm/openworm_geometry/object_stls/stl/rect_VL.stl,/home/asunkari/ros-worm/openworm_geometry/object_stls_repaired_meshfix_defective/stl/rect_VL.stl,ok,False,,2880,960,False,True,960,3.744023084671134e-05,960,0,0,482,960,True,True,2,3.744023084671134e-05,
mu_int_R,/home/asunkari/ros-worm/openworm_geometry/object_stls/stl/mu_int_R.stl,/home/asunkari/ros-worm/openworm_geometry/object_stls_repaired_meshfix_defective/stl/mu_int_R.stl,ok,False,,20496,6832,False,True,6832,0.0005382274642528236,6832,0,0,3418,6832,True,True,2,0.0005382274642528236,
mu_int_L,/home/asunkari/ros-worm/openworm_geometry/object_stls/stl/mu_int_L.stl,/home/asunkari/ros-worm/openworm_geometry/object_stls_repaired_meshfix_defective/stl/mu_int_L.stl,ok,False,,20208,6736,False,True,6736,0.0006993983222953597,6736,0,0,3370,6736,True,True,2,0.0006993983222953597,
mu_anal,/home/asunkari/ros-worm/openworm_geometry/object_stls/stl/mu_anal.stl,/home/asunkari/ros-worm/openworm_geometry/object_stls_repaired_meshfix_defective/stl/mu_anal.stl,ok,True,,7104,2368,False,True,2368,-0.0002198419806936509,2368,0,0,1186,2368,True,True,2,0.0002198419806936509,
SIAVR,/home/asunkari/ros-worm/openworm_geometry/object_stls/stl/SIAVR.stl,/home/asunkari/ros-worm/openworm_geometry/object_stls_repaired_meshfix_defective/stl/SIAVR.stl,ok,True,,19392,6464,False,True,6464,1.6564273427865e-05,6464,0,0,3234,6464,True,True,2,2.7193537821797306e-05,
SDQR,/home/asunkari/ros-worm/openworm_geometry/object_stls/stl/SDQR.stl,/home/asunkari/ros-worm/openworm_geometry/object_stls_repaired_meshfix_defective/stl/SDQR.stl,ok,False,,7872,2624,False,True,2624,1.4524086730431827e-05,2624,0,0,1314,2624,True,True,2,1.4524086730431827e-05,
SDQL,/home/asunkari/ros-worm/openworm_geometry/object_stls/stl/SDQL.stl,/home/asunkari/ros-worm/openworm_geometry/object_stls_repaired_meshfix_defective/stl/SDQL.stl,ok,False,,13632,4544,False,True,4544,4.630423946779682e-05,4544,0,0,2274,4544,True,True,2,4.630423946779682e-05,
BDUR,/home/asunkari/ros-worm/openworm_geometry/object_stls/stl/BDUR.stl,/home/asunkari/ros-worm/openworm_geometry/object_stls_repaired_meshfix_defective/stl/BDUR.stl,ok,False,,8256,2752,False,True,2752,2.699791437754741e-05,2752,0,0,1378,2752,True,True,2,2.699791437754741e-05,
PVNR,/home/asunkari/ros-worm/openworm_geometry/object_stls/stl/PVNR.stl,/home/asunkari/ros-worm/openworm_geometry/object_stls_repaired_meshfix_defective/stl/PVNR.stl,ok,False,,31680,10560,False,True,10560,5.755581483145848e-05,10560,0,0,5282,10560,True,True,2,5.755581483145848e-05,
PVWR,/home/asunkari/ros-worm/openworm_geometry/object_stls/stl/PVWR.stl,/home/asunkari/ros-worm/openworm_geometry/object_stls_repaired_meshfix_defective/stl/PVWR.stl,ok,False,,6336,2112,False,True,2112,5.987102520748528e-06,2112,0,0,1058,2112,True,True,2,5.987102520748528e-06,
PVCR,/home/asunkari/ros-worm/openworm_geometry/object_stls/stl/PVCR.stl,/home/asunkari/ros-worm/openworm_geometry/object_stls_repaired_meshfix_defective/stl/PVCR.stl,ok,False,,23232,7744,False,True,7744,5.5714006726520784e-05,7744,0,0,3874,7744,True,True,2,5.5714006726520784e-05,
LUAR,/home/asunkari/ros-worm/openworm_geometry/object_stls/stl/LUAR.stl,/home/asunkari/ros-worm/openworm_geometry/object_stls_repaired_meshfix_defective/stl/LUAR.stl,ok,True,,5472,1824,False,True,1824,4.804700903713833e-06,1824,0,0,921,1838,True,True,2,4.8047012353241555e-06,
PVPL,/home/asunkari/ros-worm/openworm_geometry/object_stls/stl/PVPL.stl,/home/asunkari/ros-worm/openworm_geometry/object_stls_repaired_meshfix_defective/stl/PVPL.stl,ok,False,,19776,6592,False,True,6592,6.136125381649076e-05,6592,0,0,3298,6592,True,True,2,6.136125381649076e-05,
RIPR,/home/asunkari/ros-worm/openworm_geometry/object_stls/stl/RIPR.stl,/home/asunkari/ros-worm/openworm_geometry/object_stls_repaired_meshfix_defective/stl/RIPR.stl,ok,False,,13248,4416,False,True,4416,1.598625002050218e-05,4416,0,0,2210,4416,True,True,2,1.598625002050218e-05,
URBR,/home/asunkari/ros-worm/openworm_geometry/object_stls/stl/URBR.stl,/home/asunkari/ros-worm/openworm_geometry/object_stls_repaired_meshfix_defective/stl/URBR.stl,ok,False,,5184,1728,False,True,1728,2.6961700329750505e-05,1728,0,0,866,1728,True,True,2,2.6961700329750505e-05,
AIBR,/home/asunkari/ros-worm/openworm_geometry/object_stls/stl/AIBR.stl,/home/asunkari/ros-worm/openworm_geometry/object_stls_repaired_meshfix_defective/stl/AIBR.stl,ok,False,,12480,4160,False,True,4160,7.337714282594328e-06,4160,0,0,2082,4160,True,True,2,7.337714282594328e-06,
ADAR,/home/asunkari/ros-worm/openworm_geometry/object_stls/stl/ADAR.stl,/home/asunkari/ros-worm/openworm_geometry/object_stls_repaired_meshfix_defective/stl/ADAR.stl,ok,True,,7872,2624,False,True,2624,4.8597174189479244e-06,2624,0,0,1314,2624,True,True,2,7.673143090654127e-06,
MI,/home/asunkari/ros-worm/openworm_geometry/object_stls/stl/MI.stl,/home/asunkari/ros-worm/openworm_geometry/object_stls_repaired_meshfix_defective/stl/MI.stl,ok,True,,7488,2496,False,True,2496,-1.803971539736169e-05,2496,0,0,1250,2496,True,True,2,1.803971539736169e-05,
I6,/home/asunkari/ros-worm/openworm_geometry/object_stls/stl/I6.stl,/home/asunkari/ros-worm/openworm_geometry/object_stls_repaired_meshfix_defective/stl/I6.stl,ok,False,,9792,3264,False,True,3264,2.422885223660267e-05,3264,0,0,1634,3264,True,True,2,2.422885223660267e-05,
I5,/home/asunkari/ros-worm/openworm_geometry/object_stls/stl/I5.stl,/home/asunkari/ros-worm/openworm_geometry/object_stls_repaired_meshfix_defective/stl/I5.stl,ok,False,,36480,12160,False,True,12160,5.257067502541813e-05,12160,0,0,6076,12160,True,True,-4,5.257067502541813e-05,
I4,/home/asunkari/ros-worm/openworm_geometry/object_stls/stl/I4.stl,/home/asunkari/ros-worm/openworm_geometry/object_stls_repaired_meshfix_defective/stl/I4.stl,ok,False,,16320,5440,False,True,5440,2.178045049112628e-05,5440,0,0,2722,5440,True,True,2,2.178045049112628e-05,
I3,/home/asunkari/ros-worm/openworm_geometry/object_stls/stl/I3.stl,/home/asunkari/ros-worm/openworm_geometry/object_stls_repaired_meshfix_defective/stl/I3.stl,ok,True,,5568,1856,False,True,1856,-1.2368744487918478e-05,1856,0,0,930,1856,True,True,2,1.2368744487918478e-05,
I2R,/home/asunkari/ros-worm/openworm_geometry/object_stls/stl/I2R.stl,/home/asunkari/ros-worm/openworm_geometry/object_stls_repaired_meshfix_defective/stl/I2R.stl,ok,False,,12096,4032,False,True,4032,1.3519474760908252e-05,4032,0,0,2018,4032,True,True,2,1.3519474760908252e-05,
I1R,/home/asunkari/ros-worm/openworm_geometry/object_stls/stl/I1R.stl,/home/asunkari/ros-worm/openworm_geometry/object_stls_repaired_meshfix_defective/stl/I1R.stl,ok,False,,10560,3520,False,True,3520,1.4210000016783202e-05,3520,0,0,1762,3520,True,True,2,1.4210000016783202e-05,
PVNL,/home/asunkari/ros-worm/openworm_geometry/object_stls/stl/PVNL.stl,/home/asunkari/ros-worm/openworm_geometry/object_stls_repaired_meshfix_defective/stl/PVNL.stl,ok,False,,37440,12480,False,True,12480,5.9844675032103326e-05,12480,0,0,6242,12480,True,True,2,5.9844675032103326e-05,
PVCL,/home/asunkari/ros-worm/openworm_geometry/object_stls/stl/PVCL.stl,/home/asunkari/ros-worm/openworm_geometry/object_stls_repaired_meshfix_defective/stl/PVCL.stl,ok,False,,22464,7488,False,True,7488,5.571828490243298e-05,7488,0,0,3746,7488,True,True,2,5.571828490243298e-05,
PVQL,/home/asunkari/ros-worm/openworm_geometry/object_stls/stl/PVQL.stl,/home/asunkari/ros-worm/openworm_geometry/object_stls_repaired_meshfix_defective/stl/PVQL.stl,ok,False,,24384,8128,False,True,8128,5.5492716038769025e-05,8128,0,0,4066,8128,True,True,2,5.5492716038769025e-05,
DVC,/home/asunkari/ros-worm/openworm_geometry/object_stls/stl/DVC.stl,/home/asunkari/ros-worm/openworm_geometry/object_stls_repaired_meshfix_defective/stl/DVC.stl,ok,True,,24480,8160,False,True,8160,5.874063880146953e-05,8160,0,0,3593,7182,True,True,2,5.75691836838455e-05,
DVA,/home/asunkari/ros-worm/openworm_geometry/object_stls/stl/DVA.stl,/home/asunkari/ros-worm/openworm_geometry/object_stls_repaired_meshfix_defective/stl/DVA.stl,ok,True,,24480,8160,False,True,8160,6.12163316296381e-05,8160,0,0,3465,6926,True,True,2,5.976323516476228e-05,
PVT,/home/asunkari/ros-worm/openworm_geometry/object_stls/stl/PVT.stl,/home/asunkari/ros-worm/openworm_geometry/object_stls_repaired_meshfix_defective/stl/PVT.stl,ok,False,,22848,7616,False,True,7616,6.436365751775291e-05,7616,0,0,3810,7616,True,True,2,6.436365751775291e-05,
PVPR,/home/asunkari/ros-worm/openworm_geometry/object_stls/stl/PVPR.stl,/home/asunkari/ros-worm/openworm_geometry/object_stls_repaired_meshfix_defective/stl/PVPR.stl,ok,False,,19008,6336,False,True,6336,5.9561509711700284e-05,6336,0,0,3170,6336,True,True,2,5.9561509711700284e-05,
PVWL,/home/asunkari/ros-worm/openworm_geometry/object_stls/stl/PVWL.stl,/home/asunkari/ros-worm/openworm_geometry/object_stls_repaired_meshfix_defective/stl/PVWL.stl,ok,False,,6336,2112,False,True,2112,5.9875828913180735e-06,2112,0,0,1058,2112,True,True,2,5.9875828913180735e-06,
LUAL,/home/asunkari/ros-worm/openworm_geometry/object_stls/stl/LUAL.stl,/home/asunkari/ros-worm/openworm_geometry/object_stls_repaired_meshfix_defective/stl/LUAL.stl,ok,True,,5472,1824,False,True,1824,4.8130011851906805e-06,1824,0,0,921,1838,True,True,2,4.813001467362651e-06,
PVQR,/home/asunkari/ros-worm/openworm_geometry/object_stls/stl/PVQR.stl,/home/asunkari/ros-worm/openworm_geometry/object_stls_repaired_meshfix_defective/stl/PVQR.stl,ok,False,,24000,8000,False,True,8000,5.523908196393385e-05,8000,0,0,4002,8000,True,True,2,5.523908196393385e-05,
BDUL,/home/asunkari/ros-worm/openworm_geometry/object_stls/stl/BDUL.stl,/home/asunkari/ros-worm/openworm_geometry/object_stls_repaired_meshfix_defective/stl/BDUL.stl,ok,False,,8256,2752,False,True,2752,2.699795534177363e-05,2752,0,0,1378,2752,True,True,2,2.699795534177363e-05,
I1L,/home/asunkari/ros-worm/openworm_geometry/object_stls/stl/I1L.stl,/home/asunkari/ros-worm/openworm_geometry/object_stls_repaired_meshfix_defective/stl/I1L.stl,ok,False,,10560,3520,False,True,3520,1.4209994718658399e-05,3520,0,0,1762,3520,True,True,2,1.4209994718658399e-05,
I2L,/home/asunkari/ros-worm/openworm_geometry/object_stls/stl/I2L.stl,/home/asunkari/ros-worm/openworm_geometry/object_stls_repaired_meshfix_defective/stl/I2L.stl,ok,False,,12096,4032,False,True,4032,1.351947368103258e-05,4032,0,0,2018,4032,True,True,2,1.351947368103258e-05,
RIVR,/home/asunkari/ros-worm/openworm_geometry/object_stls/stl/RIVR.stl,/home/asunkari/ros-worm/openworm_geometry/object_stls_repaired_meshfix_defective/stl/RIVR.stl,ok,False,,9792,3264,False,True,3264,7.501194128853838e-06,3264,0,0,1634,3264,True,True,2,7.501194128853838e-06,
AVJR,/home/asunkari/ros-worm/openworm_geometry/object_stls/stl/AVJR.stl,/home/asunkari/ros-worm/openworm_geometry/object_stls_repaired_meshfix_defective/stl/AVJR.stl,ok,False,,22080,7360,False,True,7360,5.878627534633695e-05,7360,0,0,3682,7360,True,True,2,5.878627534633695e-05,
RICR,/home/asunkari/ros-worm/openworm_geometry/object_stls/stl/RICR.stl,/home/asunkari/ros-worm/openworm_geometry/object_stls_repaired_meshfix_defective/stl/RICR.stl,ok,True,,9888,3296,False,True,3296,5.111108707189059e-06,3296,0,0,1161,2318,True,True,2,4.139180648771925e-06,
SIBVR,/home/asunkari/ros-worm/openworm_geometry/object_stls/stl/SIBVR.stl,/home/asunkari/ros-worm/openworm_geometry/object_stls_repaired_meshfix_defective/stl/SIBVR.stl,ok,True,,25632,8544,False,True,8544,2.750441290142873e-05,8544,0,0,2889,5774,True,True,2,2.420243365104197e-05,
SIADR,/home/asunkari/ros-worm/openworm_geometry/object_stls/stl/SIADR.stl,/home/asunkari/ros-worm/openworm_geometry/object_stls_repaired_meshfix_defective/stl/SIADR.stl,ok,True,,19872,6624,False,True,6624,3.1666157868727515e-05,6624,0,0,2249,4494,True,True,2,3.531859241970249e-05,
AIAR,/home/asunkari/ros-worm/openworm_geometry/object_stls/stl/AIAR.stl,/home/asunkari/ros-worm/openworm_geometry/object_stls_repaired_meshfix_defective/stl/AIAR.stl,ok,False,,5568,1856,False,True,1856,5.225934500022157e-06,1856,0,0,930,1856,True,True,2,5.225934500022157e-06,
SAADL,/home/asunkari/ros-worm/openworm_geometry/object_stls/stl/SAADL.stl,/home/asunkari/ros-worm/openworm_geometry/object_stls_repaired_meshfix_defective/stl/SAADL.stl,ok,True,,14496,4832,False,True,4832,8.427686821217156e-06,4832,0,0,1481,2958,True,True,2,5.392249476598648e-06,
RIBR,/home/asunkari/ros-worm/openworm_geometry/object_stls/stl/RIBR.stl,/home/asunkari/ros-worm/openworm_geometry/object_stls_repaired_meshfix_defective/stl/RIBR.stl,ok,False,,12480,4160,False,True,4160,3.854077170353747e-06,4160,0,0,2082,4160,True,True,2,3.854077170353747e-06,
AVKR,/home/asunkari/ros-worm/openworm_geometry/object_stls/stl/AVKR.stl,/home/asunkari/ros-worm/openworm_geometry/object_stls_repaired_meshfix_defective/stl/AVKR.stl,ok,True,,24864,8288,False,True,8288,5.86883508558242e-05,8288,0,0,3081,6158,True,True,2,5.3369804731804844e-05,
AVKL,/home/asunkari/ros-worm/openworm_geometry/object_stls/stl/AVKL.stl,/home/asunkari/ros-worm/openworm_geometry/object_stls_repaired_meshfix_defective/stl/AVKL.stl,ok,True,,24864,8288,False,True,8288,5.862177877991926e-05,8288,0,0,3081,6158,True,True,2,5.3021808559981e-05,
AVFL,/home/asunkari/ros-worm/openworm_geometry/object_stls/stl/AVFL.stl,/home/asunkari/ros-worm/openworm_geometry/object_stls_repaired_meshfix_defective/stl/AVFL.stl,ok,False,,25152,8384,False,True,8384,6.615885853865484e-05,8384,0,0,4194,8384,True,True,2,6.615885853865484e-05,
AVFR,/home/asunkari/ros-worm/openworm_geometry/object_stls/stl/AVFR.stl,/home/asunkari/ros-worm/openworm_geometry/object_stls_repaired_meshfix_defective/stl/AVFR.stl,ok,False,,25536,8512,False,True,8512,6.631859165625089e-05,8512,0,0,4258,8512,True,True,2,6.631859165625089e-05,
AVAR,/home/asunkari/ros-worm/openworm_geometry/object_stls/stl/AVAR.stl,/home/asunkari/ros-worm/openworm_geometry/object_stls_repaired_meshfix_defective/stl/AVAR.stl,ok,True,,22176,7392,False,True,7392,5.529531795321339e-05,7392,0,0,3081,6158,True,True,2,5.335194159019986e-05,
AVBR,/home/asunkari/ros-worm/openworm_geometry/object_stls/stl/AVBR.stl,/home/asunkari/ros-worm/openworm_geometry/object_stls_repaired_meshfix_defective/stl/AVBR.stl,ok,True,,25728,8576,False,True,8576,5.98367875279229e-05,8576,0,0,3081,6158,True,True,2,5.2998487719330996e-05,
AVDL,/home/asunkari/ros-worm/openworm_geometry/object_stls/stl/AVDL.stl,/home/asunkari/ros-worm/openworm_geometry/object_stls_repaired_meshfix_defective/stl/AVDL.stl,ok,True,,22176,7392,False,True,7392,5.844461264219695e-05,7392,0,0,3081,6158,True,True,2,5.338427751958141e-05,
AVBL,/home/asunkari/ros-worm/openworm_geometry/object_stls/stl/AVBL.stl,/home/asunkari/ros-worm/openworm_geometry/object_stls_repaired_meshfix_defective/stl/AVBL.stl,ok,True,,25728,8576,False,True,8576,5.995185056434393e-05,8576,0,0,3081,6158,True,True,2,5.301956949495644e-05,
AVAL,/home/asunkari/ros-worm/openworm_geometry/object_stls/stl/AVAL.stl,/home/asunkari/ros-worm/openworm_geometry/object_stls_repaired_meshfix_defective/stl/AVAL.stl,ok,True,,22176,7392,False,True,7392,5.564604384244331e-05,7392,0,0,3081,6158,True,True,2,5.34379645660104e-05,
AVDR,/home/asunkari/ros-worm/openworm_geometry/object_stls/stl/AVDR.stl,/home/asunkari/ros-worm/openworm_geometry/object_stls_repaired_meshfix_defective/stl/AVDR.stl,ok,True,,22176,7392,False,True,7392,5.821217584148109e-05,7392,0,0,3081,6158,True,True,2,5.3432787569941954e-05,
SAADR,/home/asunkari/ros-worm/openworm_geometry/object_stls/stl/SAADR.stl,/home/asunkari/ros-worm/openworm_geometry/object_stls_repaired_meshfix_defective/stl/SAADR.stl,ok,True,,14496,4832,False,True,4832,8.151632702694981e-06,4832,0,0,1481,2958,True,True,2,5.392180635333447e-06,
RIR,/home/asunkari/ros-worm/openworm_geometry/object_stls/stl/RIR.stl,/home/asunkari/ros-worm/openworm_geometry/object_stls_repaired_meshfix_defective/stl/RIR.stl,ok,True,,10176,3392,False,True,3392,-4.86883188727703e-06,3392,0,0,1698,3392,True,True,2,4.868831887277032e-06,
SIBDR,/home/asunkari/ros-worm/openworm_geometry/object_stls/stl/SIBDR.stl,/home/asunkari/ros-worm/openworm_geometry/object_stls_repaired_meshfix_defective/stl/SIBDR.stl,ok,True,,20256,6752,False,True,6752,-4.728089735896013e-05,6752,0,0,2057,4110,True,True,2,4.384180089196197e-05,
AVER,/home/asunkari/ros-worm/openworm_geometry/object_stls/stl/AVER.stl,/home/asunkari/ros-worm/openworm_geometry/object_stls_repaired_meshfix_defective/stl/AVER.stl,ok,False,,13248,4416,False,True,4416,2.6696912582732235e-05,4416,0,0,2210,4416,True,True,2,2.6696912582732235e-05,
RIAR,/home/asunkari/ros-worm/openworm_geometry/object_stls/stl/RIAR.stl,/home/asunkari/ros-worm/openworm_geometry/object_stls_repaired_meshfix_defective/stl/RIAR.stl,ok,False,,10176,3392,False,True,3392,4.639462207888979e-06,3392,0,0,1698,3392,True,True,2,4.639462207888979e-06,
SAAVR,/home/asunkari/ros-worm/openworm_geometry/object_stls/stl/SAAVR.stl,/home/asunkari/ros-worm/openworm_geometry/object_stls_repaired_meshfix_defective/stl/SAAVR.stl,ok,False,,14400,4800,False,True,4800,6.058128281802396e-06,4800,0,0,2402,4800,True,True,2,6.058128281802396e-06,
AINR,/home/asunkari/ros-worm/openworm_geometry/object_stls/stl/AINR.stl,/home/asunkari/ros-worm/openworm_geometry/object_stls_repaired_meshfix_defective/stl/AINR.stl,ok,True,,6816,2272,False,True,2272,5.4179107045470055e-06,2272,0,0,585,1166,True,True,2,1.3177204826741633e-06,
AVHR,/home/asunkari/ros-worm/openworm_geometry/object_stls/stl/AVHR.stl,/home/asunkari/ros-worm/openworm_geometry/object_stls_repaired_meshfix_defective/stl/AVHR.stl,ok,True,,22080,7360,False,True,7360,-5.680776240195699e-05,7360,0,0,3682,7360,True,True,2,5.680776240195697e-05,
URXR,/home/asunkari/ros-worm/openworm_geometry/object_stls/stl/URXR.stl,/home/asunkari/ros-worm/openworm_geometry/object_stls_repaired_meshfix_defective/stl/URXR.stl,ok,False,,8256,2752,False,True,2752,5.255959421289501e-06,2752,0,0,1378,2752,True,True,2,5.255959421289501e-06,
RIS,/home/asunkari/ros-worm/openworm_geometry/object_stls/stl/RIS.stl,/home/asunkari/ros-worm/openworm_geometry/object_stls_repaired_meshfix_defective/stl/RIS.stl,ok,True,,8736,2912,False,True,2912,5.524976471283985e-06,2912,0,0,969,1934,True,True,2,4.268107760110025e-06,
RIPL,/home/asunkari/ros-worm/openworm_geometry/object_stls/stl/RIPL.stl,/home/asunkari/ros-worm/openworm_geometry/object_stls_repaired_meshfix_defective/stl/RIPL.stl,ok,False,,13248,4416,False,True,4416,1.598625037535727e-05,4416,0,0,2210,4416,True,True,2,1.598625037535727e-05,
URBL,/home/asunkari/ros-worm/openworm_geometry/object_stls/stl/URBL.stl,/home/asunkari/ros-worm/openworm_geometry/object_stls_repaired_meshfix_defective/stl/URBL.stl,ok,False,,5184,1728,False,True,1728,2.69617024930789e-05,1728,0,0,866,1728,True,True,2,2.69617024930789e-05,
ADAL,/home/asunkari/ros-worm/openworm_geometry/object_stls/stl/ADAL.stl,/home/asunkari/ros-worm/openworm_geometry/object_stls_repaired_meshfix_defective/stl/ADAL.stl,ok,True,,7872,2624,False,True,2624,5.438129671945282e-06,2624,0,0,1314,2624,True,True,2,7.673173882059582e-06,
RID,/home/asunkari/ros-worm/openworm_geometry/object_stls/stl/RID.stl,/home/asunkari/ros-worm/openworm_geometry/object_stls_repaired_meshfix_defective/stl/RID.stl,ok,False,,27456,9152,False,True,9152,8.869376698110417e-05,9152,0,0,4578,9152,True,True,2,8.869376698110417e-05,
URXL,/home/asunkari/ros-worm/openworm_geometry/object_stls/stl/URXL.stl,/home/asunkari/ros-worm/openworm_geometry/object_stls_repaired_meshfix_defective/stl/URXL.stl,ok,False,,8256,2752,False,True,2752,5.255968602572898e-06,2752,0,0,1378,2752,True,True,2,5.255968602572898e-06,
RIVL,/home/asunkari/ros-worm/openworm_geometry/object_stls/stl/RIVL.stl,/home/asunkari/ros-worm/openworm_geometry/object_stls_repaired_meshfix_defective/stl/RIVL.stl,ok,False,,9792,3264,False,True,3264,7.50119029498265e-06,3264,0,0,1634,3264,True,True,2,7.50119029498265e-06,
AVHL,/home/asunkari/ros-worm/openworm_geometry/object_stls/stl/AVHL.stl,/home/asunkari/ros-worm/openworm_geometry/object_stls_repaired_meshfix_defective/stl/AVHL.stl,ok,False,,22080,7360,False,True,7360,5.6867270284927865e-05,7360,0,0,3682,7360,True,True,2,5.6867270284927865e-05,
AVJL,/home/asunkari/ros-worm/openworm_geometry/object_stls/stl/AVJL.stl,/home/asunkari/ros-worm/openworm_geometry/object_stls_repaired_meshfix_defective/stl/AVJL.stl,ok,False,,22464,7488,False,True,7488,5.9114518311436824e-05,7488,0,0,3746,7488,True,True,2,5.9114518311436824e-05,
AINL,/home/asunkari/ros-worm/openworm_geometry/object_stls/stl/AINL.stl,/home/asunkari/ros-worm/openworm_geometry/object_stls_repaired_meshfix_defective/stl/AINL.stl,ok,True,,6816,2272,False,True,2272,5.717658927924152e-06,2272,0,0,585,1166,True,True,2,1.317732735778158e-06,
SAAVL,/home/asunkari/ros-worm/openworm_geometry/object_stls/stl/SAAVL.stl,/home/asunkari/ros-worm/openworm_geometry/object_stls_repaired_meshfix_defective/stl/SAAVL.stl,ok,False,,14400,4800,False,True,4800,6.058140167487116e-06,4800,0,0,2402,4800,True,True,2,6.058140167487116e-06,
RIAL,/home/asunkari/ros-worm/openworm_geometry/object_stls/stl/RIAL.stl,/home/asunkari/ros-worm/openworm_geometry/object_stls_repaired_meshfix_defective/stl/RIAL.stl,ok,False,,10176,3392,False,True,3392,4.639454390252475e-06,3392,0,0,1698,3392,True,True,2,4.639454390252475e-06,
AVEL,/home/asunkari/ros-worm/openworm_geometry/object_stls/stl/AVEL.stl,/home/asunkari/ros-worm/openworm_geometry/object_stls_repaired_meshfix_defective/stl/AVEL.stl,ok,False,,13248,4416,False,True,4416,2.672029509154617e-05,4416,0,0,2210,4416,True,True,2,2.672029509154617e-05,
SIBDL,/home/asunkari/ros-worm/openworm_geometry/object_stls/stl/SIBDL.stl,/home/asunkari/ros-worm/openworm_geometry/object_stls_repaired_meshfix_defective/stl/SIBDL.stl,ok,True,,20256,6752,False,True,6752,4.7571400789474595e-05,6752,0,0,2057,4110,True,True,2,4.3845420598272015e-05,
RIBL,/home/asunkari/ros-worm/openworm_geometry/object_stls/stl/RIBL.stl,/home/asunkari/ros-worm/openworm_geometry/object_stls_repaired_meshfix_defective/stl/RIBL.stl,ok,False,,12480,4160,False,True,4160,3.854075080035604e-06,4160,0,0,2082,4160,True,True,2,3.854075080035604e-06,
AIZL,/home/asunkari/ros-worm/openworm_geometry/object_stls/stl/AIZL.stl,/home/asunkari/ros-worm/openworm_geometry/object_stls_repaired_meshfix_defective/stl/AIZL.stl,ok,False,,8640,2880,False,True,2880,5.878507496024117e-06,2880,0,0,1442,2880,True,True,2,5.878507496024117e-06,
RICL,/home/asunkari/ros-worm/openworm_geometry/object_stls/stl/RICL.stl,/home/asunkari/ros-worm/openworm_geometry/object_stls_repaired_meshfix_defective/stl/RICL.stl,ok,True,,9888,3296,False,True,3296,5.396070120506251e-06,3296,0,0,1161,2318,True,True,2,4.139130401960672e-06,
AIYR,/home/asunkari/ros-worm/openworm_geometry/object_stls/stl/AIYR.stl,/home/asunkari/ros-worm/openworm_geometry/object_stls_repaired_meshfix_defective/stl/AIYR.stl,ok,True,,5568,1856,False,True,1856,2.5659480222620366e-06,1856,0,0,930,1856,True,True,2,5.435747651864347e-06,
AIMR,/home/asunkari/ros-worm/openworm_geometry/object_stls/stl/AIMR.stl,/home/asunkari/ros-worm/openworm_geometry/object_stls_repaired_meshfix_defective/stl/AIMR.stl,ok,False,,5952,1984,False,True,1984,5.295687585268672e-06,1984,0,0,994,1984,True,True,2,5.295687585268672e-06,
AIBL,/home/asunkari/ros-worm/openworm_geometry/object_stls/stl/AIBL.stl,/home/asunkari/ros-worm/openworm_geometry/object_stls_repaired_meshfix_defective/stl/AIBL.stl,ok,False,,12480,4160,False,True,4160,7.337700241826189e-06,4160,0,0,2082,4160,True,True,2,7.337700241826189e-06,
RIGL,/home/asunkari/ros-worm/openworm_geometry/object_stls/stl/RIGL.stl,/home/asunkari/ros-worm/openworm_geometry/object_stls_repaired_meshfix_defective/stl/RIGL.stl,ok,False,,5568,1856,False,True,1856,1.860569866362616e-05,1856,0,0,930,1856,True,True,2,1.860569866362616e-05,
SABD,/home/asunkari/ros-worm/openworm_geometry/object_stls/stl/SABD.stl,/home/asunkari/ros-worm/openworm_geometry/object_stls_repaired_meshfix_defective/stl/SABD.stl,ok,False,,15936,5312,False,True,5312,2.2978845455476915e-05,5312,0,0,2658,5312,True,True,2,2.2978845455476915e-05,
AVG,/home/asunkari/ros-worm/openworm_geometry/object_stls/stl/AVG.stl,/home/asunkari/ros-worm/openworm_geometry/object_stls_repaired_meshfix_defective/stl/AVG.stl,ok,False,,19776,6592,False,True,6592,6.150431976828604e-05,6592,0,0,3298,6592,True,True,2,6.150431976828604e-05,
RIFL,/home/asunkari/ros-worm/openworm_geometry/object_stls/stl/RIFL.stl,/home/asunkari/ros-worm/openworm_geometry/object_stls_repaired_meshfix_defective/stl/RIFL.stl,ok,True,,5952,1984,False,True,1984,8.688967413729061e-06,1984,0,0,994,1984,True,True,2,1.0966883520942427e-05,
RIGR,/home/asunkari/ros-worm/openworm_geometry/object_stls/stl/RIGR.stl,/home/asunkari/ros-worm/openworm_geometry/object_stls_repaired_meshfix_defective/stl/RIGR.stl,ok,False,,5568,1856,False,True,1856,1.744826240334757e-05,1856,0,0,930,1856,True,True,2,1.744826240334757e-05,
RIFR,/home/asunkari/ros-worm/openworm_geometry/object_stls/stl/RIFR.stl,/home/asunkari/ros-worm/openworm_geometry/object_stls_repaired_meshfix_defective/stl/RIFR.stl,ok,True,,5952,1984,False,True,1984,3.237281019924666e-06,1984,0,0,994,1984,True,True,2,5.9477601702547115e-06,
SABVR,/home/asunkari/ros-worm/openworm_geometry/object_stls/stl/SABVR.stl,/home/asunkari/ros-worm/openworm_geometry/object_stls_repaired_meshfix_defective/stl/SABVR.stl,ok,False,,5184,1728,False,True,1728,8.678048741349372e-06,1728,0,0,866,1728,True,True,2,8.678048741349372e-06,
SABVL,/home/asunkari/ros-worm/openworm_geometry/object_stls/stl/SABVL.stl,/home/asunkari/ros-worm/openworm_geometry/object_stls_repaired_meshfix_defective/stl/SABVL.stl,ok,False,,5184,1728,False,True,1728,8.678070084048124e-06,1728,0,0,866,1728,True,True,2,8.678070084048124e-06,
AIML,/home/asunkari/ros-worm/openworm_geometry/object_stls/stl/AIML.stl,/home/asunkari/ros-worm/openworm_geometry/object_stls_repaired_meshfix_defective/stl/AIML.stl,ok,False,,5952,1984,False,True,1984,5.295681415250785e-06,1984,0,0,994,1984,True,True,2,5.295681415250785e-06,
AIYL,/home/asunkari/ros-worm/openworm_geometry/object_stls/stl/AIYL.stl,/home/asunkari/ros-worm/openworm_geometry/object_stls_repaired_meshfix_defective/stl/AIYL.stl,ok,True,,5568,1856,False,True,1856,3.1942229630173064e-06,1856,0,0,930,1856,True,True,2,5.435756502948882e-06,
SIADL,/home/asunkari/ros-worm/openworm_geometry/object_stls/stl/SIADL.stl,/home/asunkari/ros-worm/openworm_geometry/object_stls_repaired_meshfix_defective/stl/SIADL.stl,ok,True,,19872,6624,False,True,6624,3.188923046174117e-05,6624,0,0,2249,4494,True,True,2,3.525540332078212e-05,
AIAL,/home/asunkari/ros-worm/openworm_geometry/object_stls/stl/AIAL.stl,/home/asunkari/ros-worm/openworm_geometry/object_stls_repaired_meshfix_defective/stl/AIAL.stl,ok,False,,5568,1856,False,True,1856,5.225926058145494e-06,1856,0,0,930,1856,True,True,2,5.225926058145494e-06,
SIAVL,/home/asunkari/ros-worm/openworm_geometry/object_stls/stl/SIAVL.stl,/home/asunkari/ros-worm/openworm_geometry/object_stls_repaired_meshfix_defective/stl/SIAVL.stl,ok,True,,19392,6464,False,True,6464,1.6575314733798322e-05,6464,0,0,3234,6464,True,True,2,2.7226386433709525e-05,
SIBVL,/home/asunkari/ros-worm/openworm_geometry/object_stls/stl/SIBVL.stl,/home/asunkari/ros-worm/openworm_geometry/object_stls_repaired_meshfix_defective/stl/SIBVL.stl,ok,True,,25632,8544,False,True,8544,2.7758595002840727e-05,8544,0,0,2889,5774,True,True,2,2.4173411600553456e-05,
RIH,/home/asunkari/ros-worm/openworm_geometry/object_stls/stl/RIH.stl,/home/asunkari/ros-worm/openworm_geometry/object_stls_repaired_meshfix_defective/stl/RIH.stl,ok,False,,12096,4032,False,True,4032,6.065090610742596e-06,4032,0,0,2018,4032,True,True,2,6.065090610742596e-06,
VA11,/home/asunkari/ros-worm/openworm_geometry/object_stls/stl/VA11.stl,/home/asunkari/ros-worm/openworm_geometry/object_stls_repaired_meshfix_defective/stl/VA11.stl,ok,False,,4416,1472,False,True,1472,2.4647681542932638e-05,1472,0,0,738,1472,True,True,2,2.4647681542932638e-05,
HSNR,/home/asunkari/ros-worm/openworm_geometry/object_stls/stl/HSNR.stl,/home/asunkari/ros-worm/openworm_geometry/object_stls_repaired_meshfix_defective/stl/HSNR.stl,ok,False,,17856,5952,False,True,5952,4.065379843866336e-05,5952,0,0,2978,5952,True,True,2,4.065379843866336e-05,
DD6,/home/asunkari/ros-worm/openworm_geometry/object_stls/stl/DD6.stl,/home/asunkari/ros-worm/openworm_geometry/object_stls_repaired_meshfix_defective/stl/DD6.stl,ok,False,,15168,5056,False,True,5056,4.419701079961647e-05,5056,0,0,2530,5056,True,True,2,4.419701079961647e-05,
DD4,/home/asunkari/ros-worm/openworm_geometry/object_stls/stl/DD4.stl,/home/asunkari/ros-worm/openworm_geometry/object_stls_repaired_meshfix_defective/stl/DD4.stl,ok,False,,19008,6336,False,True,6336,6.114780513304196e-05,6336,0,0,3170,6336,True,True,2,6.114780513304196e-05,
DD3,/home/asunkari/ros-worm/openworm_geometry/object_stls/stl/DD3.stl,/home/asunkari/ros-worm/openworm_geometry/object_stls_repaired_meshfix_defective/stl/DD3.stl,ok,False,,15168,5056,False,True,5056,4.6868092680795824e-05,5056,0,0,2530,5056,True,True,2,4.6868092680795824e-05,
DD5,/home/asunkari/ros-worm/openworm_geometry/object_stls/stl/DD5.stl,/home/asunkari/ros-worm/openworm_geometry/object_stls_repaired_meshfix_defective/stl/DD5.stl,ok,False,,14016,4672,False,True,4672,4.8843194054933445e-05,4672,0,0,2338,4672,True,True,2,4.8843194054933445e-05,
DD2,/home/asunkari/ros-worm/openworm_geometry/object_stls/stl/DD2.stl,/home/asunkari/ros-worm/openworm_geometry/object_stls_repaired_meshfix_defective/stl/DD2.stl,ok,False,,12096,4032,False,True,4032,4.0408131126518596e-05,4032,0,0,2018,4032,True,True,2,4.0408131126518596e-05,
DB7,/home/asunkari/ros-worm/openworm_geometry/object_stls/stl/DB7.stl,/home/asunkari/ros-worm/openworm_geometry/object_stls_repaired_meshfix_defective/stl/DB7.stl,ok,False,,12480,4160,False,True,4160,4.1324718736286225e-05,4160,0,0,2082,4160,True,True,2,4.1324718736286225e-05,
DB6,/home/asunkari/ros-worm/openworm_geometry/object_stls/stl/DB6.stl,/home/asunkari/ros-worm/openworm_geometry/object_stls_repaired_meshfix_defective/stl/DB6.stl,ok,False,,14016,4672,False,True,4672,5.573103396513568e-05,4672,0,0,2338,4672,True,True,2,5.573103396513568e-05,
DA9,/home/asunkari/ros-worm/openworm_geometry/object_stls/stl/DA9.stl,/home/asunkari/ros-worm/openworm_geometry/object_stls_repaired_meshfix_defective/stl/DA9.stl,ok,False,,12096,4032,False,True,4032,3.30659408524752e-05,4032,0,0,2018,4032,True,True,2,3.30659408524752e-05,
DA7,/home/asunkari/ros-worm/openworm_geometry/object_stls/stl/DA7.stl,/home/asunkari/ros-worm/openworm_geometry/object_stls_repaired_meshfix_defective/stl/DA7.stl,ok,False,,17472,5824,False,True,5824,7.796000360531087e-05,5824,0,0,2914,5824,True,True,2,7.796000360531087e-05,
DA6,/home/asunkari/ros-worm/openworm_geometry/object_stls/stl/DA6.stl,/home/asunkari/ros-worm/openworm_geometry/object_stls_repaired_meshfix_defective/stl/DA6.stl,ok,False,,22080,7360,False,True,7360,8.205903607117017e-05,7360,0,0,3682,7360,True,True,2,8.205903607117017e-05,
DA5,/home/asunkari/ros-worm/openworm_geometry/object_stls/stl/DA5.stl,/home/asunkari/ros-worm/openworm_geometry/object_stls_repaired_meshfix_defective/stl/DA5.stl,ok,True,,17664,5888,False,True,5888,7.630237943136532e-05,5888,0,0,2960,5916,True,True,2,7.63023708420732e-05,
AS11,/home/asunkari/ros-worm/openworm_geometry/object_stls/stl/AS11.stl,/home/asunkari/ros-worm/openworm_geometry/object_stls_repaired_meshfix_defective/stl/AS11.stl,ok,False,,9408,3136,False,True,3136,2.6729940872601358e-05,3136,0,0,1570,3136,True,True,2,2.6729940872601358e-05,
AS10,/home/asunkari/ros-worm/openworm_geometry/object_stls/stl/AS10.stl,/home/asunkari/ros-worm/openworm_geometry/object_stls_repaired_meshfix_defective/stl/AS10.stl,ok,True,,8928,2976,False,True,2976,2.9938382899244236e-05,2976,0,0,1497,2990,True,True,2,2.9938383606507515e-05,
AS9,/home/asunkari/ros-worm/openworm_geometry/object_stls/stl/AS9.stl,/home/asunkari/ros-worm/openworm_geometry/object_stls_repaired_meshfix_defective/stl/AS9.stl,ok,False,,9408,3136,False,True,3136,3.5015018681605744e-05,3136,0,0,1570,3136,True,True,2,3.5015018681605744e-05,
AS8,/home/asunkari/ros-worm/openworm_geometry/object_stls/stl/AS8.stl,/home/asunkari/ros-worm/openworm_geometry/object_stls_repaired_meshfix_defective/stl/AS8.stl,ok,True,,10848,3616,False,True,3616,4.4812351023159755e-05,3616,0,0,1817,3630,True,True,2,4.48123504018807e-05,
AS7,/home/asunkari/ros-worm/openworm_geometry/object_stls/stl/AS7.stl,/home/asunkari/ros-worm/openworm_geometry/object_stls_repaired_meshfix_defective/stl/AS7.stl,ok,False,,10176,3392,False,True,3392,3.772842954175107e-05,3392,0,0,1698,3392,True,True,2,3.772842954175107e-05,
AS6,/home/asunkari/ros-worm/openworm_geometry/object_stls/stl/AS6.stl,/home/asunkari/ros-worm/openworm_geometry/object_stls_repaired_meshfix_defective/stl/AS6.stl,ok,False,,9024,3008,False,True,3008,3.850889486335537e-05,3008,0,0,1506,3008,True,True,2,3.850889486335537e-05,
AS5,/home/asunkari/ros-worm/openworm_geometry/object_stls/stl/AS5.stl,/home/asunkari/ros-worm/openworm_geometry/object_stls_repaired_meshfix_defective/stl/AS5.stl,ok,False,,9792,3264,False,True,3264,3.8512270014831444e-05,3264,0,0,1634,3264,True,True,2,3.8512270014831444e-05,
AS4,/home/asunkari/ros-worm/openworm_geometry/object_stls/stl/AS4.stl,/home/asunkari/ros-worm/openworm_geometry/object_stls_repaired_meshfix_defective/stl/AS4.stl,ok,False,,9408,3136,False,True,3136,3.6249250879106665e-05,3136,0,0,1570,3136,True,True,2,3.6249250879106665e-05,
AS3,/home/asunkari/ros-worm/openworm_geometry/object_stls/stl/AS3.stl,/home/asunkari/ros-worm/openworm_geometry/object_stls_repaired_meshfix_defective/stl/AS3.stl,ok,False,,8256,2752,False,True,2752,2.9237413401059687e-05,2752,0,0,1378,2752,True,True,2,2.9237413401059687e-05,
AS2,/home/asunkari/ros-worm/openworm_geometry/object_stls/stl/AS2.stl,/home/asunkari/ros-worm/openworm_geometry/object_stls_repaired_meshfix_defective/stl/AS2.stl,ok,False,,8640,2880,False,True,2880,2.918248049825066e-05,2880,0,0,1442,2880,True,True,2,2.918248049825066e-05,
VD13,/home/asunkari/ros-worm/openworm_geometry/object_stls/stl/VD13.stl,/home/asunkari/ros-worm/openworm_geometry/object_stls_repaired_meshfix_defective/stl/VD13.stl,ok,False,,10560,3520,False,True,3520,1.441139825764183e-05,3520,0,0,1762,3520,True,True,2,1.441139825764183e-05,
VD12,/home/asunkari/ros-worm/openworm_geometry/object_stls/stl/VD12.stl,/home/asunkari/ros-worm/openworm_geometry/object_stls_repaired_meshfix_defective/stl/VD12.stl,ok,False,,10944,3648,False,True,3648,2.3391608829834496e-05,3648,0,0,1826,3648,True,True,2,2.3391608829834496e-05,
VD11,/home/asunkari/ros-worm/openworm_geometry/object_stls/stl/VD11.stl,/home/asunkari/ros-worm/openworm_geometry/object_stls_repaired_meshfix_defective/stl/VD11.stl,ok,False,,10944,3648,False,True,3648,2.5369346677105907e-05,3648,0,0,1826,3648,True,True,2,2.5369346677105907e-05,
VD10,/home/asunkari/ros-worm/openworm_geometry/object_stls/stl/VD10.stl,/home/asunkari/ros-worm/openworm_geometry/object_stls_repaired_meshfix_defective/stl/VD10.stl,ok,False,,10944,3648,False,True,3648,2.852930197466259e-05,3648,0,0,1826,3648,True,True,2,2.852930197466259e-05,
VD9,/home/asunkari/ros-worm/openworm_geometry/object_stls/stl/VD9.stl,/home/asunkari/ros-worm/openworm_geometry/object_stls_repaired_meshfix_defective/stl/VD9.stl,ok,False,,10560,3520,False,True,3520,3.0284659783998916e-05,3520,0,0,1762,3520,True,True,2,3.0284659783998916e-05,
VD8,/home/asunkari/ros-worm/openworm_geometry/object_stls/stl/VD8.stl,/home/asunkari/ros-worm/openworm_geometry/object_stls_repaired_meshfix_defective/stl/VD8.stl,ok,False,,13632,4544,False,True,4544,3.3765637097724775e-05,4544,0,0,2274,4544,True,True,2,3.3765637097724775e-05,
VD7,/home/asunkari/ros-worm/openworm_geometry/object_stls/stl/VD7.stl,/home/asunkari/ros-worm/openworm_geometry/object_stls_repaired_meshfix_defective/stl/VD7.stl,ok,False,,12480,4160,False,True,4160,2.9798314859443034e-05,4160,0,0,2082,4160,True,True,2,2.9798314859443034e-05,
VD6,/home/asunkari/ros-worm/openworm_geometry/object_stls/stl/VD6.stl,/home/asunkari/ros-worm/openworm_geometry/object_stls_repaired_meshfix_defective/stl/VD6.stl,ok,False,,10944,3648,False,True,3648,2.8682513540640226e-05,3648,0,0,1826,3648,True,True,2,2.8682513540640226e-05,
VD5,/home/asunkari/ros-worm/openworm_geometry/object_stls/stl/VD5.stl,/home/asunkari/ros-worm/openworm_geometry/object_stls_repaired_meshfix_defective/stl/VD5.stl,ok,False,,10944,3648,False,True,3648,2.8103336320674288e-05,3648,0,0,1826,3648,True,True,2,2.8103336320674288e-05,
VD4,/home/asunkari/ros-worm/openworm_geometry/object_stls/stl/VD4.stl,/home/asunkari/ros-worm/openworm_geometry/object_stls_repaired_meshfix_defective/stl/VD4.stl,ok,False,,10944,3648,False,True,3648,2.757257129244155e-05,3648,0,0,1826,3648,True,True,2,2.757257129244155e-05,
VD3,/home/asunkari/ros-worm/openworm_geometry/object_stls/stl/VD3.stl,/home/asunkari/ros-worm/openworm_geometry/object_stls_repaired_meshfix_defective/stl/VD3.stl,ok,False,,9792,3264,False,True,3264,2.4091720772270367e-05,3264,0,0,1634,3264,True,True,2,2.4091720772270367e-05,
DB5,/home/asunkari/ros-worm/openworm_geometry/object_stls/stl/DB5.stl,/home/asunkari/ros-worm/openworm_geometry/object_stls_repaired_meshfix_defective/stl/DB5.stl,ok,False,,20160,6720,False,True,6720,8.668990914507853e-05,6720,0,0,3362,6720,True,True,2,8.668990914507853e-05,
DB4,/home/asunkari/ros-worm/openworm_geometry/object_stls/stl/DB4.stl,/home/asunkari/ros-worm/openworm_geometry/object_stls_repaired_meshfix_defective/stl/DB4.stl,ok,False,,23232,7744,False,True,7744,0.0001042705665327773,7744,0,0,3874,7744,True,True,2,0.0001042705665327773,
DA8,/home/asunkari/ros-worm/openworm_geometry/object_stls/stl/DA8.stl,/home/asunkari/ros-worm/openworm_geometry/object_stls_repaired_meshfix_defective/stl/DA8.stl,ok,False,,12096,4032,False,True,4032,3.299313767430158e-05,4032,0,0,2018,4032,True,True,2,3.299313767430158e-05,
DA4,/home/asunkari/ros-worm/openworm_geometry/object_stls/stl/DA4.stl,/home/asunkari/ros-worm/openworm_geometry/object_stls_repaired_meshfix_defective/stl/DA4.stl,ok,False,,14400,4800,False,True,4800,5.9090134224801966e-05,4800,0,0,2402,4800,True,True,2,5.9090134224801966e-05,
DA3,/home/asunkari/ros-worm/openworm_geometry/object_stls/stl/DA3.stl,/home/asunkari/ros-worm/openworm_geometry/object_stls_repaired_meshfix_defective/stl/DA3.stl,ok,False,,11712,3904,False,True,3904,5.284101669813849e-05,3904,0,0,1954,3904,True,True,2,5.284101669813849e-05,
DA2,/home/asunkari/ros-worm/openworm_geometry/object_stls/stl/DA2.stl,/home/asunkari/ros-worm/openworm_geometry/object_stls_repaired_meshfix_defective/stl/DA2.stl,ok,False,,11328,3776,False,True,3776,3.7985305724989205e-05,3776,0,0,1890,3776,True,True,2,3.7985305724989205e-05,
VC5,/home/asunkari/ros-worm/openworm_geometry/object_stls/stl/VC5.stl,/home/asunkari/ros-worm/openworm_geometry/object_stls_repaired_meshfix_defective/stl/VC5.stl,ok,False,,11328,3776,False,True,3776,1.1739202926208318e-05,3776,0,0,1890,3776,True,True,2,1.1739202926208318e-05,
URAVR,/home/asunkari/ros-worm/openworm_geometry/object_stls/stl/URAVR.stl,/home/asunkari/ros-worm/openworm_geometry/object_stls_repaired_meshfix_defective/stl/URAVR.stl,ok,False,,7872,2624,False,True,2624,8.904731045884277e-06,2624,0,0,1314,2624,True,True,2,8.904731045884277e-06,
M5,/home/asunkari/ros-worm/openworm_geometry/object_stls/stl/M5.stl,/home/asunkari/ros-worm/openworm_geometry/object_stls_repaired_meshfix_defective/stl/M5.stl,ok,False,,18624,6208,False,True,6208,2.1166902044218448e-05,6208,0,0,3106,6208,True,True,2,2.1166902044218448e-05,
M3R,/home/asunkari/ros-worm/openworm_geometry/object_stls/stl/M3R.stl,/home/asunkari/ros-worm/openworm_geometry/object_stls_repaired_meshfix_defective/stl/M3R.stl,ok,False,,11328,3776,False,True,3776,1.5377298864689543e-05,3776,0,0,1890,3776,True,True,2,1.5377298864689543e-05,
M2R,/home/asunkari/ros-worm/openworm_geometry/object_stls/stl/M2R.stl,/home/asunkari/ros-worm/openworm_geometry/object_stls_repaired_meshfix_defective/stl/M2R.stl,ok,False,,6336,2112,False,True,2112,3.531170302598806e-05,2112,0,0,1058,2112,True,True,2,3.531170302598806e-05,
M1,/home/asunkari/ros-worm/openworm_geometry/object_stls/stl/M1.stl,/home/asunkari/ros-worm/openworm_geometry/object_stls_repaired_meshfix_defective/stl/M1.stl,ok,False,,9408,3136,False,True,3136,5.242576108795025e-05,3136,0,0,1570,3136,True,True,2,5.242576108795025e-05,
DVB,/home/asunkari/ros-worm/openworm_geometry/object_stls/stl/DVB.stl,/home/asunkari/ros-worm/openworm_geometry/object_stls_repaired_meshfix_defective/stl/DVB.stl,ok,False,,8640,2880,False,True,2880,2.766597648360663e-05,2880,0,0,1442,2880,True,True,2,2.766597648360663e-05,
VA12,/home/asunkari/ros-worm/openworm_geometry/object_stls/stl/VA12.stl,/home/asunkari/ros-worm/openworm_geometry/object_stls_repaired_meshfix_defective/stl/VA12.stl,ok,False,,3264,1088,False,True,1088,2.3069153342136873e-05,1088,0,0,546,1088,True,True,2,2.3069153342136873e-05,
PDA,/home/asunkari/ros-worm/openworm_geometry/object_stls/stl/PDA.stl,/home/asunkari/ros-worm/openworm_geometry/object_stls_repaired_meshfix_defective/stl/PDA.stl,ok,False,,10560,3520,False,True,3520,2.1695064123888502e-05,3520,0,0,1762,3520,True,True,2,2.1695064123888502e-05,
PDB,/home/asunkari/ros-worm/openworm_geometry/object_stls/stl/PDB.stl,/home/asunkari/ros-worm/openworm_geometry/object_stls_repaired_meshfix_defective/stl/PDB.stl,ok,False,,13248,4416,False,True,4416,3.320555766337023e-05,4416,0,0,2210,4416,True,True,2,3.320555766337023e-05,
VB11,/home/asunkari/ros-worm/openworm_geometry/object_stls/stl/VB11.stl,/home/asunkari/ros-worm/openworm_geometry/object_stls_repaired_meshfix_defective/stl/VB11.stl,ok,False,,6336,2112,False,True,2112,2.592804453253799e-05,2112,0,0,1058,2112,True,True,2,2.592804453253799e-05,
VA10,/home/asunkari/ros-worm/openworm_geometry/object_stls/stl/VA10.stl,/home/asunkari/ros-worm/openworm_geometry/object_stls_repaired_meshfix_defective/stl/VA10.stl,ok,False,,5952,1984,False,True,1984,3.08061984234006e-05,1984,0,0,994,1984,True,True,2,3.08061984234006e-05,
VB10,/home/asunkari/ros-worm/openworm_geometry/object_stls/stl/VB10.stl,/home/asunkari/ros-worm/openworm_geometry/object_stls_repaired_meshfix_defective/stl/VB10.stl,ok,False,,7488,2496,False,True,2496,2.911149215810764e-05,2496,0,0,1250,2496,True,True,2,2.911149215810764e-05,
VA9,/home/asunkari/ros-worm/openworm_geometry/object_stls/stl/VA9.stl,/home/asunkari/ros-worm/openworm_geometry/object_stls_repaired_meshfix_defective/stl/VA9.stl,ok,False,,9408,3136,False,True,3136,3.8008081918872936e-05,3136,0,0,1570,3136,True,True,2,3.8008081918872936e-05,
VC6,/home/asunkari/ros-worm/openworm_geometry/object_stls/stl/VC6.stl,/home/asunkari/ros-worm/openworm_geometry/object_stls_repaired_meshfix_defective/stl/VC6.stl,ok,False,,5184,1728,False,True,1728,1.923291159020032e-05,1728,0,0,866,1728,True,True,2,1.923291159020032e-05,
VB9,/home/asunkari/ros-worm/openworm_geometry/object_stls/stl/VB9.stl,/home/asunkari/ros-worm/openworm_geometry/object_stls_repaired_meshfix_defective/stl/VB9.stl,ok,False,,7104,2368,False,True,2368,3.582667558856351e-05,2368,0,0,1186,2368,True,True,2,3.582667558856351e-05,
VA8,/home/asunkari/ros-worm/openworm_geometry/object_stls/stl/VA8.stl,/home/asunkari/ros-worm/openworm_geometry/object_stls_repaired_meshfix_defective/stl/VA8.stl,ok,False,,10176,3392,False,True,3392,3.708600811834083e-05,3392,0,0,1698,3392,True,True,2,3.708600811834083e-05,
VB8,/home/asunkari/ros-worm/openworm_geometry/object_stls/stl/VB8.stl,/home/asunkari/ros-worm/openworm_geometry/object_stls_repaired_meshfix_defective/stl/VB8.stl,ok,False,,9792,3264,False,True,3264,3.947039198994848e-05,3264,0,0,1634,3264,True,True,2,3.947039198994848e-05,
VA7,/home/asunkari/ros-worm/openworm_geometry/object_stls/stl/VA7.stl,/home/asunkari/ros-worm/openworm_geometry/object_stls_repaired_meshfix_defective/stl/VA7.stl,ok,False,,10560,3520,False,True,3520,3.254980468100864e-05,3520,0,0,1762,3520,True,True,2,3.254980468100864e-05,
VB7,/home/asunkari/ros-worm/openworm_geometry/object_stls/stl/VB7.stl,/home/asunkari/ros-worm/openworm_geometry/object_stls_repaired_meshfix_defective/stl/VB7.stl,ok,False,,9792,3264,False,True,3264,4.275545979767485e-05,3264,0,0,1634,3264,True,True,2,4.275545979767485e-05,
VA6,/home/asunkari/ros-worm/openworm_geometry/object_stls/stl/VA6.stl,/home/asunkari/ros-worm/openworm_geometry/object_stls_repaired_meshfix_defective/stl/VA6.stl,ok,False,,10176,3392,False,True,3392,3.934788253033284e-05,3392,0,0,1698,3392,True,True,2,3.934788253033284e-05,
VC3,/home/asunkari/ros-worm/openworm_geometry/object_stls/stl/VC3.stl,/home/asunkari/ros-worm/openworm_geometry/object_stls_repaired_meshfix_defective/stl/VC3.stl,ok,False,,23304,7768,False,True,7768,3.416898691064783e-05,7768,0,0,3893,7768,False,True,3,3.416898691064783e-05,
VB6,/home/asunkari/ros-worm/openworm_geometry/object_stls/stl/VB6.stl,/home/asunkari/ros-worm/openworm_geometry/object_stls_repaired_meshfix_defective/stl/VB6.stl,ok,False,,10944,3648,False,True,3648,3.925714365970655e-05,3648,0,0,1826,3648,True,True,2,3.925714365970655e-05,
VA5,/home/asunkari/ros-worm/openworm_geometry/object_stls/stl/VA5.stl,/home/asunkari/ros-worm/openworm_geometry/object_stls_repaired_meshfix_defective/stl/VA5.stl,ok,False,,6720,2240,False,True,2240,3.389614367839409e-05,2240,0,0,1122,2240,True,True,2,3.389614367839409e-05,
VC2,/home/asunkari/ros-worm/openworm_geometry/object_stls/stl/VC2.stl,/home/asunkari/ros-worm/openworm_geometry/object_stls_repaired_meshfix_defective/stl/VC2.stl,ok,False,,10560,3520,False,True,3520,2.9726298065138783e-05,3520,0,0,1762,3520,True,True,2,2.9726298065138783e-05,
VB5,/home/asunkari/ros-worm/openworm_geometry/object_stls/stl/VB5.stl,/home/asunkari/ros-worm/openworm_geometry/object_stls_repaired_meshfix_defective/stl/VB5.stl,ok,False,,11328,3776,False,True,3776,4.063389506770327e-05,3776,0,0,1890,3776,True,True,2,4.063389506770327e-05,
VA4,/home/asunkari/ros-worm/openworm_geometry/object_stls/stl/VA4.stl,/home/asunkari/ros-worm/openworm_geometry/object_stls_repaired_meshfix_defective/stl/VA4.stl,ok,False,,7104,2368,False,True,2368,3.784713851623463e-05,2368,0,0,1186,2368,True,True,2,3.784713851623463e-05,
VC1,/home/asunkari/ros-worm/openworm_geometry/object_stls/stl/VC1.stl,/home/asunkari/ros-worm/openworm_geometry/object_stls_repaired_meshfix_defective/stl/VC1.stl,ok,False,,11328,3776,False,True,3776,3.8118952297305916e-05,3776,0,0,1890,3776,True,True,2,3.8118952297305916e-05,
VB4,/home/asunkari/ros-worm/openworm_geometry/object_stls/stl/VB4.stl,/home/asunkari/ros-worm/openworm_geometry/object_stls_repaired_meshfix_defective/stl/VB4.stl,ok,False,,11328,3776,False,True,3776,4.3447659446694977e-05,3776,0,0,1890,3776,True,True,2,4.3447659446694977e-05,
VA3,/home/asunkari/ros-worm/openworm_geometry/object_stls/stl/VA3.stl,/home/asunkari/ros-worm/openworm_geometry/object_stls_repaired_meshfix_defective/stl/VA3.stl,ok,False,,6720,2240,False,True,2240,3.387206351981516e-05,2240,0,0,1122,2240,True,True,2,3.387206351981516e-05,
DB3,/home/asunkari/ros-worm/openworm_geometry/object_stls/stl/DB3.stl,/home/asunkari/ros-worm/openworm_geometry/object_stls_repaired_meshfix_defective/stl/DB3.stl,ok,False,,19776,6592,False,True,6592,9.16782503133354e-05,6592,0,0,3298,6592,True,True,2,9.16782503133354e-05,
VB3,/home/asunkari/ros-worm/openworm_geometry/object_stls/stl/VB3.stl,/home/asunkari/ros-worm/openworm_geometry/object_stls_repaired_meshfix_defective/stl/VB3.stl,ok,False,,10560,3520,False,True,3520,3.520326716666866e-05,3520,0,0,1762,3520,True,True,2,3.520326716666866e-05,
VA2,/home/asunkari/ros-worm/openworm_geometry/object_stls/stl/VA2.stl,/home/asunkari/ros-worm/openworm_geometry/object_stls_repaired_meshfix_defective/stl/VA2.stl,ok,False,,5568,1856,False,True,1856,2.421263476848729e-05,1856,0,0,930,1856,True,True,2,2.421263476848729e-05,
HSNL,/home/asunkari/ros-worm/openworm_geometry/object_stls/stl/HSNL.stl,/home/asunkari/ros-worm/openworm_geometry/object_stls_repaired_meshfix_defective/stl/HSNL.stl,ok,False,,17856,5952,False,True,5952,4.127821703769291e-05,5952,0,0,2978,5952,True,True,2,4.127821703769291e-05,
VC4,/home/asunkari/ros-worm/openworm_geometry/object_stls/stl/VC4.stl,/home/asunkari/ros-worm/openworm_geometry/object_stls_repaired_meshfix_defective/stl/VC4.stl,ok,False,,11328,3776,False,True,3776,1.1739199362327223e-05,3776,0,0,1890,3776,True,True,2,1.1739199362327223e-05,
M4,/home/asunkari/ros-worm/openworm_geometry/object_stls/stl/M4.stl,/home/asunkari/ros-worm/openworm_geometry/object_stls_repaired_meshfix_defective/stl/M4.stl,ok,False,,20160,6720,False,True,6720,2.5153988975226363e-05,6720,0,0,3362,6720,True,True,2,2.5153988975226363e-05,
M2L,/home/asunkari/ros-worm/openworm_geometry/object_stls/stl/M2L.stl,/home/asunkari/ros-worm/openworm_geometry/object_stls_repaired_meshfix_defective/stl/M2L.stl,ok,False,,6336,2112,False,True,2112,3.531175038249122e-05,2112,0,0,1058,2112,True,True,2,3.531175038249122e-05,
M3L,/home/asunkari/ros-worm/openworm_geometry/object_stls/stl/M3L.stl,/home/asunkari/ros-worm/openworm_geometry/object_stls_repaired_meshfix_defective/stl/M3L.stl,ok,False,,11328,3776,False,True,3776,1.5377282656140107e-05,3776,0,0,1890,3776,True,True,2,1.5377282656140107e-05,
SMBVR,/home/asunkari/ros-worm/openworm_geometry/object_stls/stl/SMBVR.stl,/home/asunkari/ros-worm/openworm_geometry/object_stls_repaired_meshfix_defective/stl/SMBVR.stl,ok,False,,22080,7360,False,True,7360,2.772462026116159e-05,7360,0,0,3682,7360,True,True,2,2.772462026116159e-05,
RMFR,/home/asunkari/ros-worm/openworm_geometry/object_stls/stl/RMFR.stl,/home/asunkari/ros-worm/openworm_geometry/object_stls_repaired_meshfix_defective/stl/RMFR.stl,ok,False,,10560,3520,False,True,3520,4.751374413594948e-06,3520,0,0,1762,3520,True,True,2,4.751374413594948e-06,
RMGR,/home/asunkari/ros-worm/openworm_geometry/object_stls/stl/RMGR.stl,/home/asunkari/ros-worm/openworm_geometry/object_stls_repaired_meshfix_defective/stl/RMGR.stl,ok,False,,7488,2496,False,True,2496,8.660316531932935e-06,2496,0,0,1250,2496,True,True,2,8.660316531932935e-06,
URADR,/home/asunkari/ros-worm/openworm_geometry/object_stls/stl/URADR.stl,/home/asunkari/ros-worm/openworm_geometry/object_stls_repaired_meshfix_defective/stl/URADR.stl,ok,False,,8640,2880,False,True,2880,1.3687965112342662e-05,2880,0,0,1442,2880,True,True,2,1.3687965112342662e-05,
RMER,/home/asunkari/ros-worm/openworm_geometry/object_stls/stl/RMER.stl,/home/asunkari/ros-worm/openworm_geometry/object_stls_repaired_meshfix_defective/stl/RMER.stl,ok,True,,7008,2336,False,True,2336,7.7277199879165e-06,2336,0,0,1136,2268,True,True,2,8.033945418170516e-06,
RMHR,/home/asunkari/ros-worm/openworm_geometry/object_stls/stl/RMHR.stl,/home/asunkari/ros-worm/openworm_geometry/object_stls_repaired_meshfix_defective/stl/RMHR.stl,ok,False,,10560,3520,False,True,3520,4.232505985073226e-06,3520,0,0,1762,3520,True,True,2,4.232505985073226e-06,
SMBDR,/home/asunkari/ros-worm/openworm_geometry/object_stls/stl/SMBDR.stl,/home/asunkari/ros-worm/openworm_geometry/object_stls_repaired_meshfix_defective/stl/SMBDR.stl,ok,False,,17856,5952,False,True,5952,4.885421219889331e-05,5952,0,0,2978,5952,True,True,2,4.885421219889331e-05,
SMDDR,/home/asunkari/ros-worm/openworm_geometry/object_stls/stl/SMDDR.stl,/home/asunkari/ros-worm/openworm_geometry/object_stls_repaired_meshfix_defective/stl/SMDDR.stl,ok,False,,18240,6080,False,True,6080,4.717998609443956e-05,6080,0,0,3042,6080,True,True,2,4.717998609443956e-05,
RMDDR,/home/asunkari/ros-worm/openworm_geometry/object_stls/stl/RMDDR.stl,/home/asunkari/ros-worm/openworm_geometry/object_stls_repaired_meshfix_defective/stl/RMDDR.stl,ok,False,,5952,1984,False,True,1984,5.55664541389462e-06,1984,0,0,994,1984,True,True,2,5.55664541389462e-06,
RMDR,/home/asunkari/ros-worm/openworm_geometry/object_stls/stl/RMDR.stl,/home/asunkari/ros-worm/openworm_geometry/object_stls_repaired_meshfix_defective/stl/RMDR.stl,ok,False,,6720,2240,False,True,2240,3.728596237259389e-06,2240,0,0,1122,2240,True,True,2,3.728596237259389e-06,
RMDVR,/home/asunkari/ros-worm/openworm_geometry/object_stls/stl/RMDVR.stl,/home/asunkari/ros-worm/openworm_geometry/object_stls_repaired_meshfix_defective/stl/RMDVR.stl,ok,False,,6720,2240,False,True,2240,3.981250665422074e-06,2240,0,0,1122,2240,True,True,2,3.981250665422074e-06,
SMDVR,/home/asunkari/ros-worm/openworm_geometry/object_stls/stl/SMDVR.stl,/home/asunkari/ros-worm/openworm_geometry/object_stls_repaired_meshfix_defective/stl/SMDVR.stl,ok,False,,19776,6592,False,True,6592,2.663491489968454e-05,6592,0,0,3298,6592,True,True,2,2.663491489968454e-05,
RIMR,/home/asunkari/ros-worm/openworm_geometry/object_stls/stl/RIMR.stl,/home/asunkari/ros-worm/openworm_geometry/object_stls_repaired_meshfix_defective/stl/RIMR.stl,ok,False,,14016,4672,False,True,4672,6.673615949081817e-06,4672,0,0,2338,4672,True,True,2,6.673615949081817e-06,
RMED,/home/asunkari/ros-worm/openworm_geometry/object_stls/stl/RMED.stl,/home/asunkari/ros-worm/openworm_geometry/object_stls_repaired_meshfix_defective/stl/RMED.stl,ok,False,,11904,3968,False,True,3968,2.4012029265888456e-05,3968,0,0,1984,3968,True,True,0,2.4012029265888456e-05,
RMEL,/home/asunkari/ros-worm/openworm_geometry/object_stls/stl/RMEL.stl,/home/asunkari/ros-worm/openworm_geometry/object_stls_repaired_meshfix_defective/stl/RMEL.stl,ok,True,,7008,2336,False,True,2336,7.97405045482031e-06,2336,0,0,1136,2268,True,True,2,8.033982455081052e-06,
RMEV,/home/asunkari/ros-worm/openworm_geometry/object_stls/stl/RMEV.stl,/home/asunkari/ros-worm/openworm_geometry/object_stls_repaired_meshfix_defective/stl/RMEV.stl,ok,False,,25152,8384,False,True,8384,5.909484084533716e-05,8384,0,0,4194,8384,True,True,2,5.909484084533716e-05,
SMDVL,/home/asunkari/ros-worm/openworm_geometry/object_stls/stl/SMDVL.stl,/home/asunkari/ros-worm/openworm_geometry/object_stls_repaired_meshfix_defective/stl/SMDVL.stl,ok,False,,19776,6592,False,True,6592,2.6611758352375142e-05,6592,0,0,3298,6592,True,True,2,2.6611758352375142e-05,
RMDVL,/home/asunkari/ros-worm/openworm_geometry/object_stls/stl/RMDVL.stl,/home/asunkari/ros-worm/openworm_geometry/object_stls_repaired_meshfix_defective/stl/RMDVL.stl,ok,False,,6720,2240,False,True,2240,3.98124304792678e-06,2240,0,0,1122,2240,True,True,2,3.98124304792678e-06,
RMDL,/home/asunkari/ros-worm/openworm_geometry/object_stls/stl/RMDL.stl,/home/asunkari/ros-worm/openworm_geometry/object_stls_repaired_meshfix_defective/stl/RMDL.stl,ok,False,,6720,2240,False,True,2240,3.7285873923561077e-06,2240,0,0,1122,2240,True,True,2,3.7285873923561077e-06,
RIML,/home/asunkari/ros-worm/openworm_geometry/object_stls/stl/RIML.stl,/home/asunkari/ros-worm/openworm_geometry/object_stls_repaired_meshfix_defective/stl/RIML.stl,ok,False,,14016,4672,False,True,4672,6.673594663991354e-06,4672,0,0,2338,4672,True,True,2,6.673594663991354e-06,
VD2,/home/asunkari/ros-worm/openworm_geometry/object_stls/stl/VD2.stl,/home/asunkari/ros-worm/openworm_geometry/object_stls_repaired_meshfix_defective/stl/VD2.stl,ok,False,,9408,3136,False,True,3136,1.68957401583777e-05,3136,0,0,1570,3136,True,True,2,1.68957401583777e-05,
DA1,/home/asunkari/ros-worm/openworm_geometry/object_stls/stl/DA1.stl,/home/asunkari/ros-worm/openworm_geometry/object_stls_repaired_meshfix_defective/stl/DA1.stl,ok,False,,10176,3392,False,True,3392,2.8545424847550713e-05,3392,0,0,1698,3392,True,True,2,2.8545424847550713e-05,
VD1,/home/asunkari/ros-worm/openworm_geometry/object_stls/stl/VD1.stl,/home/asunkari/ros-worm/openworm_geometry/object_stls_repaired_meshfix_defective/stl/VD1.stl,ok,False,,12480,4160,False,True,4160,2.224705275889589e-05,4160,0,0,2082,4160,True,True,2,2.224705275889589e-05,
AS1,/home/asunkari/ros-worm/openworm_geometry/object_stls/stl/AS1.stl,/home/asunkari/ros-worm/openworm_geometry/object_stls_repaired_meshfix_defective/stl/AS1.stl,ok,False,,8256,2752,False,True,2752,2.310411723317567e-05,2752,0,0,1378,2752,True,True,2,2.310411723317567e-05,
DB1,/home/asunkari/ros-worm/openworm_geometry/object_stls/stl/DB1.stl,/home/asunkari/ros-worm/openworm_geometry/object_stls_repaired_meshfix_defective/stl/DB1.stl,ok,False,,24384,8128,False,True,8128,0.00011239832565389817,8128,0,0,4066,8128,True,True,2,0.00011239832565389817,
DD1,/home/asunkari/ros-worm/openworm_geometry/object_stls/stl/DD1.stl,/home/asunkari/ros-worm/openworm_geometry/object_stls_repaired_meshfix_defective/stl/DD1.stl,ok,False,,11328,3776,False,True,3776,3.4077249596712655e-05,3776,0,0,1890,3776,True,True,2,3.4077249596712655e-05,
VA1,/home/asunkari/ros-worm/openworm_geometry/object_stls/stl/VA1.stl,/home/asunkari/ros-worm/openworm_geometry/object_stls_repaired_meshfix_defective/stl/VA1.stl,ok,False,,7488,2496,False,True,2496,1.5748193369262902e-05,2496,0,0,1250,2496,True,True,2,1.5748193369262902e-05,
DB2,/home/asunkari/ros-worm/openworm_geometry/object_stls/stl/DB2.stl,/home/asunkari/ros-worm/openworm_geometry/object_stls_repaired_meshfix_defective/stl/DB2.stl,ok,False,,20928,6976,False,True,6976,9.201442263234246e-05,6976,0,0,3490,6976,True,True,2,9.201442263234246e-05,
VB1,/home/asunkari/ros-worm/openworm_geometry/object_stls/stl/VB1.stl,/home/asunkari/ros-worm/openworm_geometry/object_stls_repaired_meshfix_defective/stl/VB1.stl,ok,False,,12864,4288,False,True,4288,2.9383504960039328e-05,4288,0,0,2146,4288,True,True,2,2.9383504960039328e-05,
VB2,/home/asunkari/ros-worm/openworm_geometry/object_stls/stl/VB2.stl,/home/asunkari/ros-worm/openworm_geometry/object_stls_repaired_meshfix_defective/stl/VB2.stl,ok,False,,11712,3904,False,True,3904,3.0205125514427115e-05,3904,0,0,1954,3904,True,True,2,3.0205125514427115e-05,
RMFL,/home/asunkari/ros-worm/openworm_geometry/object_stls/stl/RMFL.stl,/home/asunkari/ros-worm/openworm_geometry/object_stls_repaired_meshfix_defective/stl/RMFL.stl,ok,False,,10560,3520,False,True,3520,4.751385619834358e-06,3520,0,0,1762,3520,True,True,2,4.751385619834358e-06,
SMBDL,/home/asunkari/ros-worm/openworm_geometry/object_stls/stl/SMBDL.stl,/home/asunkari/ros-worm/openworm_geometry/object_stls_repaired_meshfix_defective/stl/SMBDL.stl,ok,False,,17856,5952,False,True,5952,4.885123885684688e-05,5952,0,0,2978,5952,True,True,2,4.885123885684688e-05,
SMDDL,/home/asunkari/ros-worm/openworm_geometry/object_stls/stl/SMDDL.stl,/home/asunkari/ros-worm/openworm_geometry/object_stls_repaired_meshfix_defective/stl/SMDDL.stl,ok,False,,18240,6080,False,True,6080,4.718555343219251e-05,6080,0,0,3042,6080,True,True,2,4.718555343219251e-05,
RMHL,/home/asunkari/ros-worm/openworm_geometry/object_stls/stl/RMHL.stl,/home/asunkari/ros-worm/openworm_geometry/object_stls_repaired_meshfix_defective/stl/RMHL.stl,ok,False,,10560,3520,False,True,3520,4.23249118175644e-06,3520,0,0,1762,3520,True,True,2,4.23249118175644e-06,
RMDDL,/home/asunkari/ros-worm/openworm_geometry/object_stls/stl/RMDDL.stl,/home/asunkari/ros-worm/openworm_geometry/object_stls_repaired_meshfix_defective/stl/RMDDL.stl,ok,False,,5952,1984,False,True,1984,5.55664527008682e-06,1984,0,0,994,1984,True,True,2,5.55664527008682e-06,
RMGL,/home/asunkari/ros-worm/openworm_geometry/object_stls/stl/RMGL.stl,/home/asunkari/ros-worm/openworm_geometry/object_stls_repaired_meshfix_defective/stl/RMGL.stl,ok,False,,7488,2496,False,True,2496,8.660306121804626e-06,2496,0,0,1250,2496,True,True,2,8.660306121804626e-06,
URAVL,/home/asunkari/ros-worm/openworm_geometry/object_stls/stl/URAVL.stl,/home/asunkari/ros-worm/openworm_geometry/object_stls_repaired_meshfix_defective/stl/URAVL.stl,ok,False,,7872,2624,False,True,2624,8.904724436980456e-06,2624,0,0,1314,2624,True,True,2,8.904724436980456e-06,
URADL,/home/asunkari/ros-worm/openworm_geometry/object_stls/stl/URADL.stl,/home/asunkari/ros-worm/openworm_geometry/object_stls_repaired_meshfix_defective/stl/URADL.stl,ok,False,,8640,2880,False,True,2880,1.3687976186125376e-05,2880,0,0,1442,2880,True,True,2,1.3687976186125376e-05,
SMBVL,/home/asunkari/ros-worm/openworm_geometry/object_stls/stl/SMBVL.stl,/home/asunkari/ros-worm/openworm_geometry/object_stls_repaired_meshfix_defective/stl/SMBVL.stl,ok,False,,22080,7360,False,True,7360,2.775054335317214e-05,7360,0,0,3682,7360,True,True,2,2.775054335317214e-05,
PVM,/home/asunkari/ros-worm/openworm_geometry/object_stls/stl/PVM.stl,/home/asunkari/ros-worm/openworm_geometry/object_stls_repaired_meshfix_defective/stl/PVM.stl,ok,False,,14016,4672,False,True,4672,4.6556919818348644e-05,4672,0,0,2338,4672,True,True,2,4.6556919818348644e-05,
PVDR,/home/asunkari/ros-worm/openworm_geometry/object_stls/stl/PVDR.stl,/home/asunkari/ros-worm/openworm_geometry/object_stls_repaired_meshfix_defective/stl/PVDR.stl,ok,True,,666000,222000,False,True,222000,0.00023524254237026487,222000,0,0,108615,217226,True,True,2,0.00023491404556975372,
PDER,/home/asunkari/ros-worm/openworm_geometry/object_stls/stl/PDER.stl,/home/asunkari/ros-worm/openworm_geometry/object_stls_repaired_meshfix_defective/stl/PDER.stl,ok,False,,20160,6720,False,True,6720,6.288440089427106e-05,6720,0,0,3362,6720,True,True,2,6.288440089427106e-05,
AVM,/home/asunkari/ros-worm/openworm_geometry/object_stls/stl/AVM.stl,/home/asunkari/ros-worm/openworm_geometry/object_stls_repaired_meshfix_defective/stl/AVM.stl,ok,False,,15936,5312,False,True,5312,5.1312395697789035e-05,5312,0,0,2658,5312,True,True,2,5.1312395697789035e-05,
ALMR,/home/asunkari/ros-worm/openworm_geometry/object_stls/stl/ALMR.stl,/home/asunkari/ros-worm/openworm_geometry/object_stls_repaired_meshfix_defective/stl/ALMR.stl,ok,False,,12096,4032,False,True,4032,6.991153347817479e-05,4032,0,0,2018,4032,True,True,2,6.991153347817479e-05,
PVR,/home/asunkari/ros-worm/openworm_geometry/object_stls/stl/PVR.stl,/home/asunkari/ros-worm/openworm_geometry/object_stls_repaired_meshfix_defective/stl/PVR.stl,ok,False,,28992,9664,False,True,9664,5.9646919643779645e-05,9664,0,0,4834,9664,True,True,2,5.9646919643779645e-05,
PLMR,/home/asunkari/ros-worm/openworm_geometry/object_stls/stl/PLMR.stl,/home/asunkari/ros-worm/openworm_geometry/object_stls_repaired_meshfix_defective/stl/PLMR.stl,ok,False,,17088,5696,False,True,5696,4.411239650230676e-05,5696,0,0,2850,5696,True,True,2,4.411239650230676e-05,
PHCR,/home/asunkari/ros-worm/openworm_geometry/object_stls/stl/PHCR.stl,/home/asunkari/ros-worm/openworm_geometry/object_stls_repaired_meshfix_defective/stl/PHCR.stl,ok,False,,9408,3136,False,True,3136,7.2003030994625815e-06,3136,0,0,1570,3136,True,True,2,7.2003030994625815e-06,
PHBR,/home/asunkari/ros-worm/openworm_geometry/object_stls/stl/PHBR.stl,/home/asunkari/ros-worm/openworm_geometry/object_stls_repaired_meshfix_defective/stl/PHBR.stl,ok,False,,7488,2496,False,True,2496,6.507199947475811e-06,2496,0,0,1250,2496,True,True,2,6.507199947475811e-06,
PHAR,/home/asunkari/ros-worm/openworm_geometry/object_stls/stl/PHAR.stl,/home/asunkari/ros-worm/openworm_geometry/object_stls_repaired_meshfix_defective/stl/PHAR.stl,ok,False,,7488,2496,False,True,2496,6.628257611181638e-06,2496,0,0,1250,2496,True,True,2,6.628257611181638e-06,
PVDL,/home/asunkari/ros-worm/openworm_geometry/object_stls/stl/PVDL.stl,/home/asunkari/ros-worm/openworm_geometry/object_stls_repaired_meshfix_defective/stl/PVDL.stl,ok,True,,666384,222128,False,True,222128,0.00023516558547302438,222128,0,0,108953,217902,True,True,2,0.00023486551574706532,
IL2VR,/home/asunkari/ros-worm/openworm_geometry/object_stls/stl/IL2VR.stl,/home/asunkari/ros-worm/openworm_geometry/object_stls_repaired_meshfix_defective/stl/IL2VR.stl,ok,False,,7872,2624,False,True,2624,9.399217201452625e-06,2624,0,0,1314,2624,True,True,2,9.399217201452625e-06,
FLPR,/home/asunkari/ros-worm/openworm_geometry/object_stls/stl/FLPR.stl,/home/asunkari/ros-worm/openworm_geometry/object_stls_repaired_meshfix_defective/stl/FLPR.stl,ok,False,,18240,6080,False,True,6080,2.530598786717495e-05,6080,0,0,3042,6080,True,True,2,2.530598786717495e-05,
BAGR,/home/asunkari/ros-worm/openworm_geometry/object_stls/stl/BAGR.stl,/home/asunkari/ros-worm/openworm_geometry/object_stls_repaired_meshfix_defective/stl/BAGR.stl,ok,False,,11712,3904,False,True,3904,1.537030822098333e-05,3904,0,0,1954,3904,True,True,2,1.537030822098333e-05,
IL2R,/home/asunkari/ros-worm/openworm_geometry/object_stls/stl/IL2R.stl,/home/asunkari/ros-worm/openworm_geometry/object_stls_repaired_meshfix_defective/stl/IL2R.stl,ok,False,,8256,2752,False,True,2752,1.2583050471359259e-05,2752,0,0,1378,2752,True,True,2,1.2583050471359259e-05,
AWCR,/home/asunkari/ros-worm/openworm_geometry/object_stls/stl/AWCR.stl,/home/asunkari/ros-worm/openworm_geometry/object_stls_repaired_meshfix_defective/stl/AWCR.stl,ok,False,,14784,4928,False,True,4928,1.585503772425837e-05,4928,0,0,2466,4928,True,True,2,1.585503772425837e-05,
AWBR,/home/asunkari/ros-worm/openworm_geometry/object_stls/stl/AWBR.stl,/home/asunkari/ros-worm/openworm_geometry/object_stls_repaired_meshfix_defective/stl/AWBR.stl,ok,False,,13632,4544,False,True,4544,1.4586912782065228e-05,4544,0,0,2274,4544,True,True,2,1.4586912782065228e-05,
AWAR,/home/asunkari/ros-worm/openworm_geometry/object_stls/stl/AWAR.stl,/home/asunkari/ros-worm/openworm_geometry/object_stls_repaired_meshfix_defective/stl/AWAR.stl,ok,False,,13632,4544,False,True,4544,1.6246678673628045e-05,4544,0,0,2274,4544,True,True,2,1.6246678673628045e-05,
ASKR,/home/asunkari/ros-worm/openworm_geometry/object_stls/stl/ASKR.stl,/home/asunkari/ros-worm/openworm_geometry/object_stls_repaired_meshfix_defective/stl/ASKR.stl,ok,False,,13632,4544,False,True,4544,1.6215371143091066e-05,4544,0,0,2274,4544,True,True,2,1.6215371143091066e-05,
ASIR,/home/asunkari/ros-worm/openworm_geometry/object_stls/stl/ASIR.stl,/home/asunkari/ros-worm/openworm_geometry/object_stls_repaired_meshfix_defective/stl/ASIR.stl,ok,False,,14784,4928,False,True,4928,1.574693115647176e-05,4928,0,0,2466,4928,True,True,2,1.574693115647176e-05,
ASER,/home/asunkari/ros-worm/openworm_geometry/object_stls/stl/ASER.stl,/home/asunkari/ros-worm/openworm_geometry/object_stls_repaired_meshfix_defective/stl/ASER.stl,ok,False,,16704,5568,False,True,5568,1.7323501379990138e-05,5568,0,0,2786,5568,True,True,2,1.7323501379990138e-05,
ASHR,/home/asunkari/ros-worm/openworm_geometry/object_stls/stl/ASHR.stl,/home/asunkari/ros-worm/openworm_geometry/object_stls_repaired_meshfix_defective/stl/ASHR.stl,ok,False,,13632,4544,False,True,4544,1.600948633981503e-05,4544,0,0,2274,4544,True,True,2,1.600948633981503e-05,
ADLR,/home/asunkari/ros-worm/openworm_geometry/object_stls/stl/ADLR.stl,/home/asunkari/ros-worm/openworm_geometry/object_stls_repaired_meshfix_defective/stl/ADLR.stl,ok,False,,13248,4416,False,True,4416,1.4754757524487502e-05,4416,0,0,2210,4416,True,True,2,1.4754757524487502e-05,
ADFR,/home/asunkari/ros-worm/openworm_geometry/object_stls/stl/ADFR.stl,/home/asunkari/ros-worm/openworm_geometry/object_stls_repaired_meshfix_defective/stl/ADFR.stl,ok,False,,13248,4416,False,True,4416,1.636686782002621e-05,4416,0,0,2210,4416,True,True,2,1.636686782002621e-05,
ADER,/home/asunkari/ros-worm/openworm_geometry/object_stls/stl/ADER.stl,/home/asunkari/ros-worm/openworm_geometry/object_stls_repaired_meshfix_defective/stl/ADER.stl,ok,False,,12480,4160,False,True,4160,1.1457234476082744e-05,4160,0,0,2082,4160,True,True,2,1.1457234476082744e-05,
PQR,/home/asunkari/ros-worm/openworm_geometry/object_stls/stl/PQR.stl,/home/asunkari/ros-worm/openworm_geometry/object_stls_repaired_meshfix_defective/stl/PQR.stl,ok,False,,9024,3008,False,True,3008,5.322036933336445e-06,3008,0,0,1506,3008,True,True,2,5.322036933336445e-06,
PHCL,/home/asunkari/ros-worm/openworm_geometry/object_stls/stl/PHCL.stl,/home/asunkari/ros-worm/openworm_geometry/object_stls_repaired_meshfix_defective/stl/PHCL.stl,ok,False,,9408,3136,False,True,3136,7.200388409726633e-06,3136,0,0,1570,3136,True,True,2,7.200388409726633e-06,
PHBL,/home/asunkari/ros-worm/openworm_geometry/object_stls/stl/PHBL.stl,/home/asunkari/ros-worm/openworm_geometry/object_stls_repaired_meshfix_defective/stl/PHBL.stl,ok,False,,7488,2496,False,True,2496,6.506243212366641e-06,2496,0,0,1250,2496,True,True,2,6.506243212366641e-06,
PHAL,/home/asunkari/ros-worm/openworm_geometry/object_stls/stl/PHAL.stl,/home/asunkari/ros-worm/openworm_geometry/object_stls_repaired_meshfix_defective/stl/PHAL.stl,ok,False,,7488,2496,False,True,2496,6.6272245205134306e-06,2496,0,0,1250,2496,True,True,2,6.6272245205134306e-06,
PLML,/home/asunkari/ros-worm/openworm_geometry/object_stls/stl/PLML.stl,/home/asunkari/ros-worm/openworm_geometry/object_stls_repaired_meshfix_defective/stl/PLML.stl,ok,False,,17088,5696,False,True,5696,4.411226836546452e-05,5696,0,0,2850,5696,True,True,2,4.411226836546452e-05,
PDEL,/home/asunkari/ros-worm/openworm_geometry/object_stls/stl/PDEL.stl,/home/asunkari/ros-worm/openworm_geometry/object_stls_repaired_meshfix_defective/stl/PDEL.stl,ok,False,,19776,6592,False,True,6592,6.470249672080963e-05,6592,0,0,3298,6592,True,True,2,6.470249672080963e-05,
ALML,/home/asunkari/ros-worm/openworm_geometry/object_stls/stl/ALML.stl,/home/asunkari/ros-worm/openworm_geometry/object_stls_repaired_meshfix_defective/stl/ALML.stl,ok,False,,12096,4032,False,True,4032,7.014164563644229e-05,4032,0,0,2018,4032,True,True,2,7.014164563644229e-05,
IL2VL,/home/asunkari/ros-worm/openworm_geometry/object_stls/stl/IL2VL.stl,/home/asunkari/ros-worm/openworm_geometry/object_stls_repaired_meshfix_defective/stl/IL2VL.stl,ok,False,,7872,2624,False,True,2624,9.399224040271301e-06,2624,0,0,1314,2624,True,True,2,9.399224040271301e-06,
CEPDR,/home/asunkari/ros-worm/openworm_geometry/object_stls/stl/CEPDR.stl,/home/asunkari/ros-worm/openworm_geometry/object_stls_repaired_meshfix_defective/stl/CEPDR.stl,ok,False,,12096,4032,False,True,4032,1.2564338514866165e-05,4032,0,0,2018,4032,True,True,2,1.2564338514866165e-05,
ASGR,/home/asunkari/ros-worm/openworm_geometry/object_stls/stl/ASGR.stl,/home/asunkari/ros-worm/openworm_geometry/object_stls_repaired_meshfix_defective/stl/ASGR.stl,ok,False,,11712,3904,False,True,3904,1.5660130941550753e-05,3904,0,0,1954,3904,True,True,2,1.5660130941550753e-05,
OLLR,/home/asunkari/ros-worm/openworm_geometry/object_stls/stl/OLLR.stl,/home/asunkari/ros-worm/openworm_geometry/object_stls_repaired_meshfix_defective/stl/OLLR.stl,ok,False,,14016,4672,False,True,4672,1.596942360518594e-05,4672,0,0,2338,4672,True,True,2,1.596942360518594e-05,
IL2DR,/home/asunkari/ros-worm/openworm_geometry/object_stls/stl/IL2DR.stl,/home/asunkari/ros-worm/openworm_geometry/object_stls_repaired_meshfix_defective/stl/IL2DR.stl,ok,False,,8256,2752,False,True,2752,1.8685846800521656e-05,2752,0,0,1378,2752,True,True,2,1.8685846800521656e-05,
AFDR,/home/asunkari/ros-worm/openworm_geometry/object_stls/stl/AFDR.stl,/home/asunkari/ros-worm/openworm_geometry/object_stls_repaired_meshfix_defective/stl/AFDR.stl,ok,False,,13248,4416,False,True,4416,1.6401489110086767e-05,4416,0,0,2210,4416,True,True,2,1.6401489110086767e-05,
CEPVR,/home/asunkari/ros-worm/openworm_geometry/object_stls/stl/CEPVR.stl,/home/asunkari/ros-worm/openworm_geometry/object_stls_repaired_meshfix_defective/stl/CEPVR.stl,ok,False,,10944,3648,False,True,3648,1.01412878274995e-05,3648,0,0,1826,3648,True,True,2,1.01412878274995e-05,
ASJR,/home/asunkari/ros-worm/openworm_geometry/object_stls/stl/ASJR.stl,/home/asunkari/ros-worm/openworm_geometry/object_stls_repaired_meshfix_defective/stl/ASJR.stl,ok,False,,14400,4800,False,True,4800,1.6846424667076184e-05,4800,0,0,2402,4800,True,True,2,1.6846424667076184e-05,
AQR,/home/asunkari/ros-worm/openworm_geometry/object_stls/stl/AQR.stl,/home/asunkari/ros-worm/openworm_geometry/object_stls_repaired_meshfix_defective/stl/AQR.stl,ok,False,,14016,4672,False,True,4672,1.0551225216244784e-05,4672,0,0,2338,4672,True,True,2,1.0551225216244784e-05,
IL2DL,/home/asunkari/ros-worm/openworm_geometry/object_stls/stl/IL2DL.stl,/home/asunkari/ros-worm/openworm_geometry/object_stls_repaired_meshfix_defective/stl/IL2DL.stl,ok,False,,8256,2752,False,True,2752,1.8685871094907298e-05,2752,0,0,1378,2752,True,True,2,1.8685871094907298e-05,
BAGL,/home/asunkari/ros-worm/openworm_geometry/object_stls/stl/BAGL.stl,/home/asunkari/ros-worm/openworm_geometry/object_stls_repaired_meshfix_defective/stl/BAGL.stl,ok,False,,11712,3904,False,True,3904,1.5370323034842633e-05,3904,0,0,1954,3904,True,True,2,1.5370323034842633e-05,
CEPVL,/home/asunkari/ros-worm/openworm_geometry/object_stls/stl/CEPVL.stl,/home/asunkari/ros-worm/openworm_geometry/object_stls_repaired_meshfix_defective/stl/CEPVL.stl,ok,False,,10944,3648,False,True,3648,1.0141291422594752e-05,3648,0,0,1826,3648,True,True,2,1.0141291422594752e-05,
ADEL,/home/asunkari/ros-worm/openworm_geometry/object_stls/stl/ADEL.stl,/home/asunkari/ros-worm/openworm_geometry/object_stls_repaired_meshfix_defective/stl/ADEL.stl,ok,False,,12480,4160,False,True,4160,1.1522306209509027e-05,4160,0,0,2082,4160,True,True,2,1.1522306209509027e-05,
FLPL,/home/asunkari/ros-worm/openworm_geometry/object_stls/stl/FLPL.stl,/home/asunkari/ros-worm/openworm_geometry/object_stls_repaired_meshfix_defective/stl/FLPL.stl,ok,False,,18240,6080,False,True,6080,2.5306028096981452e-05,6080,0,0,3042,6080,True,True,2,2.5306028096981452e-05,
ADLL,/home/asunkari/ros-worm/openworm_geometry/object_stls/stl/ADLL.stl,/home/asunkari/ros-worm/openworm_geometry/object_stls_repaired_meshfix_defective/stl/ADLL.stl,ok,False,,13248,4416,False,True,4416,1.475473773809837e-05,4416,0,0,2210,4416,True,True,2,1.475473773809837e-05,
ASHL,/home/asunkari/ros-worm/openworm_geometry/object_stls/stl/ASHL.stl,/home/asunkari/ros-worm/openworm_geometry/object_stls_repaired_meshfix_defective/stl/ASHL.stl,ok,False,,13632,4544,False,True,4544,1.6009489724739153e-05,4544,0,0,2274,4544,True,True,2,1.6009489724739153e-05,
AWBL,/home/asunkari/ros-worm/openworm_geometry/object_stls/stl/AWBL.stl,/home/asunkari/ros-worm/openworm_geometry/object_stls_repaired_meshfix_defective/stl/AWBL.stl,ok,False,,13632,4544,False,True,4544,1.4586919822954687e-05,4544,0,0,2274,4544,True,True,2,1.4586919822954687e-05,
AFDL,/home/asunkari/ros-worm/openworm_geometry/object_stls/stl/AFDL.stl,/home/asunkari/ros-worm/openworm_geometry/object_stls_repaired_meshfix_defective/stl/AFDL.stl,ok,False,,13248,4416,False,True,4416,1.640146377985257e-05,4416,0,0,2210,4416,True,True,2,1.640146377985257e-05,
ADFL,/home/asunkari/ros-worm/openworm_geometry/object_stls/stl/ADFL.stl,/home/asunkari/ros-worm/openworm_geometry/object_stls_repaired_meshfix_defective/stl/ADFL.stl,ok,False,,13248,4416,False,True,4416,1.6366860719683063e-05,4416,0,0,2210,4416,True,True,2,1.6366860719683063e-05,
ASEL,/home/asunkari/ros-worm/openworm_geometry/object_stls/stl/ASEL.stl,/home/asunkari/ros-worm/openworm_geometry/object_stls_repaired_meshfix_defective/stl/ASEL.stl,ok,False,,16704,5568,False,True,5568,1.7323510387129194e-05,5568,0,0,2786,5568,True,True,2,1.7323510387129194e-05,
AWCL,/home/asunkari/ros-worm/openworm_geometry/object_stls/stl/AWCL.stl,/home/asunkari/ros-worm/openworm_geometry/object_stls_repaired_meshfix_defective/stl/AWCL.stl,ok,False,,14784,4928,False,True,4928,1.585505712843205e-05,4928,0,0,2466,4928,True,True,2,1.585505712843205e-05,
ASJL,/home/asunkari/ros-worm/openworm_geometry/object_stls/stl/ASJL.stl,/home/asunkari/ros-worm/openworm_geometry/object_stls_repaired_meshfix_defective/stl/ASJL.stl,ok,False,,14400,4800,False,True,4800,1.684645640460714e-05,4800,0,0,2402,4800,True,True,2,1.684645640460714e-05,
CEPDL,/home/asunkari/ros-worm/openworm_geometry/object_stls/stl/CEPDL.stl,/home/asunkari/ros-worm/openworm_geometry/object_stls_repaired_meshfix_defective/stl/CEPDL.stl,ok,False,,12096,4032,False,True,4032,1.256435382941199e-05,4032,0,0,2018,4032,True,True,2,1.256435382941199e-05,
ASIL,/home/asunkari/ros-worm/openworm_geometry/object_stls/stl/ASIL.stl,/home/asunkari/ros-worm/openworm_geometry/object_stls_repaired_meshfix_defective/stl/ASIL.stl,ok,False,,14784,4928,False,True,4928,1.5746980421025992e-05,4928,0,0,2466,4928,True,True,2,1.5746980421025992e-05,
ASKL,/home/asunkari/ros-worm/openworm_geometry/object_stls/stl/ASKL.stl,/home/asunkari/ros-worm/openworm_geometry/object_stls_repaired_meshfix_defective/stl/ASKL.stl,ok,False,,13632,4544,False,True,4544,1.621533395669161e-05,4544,0,0,2274,4544,True,True,2,1.621533395669161e-05,
ASGL,/home/asunkari/ros-worm/openworm_geometry/object_stls/stl/ASGL.stl,/home/asunkari/ros-worm/openworm_geometry/object_stls_repaired_meshfix_defective/stl/ASGL.stl,ok,False,,11712,3904,False,True,3904,1.566013758302358e-05,3904,0,0,1954,3904,True,True,2,1.566013758302358e-05,
AWAL,/home/asunkari/ros-worm/openworm_geometry/object_stls/stl/AWAL.stl,/home/asunkari/ros-worm/openworm_geometry/object_stls_repaired_meshfix_defective/stl/AWAL.stl,ok,False,,13632,4544,False,True,4544,1.6246675306232897e-05,4544,0,0,2274,4544,True,True,2,1.6246675306232897e-05,
OLLL,/home/asunkari/ros-worm/openworm_geometry/object_stls/stl/OLLL.stl,/home/asunkari/ros-worm/openworm_geometry/object_stls_repaired_meshfix_defective/stl/OLLL.stl,ok,False,,14016,4672,False,True,4672,1.596940407942051e-05,4672,0,0,2338,4672,True,True,2,1.596940407942051e-05,
IL2L,/home/asunkari/ros-worm/openworm_geometry/object_stls/stl/IL2L.stl,/home/asunkari/ros-worm/openworm_geometry/object_stls_repaired_meshfix_defective/stl/IL2L.stl,ok,False,,8256,2752,False,True,2752,1.2583065478629e-05,2752,0,0,1378,2752,True,True,2,1.2583065478629e-05,
OLQsoVR,/home/asunkari/ros-worm/openworm_geometry/object_stls/stl/OLQsoVR.stl,/home/asunkari/ros-worm/openworm_geometry/object_stls_repaired_meshfix_defective/stl/OLQsoVR.stl,ok,False,,3264,1088,False,True,1088,1.0289477091032836e-05,1088,0,0,546,1088,True,True,2,1.0289477091032836e-05,
ILsoVR,/home/asunkari/ros-worm/openworm_geometry/object_stls/stl/ILsoVR.stl,/home/asunkari/ros-worm/openworm_geometry/object_stls_repaired_meshfix_defective/stl/ILsoVR.stl,ok,False,,2880,960,False,True,960,5.218280846763936e-06,960,0,0,482,960,True,True,2,5.218280846763936e-06,
XXXR,/home/asunkari/ros-worm/openworm_geometry/object_stls/stl/XXXR.stl,/home/asunkari/ros-worm/openworm_geometry/object_stls_repaired_meshfix_defective/stl/XXXR.stl,ok,False,,3648,1216,False,True,1216,6.548534443450072e-06,1216,0,0,610,1216,True,True,2,6.548534443450072e-06,
OLLsoR,/home/asunkari/ros-worm/openworm_geometry/object_stls/stl/OLLsoR.stl,/home/asunkari/ros-worm/openworm_geometry/object_stls_repaired_meshfix_defective/stl/OLLsoR.stl,ok,False,,5184,1728,False,True,1728,9.9835793420555e-06,1728,0,0,866,1728,True,True,2,9.9835793420555e-06,
ILsoR,/home/asunkari/ros-worm/openworm_geometry/object_stls/stl/ILsoR.stl,/home/asunkari/ros-worm/openworm_geometry/object_stls_repaired_meshfix_defective/stl/ILsoR.stl,ok,False,,3648,1216,False,True,1216,7.512999833008579e-06,1216,0,0,610,1216,True,True,2,7.512999833008579e-06,
AMsoR,/home/asunkari/ros-worm/openworm_geometry/object_stls/stl/AMsoR.stl,/home/asunkari/ros-worm/openworm_geometry/object_stls_repaired_meshfix_defective/stl/AMsoR.stl,ok,False,,3648,1216,False,True,1216,1.0852358039405787e-05,1216,0,0,610,1216,True,True,2,1.0852358039405787e-05,
PHso1R,/home/asunkari/ros-worm/openworm_geometry/object_stls/stl/PHso1R.stl,/home/asunkari/ros-worm/openworm_geometry/object_stls_repaired_meshfix_defective/stl/PHso1R.stl,ok,False,,5184,1728,False,True,1728,5.690479855852943e-06,1728,0,0,866,1728,True,True,2,5.690479855852943e-06,
PHso2R,/home/asunkari/ros-worm/openworm_geometry/object_stls/stl/PHso2R.stl,/home/asunkari/ros-worm/openworm_geometry/object_stls_repaired_meshfix_defective/stl/PHso2R.stl,ok,False,,4416,1472,False,True,1472,7.048482810984159e-06,1472,0,0,738,1472,True,True,2,7.048482810984159e-06,
PHso2L,/home/asunkari/ros-worm/openworm_geometry/object_stls/stl/PHso2L.stl,/home/asunkari/ros-worm/openworm_geometry/object_stls_repaired_meshfix_defective/stl/PHso2L.stl,ok,False,,4416,1472,False,True,1472,7.048597722195582e-06,1472,0,0,738,1472,True,True,2,7.048597722195582e-06,
PHso1L,/home/asunkari/ros-worm/openworm_geometry/object_stls/stl/PHso1L.stl,/home/asunkari/ros-worm/openworm_geometry/object_stls_repaired_meshfix_defective/stl/PHso1L.stl,ok,False,,5184,1728,False,True,1728,5.690485088368384e-06,1728,0,0,866,1728,True,True,2,5.690485088368384e-06,
ADEsoL,/home/asunkari/ros-worm/openworm_geometry/object_stls/stl/ADEsoL.stl,/home/asunkari/ros-worm/openworm_geometry/object_stls_repaired_meshfix_defective/stl/ADEsoL.stl,ok,True,,5760,1920,False,True,1920,-1.349069713941799e-06,1920,0,0,960,1920,True,True,0,1.3490697139417997e-06,
AMsoL,/home/asunkari/ros-worm/openworm_geometry/object_stls/stl/AMsoL.stl,/home/asunkari/ros-worm/openworm_geometry/object_stls_repaired_meshfix_defective/stl/AMsoL.stl,ok,False,,3648,1216,False,True,1216,1.0852344320543564e-05,1216,0,0,610,1216,True,True,2,1.0852344320543564e-05,
ILsoDR,/home/asunkari/ros-worm/openworm_geometry/object_stls/stl/ILsoDR.stl,/home/asunkari/ros-worm/openworm_geometry/object_stls_repaired_meshfix_defective/stl/ILsoDR.stl,ok,False,,3264,1088,False,True,1088,9.25954802255145e-06,1088,0,0,546,1088,True,True,2,9.25954802255145e-06,
ADEsoR,/home/asunkari/ros-worm/openworm_geometry/object_stls/stl/ADEsoR.stl,/home/asunkari/ros-worm/openworm_geometry/object_stls_repaired_meshfix_defective/stl/ADEsoR.stl,ok,True,,5760,1920,False,True,1920,-1.312167689260405e-06,1920,0,0,960,1920,True,True,0,1.3121676892604035e-06,
CEPsoVR,/home/asunkari/ros-worm/openworm_geometry/object_stls/stl/CEPsoVR.stl,/home/asunkari/ros-worm/openworm_geometry/object_stls_repaired_meshfix_defective/stl/CEPsoVR.stl,ok,False,,4416,1472,False,True,1472,4.525685273619805e-06,1472,0,0,738,1472,True,True,2,4.525685273619805e-06,
CEPsoDR,/home/asunkari/ros-worm/openworm_geometry/object_stls/stl/CEPsoDR.stl,/home/asunkari/ros-worm/openworm_geometry/object_stls_repaired_meshfix_defective/stl/CEPsoDR.stl,ok,False,,5184,1728,False,True,1728,5.499850536049973e-06,1728,0,0,866,1728,True,True,2,5.499850536049973e-06,
OLQsoDR,/home/asunkari/ros-worm/openworm_geometry/object_stls/stl/OLQsoDR.stl,/home/asunkari/ros-worm/openworm_geometry/object_stls_repaired_meshfix_defective/stl/OLQsoDR.stl,ok,False,,3264,1088,False,True,1088,9.476367651558071e-06,1088,0,0,546,1088,True,True,2,9.476367651558071e-06,
ILsoVL,/home/asunkari/ros-worm/openworm_geometry/object_stls/stl/ILsoVL.stl,/home/asunkari/ros-worm/openworm_geometry/object_stls_repaired_meshfix_defective/stl/ILsoVL.stl,ok,False,,2880,960,False,True,960,5.218284974369098e-06,960,0,0,482,960,True,True,2,5.218284974369098e-06,
OLQsoVL,/home/asunkari/ros-worm/openworm_geometry/object_stls/stl/OLQsoVL.stl,/home/asunkari/ros-worm/openworm_geometry/object_stls_repaired_meshfix_defective/stl/OLQsoVL.stl,ok,False,,3264,1088,False,True,1088,1.0289471211479052e-05,1088,0,0,546,1088,True,True,2,1.0289471211479052e-05,
ILsoL,/home/asunkari/ros-worm/openworm_geometry/object_stls/stl/ILsoL.stl,/home/asunkari/ros-worm/openworm_geometry/object_stls_repaired_meshfix_defective/stl/ILsoL.stl,ok,False,,3648,1216,False,True,1216,7.512985768920601e-06,1216,0,0,610,1216,True,True,2,7.512985768920601e-06,
ILsoDL,/home/asunkari/ros-worm/openworm_geometry/object_stls/stl/ILsoDL.stl,/home/asunkari/ros-worm/openworm_geometry/object_stls_repaired_meshfix_defective/stl/ILsoDL.stl,ok,False,,3264,1088,False,True,1088,9.259543443886646e-06,1088,0,0,546,1088,True,True,2,9.259543443886646e-06,
OLQsoDL,/home/asunkari/ros-worm/openworm_geometry/object_stls/stl/OLQsoDL.stl,/home/asunkari/ros-worm/openworm_geometry/object_stls_repaired_meshfix_defective/stl/OLQsoDL.stl,ok,False,,3264,1088,False,True,1088,9.47635918825858e-06,1088,0,0,546,1088,True,True,2,9.47635918825858e-06,
XXXL,/home/asunkari/ros-worm/openworm_geometry/object_stls/stl/XXXL.stl,/home/asunkari/ros-worm/openworm_geometry/object_stls_repaired_meshfix_defective/stl/XXXL.stl,ok,False,,3648,1216,False,True,1216,6.5485339556038884e-06,1216,0,0,610,1216,True,True,2,6.5485339556038884e-06,
OLLsoL,/home/asunkari/ros-worm/openworm_geometry/object_stls/stl/OLLsoL.stl,/home/asunkari/ros-worm/openworm_geometry/object_stls_repaired_meshfix_defective/stl/OLLsoL.stl,ok,False,,5184,1728,False,True,1728,9.98359625797571e-06,1728,0,0,866,1728,True,True,2,9.98359625797571e-06,
CEPsoDL,/home/asunkari/ros-worm/openworm_geometry/object_stls/stl/CEPsoDL.stl,/home/asunkari/ros-worm/openworm_geometry/object_stls_repaired_meshfix_defective/stl/CEPsoDL.stl,ok,False,,5184,1728,False,True,1728,5.499866393367416e-06,1728,0,0,866,1728,True,True,2,5.499866393367416e-06,
CEPsoVL,/home/asunkari/ros-worm/openworm_geometry/object_stls/stl/CEPsoVL.stl,/home/asunkari/ros-worm/openworm_geometry/object_stls_repaired_meshfix_defective/stl/CEPsoVL.stl,ok,False,,4416,1472,False,True,1472,4.525674272765024e-06,1472,0,0,738,1472,True,True,2,4.525674272765024e-06,
OLQshVR,/home/asunkari/ros-worm/openworm_geometry/object_stls/stl/OLQshVR.stl,/home/asunkari/ros-worm/openworm_geometry/object_stls_repaired_meshfix_defective/stl/OLQshVR.stl,ok,False,,5568,1856,False,True,1856,6.100380769165279e-06,1856,0,0,930,1856,True,True,2,6.100380769165279e-06,
ILshVR,/home/asunkari/ros-worm/openworm_geometry/object_stls/stl/ILshVR.stl,/home/asunkari/ros-worm/openworm_geometry/object_stls_repaired_meshfix_defective/stl/ILshVR.stl,ok,False,,3648,1216,False,True,1216,6.091147730080744e-06,1216,0,0,610,1216,True,True,2,6.091147730080744e-06,
OLLshR,/home/asunkari/ros-worm/openworm_geometry/object_stls/stl/OLLshR.stl,/home/asunkari/ros-worm/openworm_geometry/object_stls_repaired_meshfix_defective/stl/OLLshR.stl,ok,False,,5184,1728,False,True,1728,1.0002955903371061e-05,1728,0,0,866,1728,True,True,2,1.0002955903371061e-05,
ILshR,/home/asunkari/ros-worm/openworm_geometry/object_stls/stl/ILshR.stl,/home/asunkari/ros-worm/openworm_geometry/object_stls_repaired_meshfix_defective/stl/ILshR.stl,ok,False,,5568,1856,False,True,1856,5.548053249006454e-06,1856,0,0,930,1856,True,True,2,5.548053249006454e-06,
AMshR,/home/asunkari/ros-worm/openworm_geometry/object_stls/stl/AMshR.stl,/home/asunkari/ros-worm/openworm_geometry/object_stls_repaired_meshfix_defective/stl/AMshR.stl,ok,False,,8640,2880,False,True,2880,2.0084421649317088e-05,2880,0,0,1442,2880,True,True,2,2.0084421649317088e-05,
PHshR,/home/asunkari/ros-worm/openworm_geometry/object_stls/stl/PHshR.stl,/home/asunkari/ros-worm/openworm_geometry/object_stls_repaired_meshfix_defective/stl/PHshR.stl,ok,False,,2880,960,False,True,960,4.277582872313195e-06,960,0,0,482,960,True,True,2,4.277582872313195e-06,
PHshL,/home/asunkari/ros-worm/openworm_geometry/object_stls/stl/PHshL.stl,/home/asunkari/ros-worm/openworm_geometry/object_stls_repaired_meshfix_defective/stl/PHshL.stl,ok,False,,2880,960,False,True,960,4.27757826486955e-06,960,0,0,482,960,True,True,2,4.27757826486955e-06,
OLQshDR,/home/asunkari/ros-worm/openworm_geometry/object_stls/stl/OLQshDR.stl,/home/asunkari/ros-worm/openworm_geometry/object_stls_repaired_meshfix_defective/stl/OLQshDR.stl,ok,False,,5184,1728,False,True,1728,1.4342554413925509e-05,1728,0,0,866,1728,True,True,2,1.4342554413925509e-05,
CEPshVR,/home/asunkari/ros-worm/openworm_geometry/object_stls/stl/CEPshVR.stl,/home/asunkari/ros-worm/openworm_geometry/object_stls_repaired_meshfix_defective/stl/CEPshVR.stl,ok,False,,9792,3264,False,True,3264,5.5046314709294304e-05,3264,0,0,1634,3264,True,True,2,5.5046314709294304e-05,
CEPshDR,/home/asunkari/ros-worm/openworm_geometry/object_stls/stl/CEPshDR.stl,/home/asunkari/ros-worm/openworm_geometry/object_stls_repaired_meshfix_defective/stl/CEPshDR.stl,ok,False,,9792,3264,False,True,3264,5.7506242765158265e-05,3264,0,0,1634,3264,True,True,2,5.7506242765158265e-05,
ILshDR,/home/asunkari/ros-worm/openworm_geometry/object_stls/stl/ILshDR.stl,/home/asunkari/ros-worm/openworm_geometry/object_stls_repaired_meshfix_defective/stl/ILshDR.stl,ok,False,,4032,1344,False,True,1344,1.0909806536925124e-05,1344,0,0,674,1344,True,True,2,1.0909806536925124e-05,
ADEshR,/home/asunkari/ros-worm/openworm_geometry/object_stls/stl/ADEshR.stl,/home/asunkari/ros-worm/openworm_geometry/object_stls_repaired_meshfix_defective/stl/ADEshR.stl,ok,False,,9600,3200,False,True,3200,1.9551127763934132e-06,3200,0,0,1600,3200,True,True,0,1.9551127763934132e-06,
ADEshL,/home/asunkari/ros-worm/openworm_geometry/object_stls/stl/ADEshL.stl,/home/asunkari/ros-worm/openworm_geometry/object_stls_repaired_meshfix_defective/stl/ADEshL.stl,ok,False,,6528,2176,False,True,2176,1.889332931594963e-06,2176,0,0,1088,2176,True,True,0,1.889332931594963e-06,
ILshVL,/home/asunkari/ros-worm/openworm_geometry/object_stls/stl/ILshVL.stl,/home/asunkari/ros-worm/openworm_geometry/object_stls_repaired_meshfix_defective/stl/ILshVL.stl,ok,False,,3648,1216,False,True,1216,6.091372634424538e-06,1216,0,0,610,1216,True,True,2,6.091372634424538e-06,
ILshDL,/home/asunkari/ros-worm/openworm_geometry/object_stls/stl/ILshDL.stl,/home/asunkari/ros-worm/openworm_geometry/object_stls_repaired_meshfix_defective/stl/ILshDL.stl,ok,False,,4032,1344,False,True,1344,1.0909808551256322e-05,1344,0,0,674,1344,True,True,2,1.0909808551256322e-05,
OLQshDL,/home/asunkari/ros-worm/openworm_geometry/object_stls/stl/OLQshDL.stl,/home/asunkari/ros-worm/openworm_geometry/object_stls_repaired_meshfix_defective/stl/OLQshDL.stl,ok,False,,5184,1728,False,True,1728,1.4342521068975712e-05,1728,0,0,866,1728,True,True,2,1.4342521068975712e-05,
ILshL,/home/asunkari/ros-worm/openworm_geometry/object_stls/stl/ILshL.stl,/home/asunkari/ros-worm/openworm_geometry/object_stls_repaired_meshfix_defective/stl/ILshL.stl,ok,False,,5568,1856,False,True,1856,5.5480595114264155e-06,1856,0,0,930,1856,True,True,2,5.5480595114264155e-06,
OLQshVL,/home/asunkari/ros-worm/openworm_geometry/object_stls/stl/OLQshVL.stl,/home/asunkari/ros-worm/openworm_geometry/object_stls_repaired_meshfix_defective/stl/OLQshVL.stl,ok,False,,5568,1856,False,True,1856,6.0984981913267015e-06,1856,0,0,930,1856,True,True,2,6.0984981913267015e-06,
OLLshL,/home/asunkari/ros-worm/openworm_geometry/object_stls/stl/OLLshL.stl,/home/asunkari/ros-worm/openworm_geometry/object_stls_repaired_meshfix_defective/stl/OLLshL.stl,ok,False,,5184,1728,False,True,1728,1.000294982806101e-05,1728,0,0,866,1728,True,True,2,1.000294982806101e-05,
CEPshDL,/home/asunkari/ros-worm/openworm_geometry/object_stls/stl/CEPshDL.stl,/home/asunkari/ros-worm/openworm_geometry/object_stls_repaired_meshfix_defective/stl/CEPshDL.stl,ok,False,,9792,3264,False,True,3264,5.7506229436438925e-05,3264,0,0,1634,3264,True,True,2,5.7506229436438925e-05,
CEPshVL,/home/asunkari/ros-worm/openworm_geometry/object_stls/stl/CEPshVL.stl,/home/asunkari/ros-worm/openworm_geometry/object_stls_repaired_meshfix_defective/stl/CEPshVL.stl,ok,False,,9792,3264,False,True,3264,5.504630133407391e-05,3264,0,0,1634,3264,True,True,2,5.504630133407391e-05,
AMshL,/home/asunkari/ros-worm/openworm_geometry/object_stls/stl/AMshL.stl,/home/asunkari/ros-worm/openworm_geometry/object_stls_repaired_meshfix_defective/stl/AMshL.stl,ok,False,,8640,2880,False,True,2880,2.008443367140485e-05,2880,0,0,1442,2880,True,True,2,2.008443367140485e-05,
Cube,/home/asunkari/ros-worm/openworm_geometry/object_stls/stl/Cube.stl,/home/asunkari/ros-worm/openworm_geometry/object_stls_repaired_meshfix_defective/stl/Cube.stl,ok,True,,378,126,False,True,126,0.3182309329416803,126,0,0,9,14,True,True,2,0.010662000173611389,
