object_name,safe_name,category_guess,stl_path,raw_triangles,exported_triangles,skipped_degenerate,min_x,min_y,min_z,max_x,max_y,max_z,span_x,span_y,span_z,repair_used_meshfix,repair_watertight_after,repair_winding_after,repair_faces_after,compartment,geometry_role,role_note,validator_category
Y,Y,nervous_system,/home/asunkari/ros-worm/openworm_geometry/object_stls_repaired_meshfix_defective/stl/Y.stl,1472,1472,0,-0.039295308291912,3.925180196762085,-0.0249344818294048,-0.0089611783623695,3.983992338180542,-0.0048539889976382,0.0303341299295425,0.058812141418457,0.020080491900444,False,True,True,1472,nervous_system,scoring_only,neuron/cell scoring atlas,nervous_system
B,B,nervous_system,/home/asunkari/ros-worm/openworm_geometry/object_stls_repaired_meshfix_defective/stl/B.stl,1472,1472,0,-0.039130326360464,3.928184747695923,-0.0180113911628723,-0.0085070021450519,3.992281198501587,0.0075682140886783,0.0306233242154121,0.064096450805664,0.0255796052515506,False,True,True,1472,nervous_system,scoring_only,neuron/cell scoring atlas,nervous_system
U,U,nervous_system,/home/asunkari/ros-worm/openworm_geometry/object_stls_repaired_meshfix_defective/stl/U.stl,1472,1472,0,-0.0486041717231273,3.867097854614258,-0.0160047300159931,-0.0126669686287641,3.9291298389434814,0.009622998535633,0.0359372049570083,0.0620319843292236,0.0256277285516262,False,True,True,1472,nervous_system,scoring_only,neuron/cell scoring atlas,nervous_system
F,F,nervous_system,/home/asunkari/ros-worm/openworm_geometry/object_stls_repaired_meshfix_defective/stl/F.stl,1472,1472,0,-0.0484277606010437,3.87004828453064,-0.0044377567246556,-0.0125125665217638,3.932192087173462,0.0261246114969253,0.035915195941925,0.0621438026428222,0.0305623672902584,False,True,True,1472,nervous_system,scoring_only,neuron/cell scoring atlas,nervous_system
K,K,nervous_system,/home/asunkari/ros-worm/openworm_geometry/object_stls_repaired_meshfix_defective/stl/K.stl,1472,1472,0,-0.0568636171519756,3.8125507831573486,-0.0062265237793326,-0.0310174636542797,3.874556064605713,0.0455250702798366,0.0258461534976959,0.0620052814483642,0.0517515949904918,False,True,True,1472,nervous_system,scoring_only,neuron/cell scoring atlas,nervous_system
ALNR,ALNR,nervous_system,/home/asunkari/ros-worm/openworm_geometry/object_stls_repaired_meshfix_defective/stl/ALNR.stl,5824,5824,0,-0.1415097117424011,-2.74888277053833,-0.3222806453704834,-0.0048746578395366,4.472743511199951,0.5075157880783081,0.1366350501775741,7.221626281738281,0.8297964334487915,False,True,True,5824,nervous_system,scoring_only,neuron/cell scoring atlas,nervous_system
PLNR,PLNR,nervous_system,/home/asunkari/ros-worm/openworm_geometry/object_stls_repaired_meshfix_defective/stl/PLNR.stl,6848,6848,0,-0.2493109107017517,-2.7420754432678223,-0.6361825466156006,-0.0079432763159275,4.420924186706543,0.4472800493240356,0.2413676381111145,7.162999629974365,1.0834625959396362,False,True,True,6848,nervous_system,scoring_only,neuron/cell scoring atlas,nervous_system
CANL,CANL,nervous_system,/home/asunkari/ros-worm/openworm_geometry/object_stls_repaired_meshfix_defective/stl/CANL.stl,4544,4544,0,0.0707631856203079,-2.7951083183288574,-0.4418316781520843,0.2704866230487823,4.031525135040283,0.4711920022964477,0.1997234374284744,6.826633453369141,0.9130237102508544,False,True,True,4544,nervous_system,scoring_only,neuron/cell scoring atlas,nervous_system
URYVR,URYVR,nervous_system,/home/asunkari/ros-worm/openworm_geometry/object_stls_repaired_meshfix_defective/stl/URYVR.stl,2624,2624,0,-0.0939326286315918,-3.4257984161376958,0.3915696740150451,-0.024977259337902,-2.732753038406372,0.5589494109153748,0.0689553692936897,0.6930453777313232,0.1673797369003296,False,True,True,2624,nervous_system,scoring_only,neuron/cell scoring atlas,nervous_system
AUAR,AUAR,nervous_system,/home/asunkari/ros-worm/openworm_geometry/object_stls_repaired_meshfix_defective/stl/AUAR.stl,4416,4416,0,-0.1223962008953094,-3.1151912212371826,0.2634908258914947,-0.023158386349678,-2.63203763961792,0.5494658946990967,0.0992378145456314,0.4831535816192627,0.2859750688076019,False,True,True,4416,nervous_system,scoring_only,neuron/cell scoring atlas,nervous_system
PLNL,PLNL,nervous_system,/home/asunkari/ros-worm/openworm_geometry/object_stls_repaired_meshfix_defective/stl/PLNL.stl,6592,6592,0,-0.0093678720295429,-2.742081642150879,-0.6361827254295349,0.235576719045639,4.420924663543701,0.4523985683917999,0.2449445873498916,7.16300630569458,1.0885813236236572,False,True,True,6592,nervous_system,scoring_only,neuron/cell scoring atlas,nervous_system
ALNL,ALNL,nervous_system,/home/asunkari/ros-worm/openworm_geometry/object_stls_repaired_meshfix_defective/stl/ALNL.stl,5824,5824,0,-0.0073726037517189,-2.7488832473754883,-0.3222805857658386,0.106564775109291,4.470035552978516,0.5075157880783081,0.1139373779296875,7.218918800354004,0.8297963738441467,False,True,True,5824,nervous_system,scoring_only,neuron/cell scoring atlas,nervous_system
CANR,CANR,nervous_system,/home/asunkari/ros-worm/openworm_geometry/object_stls_repaired_meshfix_defective/stl/CANR.stl,4544,4544,0,-0.2890830934047699,-2.795108795166016,-0.4418315887451172,-0.0720920413732528,4.031525135040283,0.4711922407150268,0.216991052031517,6.826633930206299,0.913023829460144,False,True,True,4544,nervous_system,scoring_only,neuron/cell scoring atlas,nervous_system
URYDR,URYDR,nervous_system,/home/asunkari/ros-worm/openworm_geometry/object_stls_repaired_meshfix_defective/stl/URYDR.stl,3904,3904,0,-0.0936087816953659,-3.4111056327819824,0.497497946023941,-0.0244305469095706,-2.7334513664245605,0.6129962205886841,0.0691782385110855,0.6776542663574219,0.115498274564743,False,True,True,3904,nervous_system,scoring_only,neuron/cell scoring atlas,nervous_system
ALA,ALA,nervous_system,/home/asunkari/ros-worm/openworm_geometry/object_stls_repaired_meshfix_defective/stl/ALA.stl,9984,9984,0,-0.276075005531311,-2.7450411319732666,-0.4368209540843963,0.2641752660274505,4.026322364807129,0.6121674180030823,0.540250301361084,6.771363258361816,1.0489883422851562,False,True,True,9984,nervous_system,scoring_only,neuron/cell scoring atlas,nervous_system
AUAL,AUAL,nervous_system,/home/asunkari/ros-worm/openworm_geometry/object_stls_repaired_meshfix_defective/stl/AUAL.stl,4416,4416,0,-0.0195598751306533,-3.1151914596557617,0.26349076628685,0.079677939414978,-2.63203763961792,0.5494658350944519,0.0992378145456314,0.4831538200378418,0.2859750688076019,False,True,True,4416,nervous_system,scoring_only,neuron/cell scoring atlas,nervous_system
URYDL,URYDL,nervous_system,/home/asunkari/ros-worm/openworm_geometry/object_stls_repaired_meshfix_defective/stl/URYDL.stl,3904,3904,0,-0.0182877033948898,-3.4111056327819824,0.4974978566169739,0.050890527665615,-2.733451128005981,0.6129961013793945,0.0691782310605049,0.677654504776001,0.1154982447624206,False,True,True,3904,nervous_system,scoring_only,neuron/cell scoring atlas,nervous_system
URYVL,URYVL,nervous_system,/home/asunkari/ros-worm/openworm_geometry/object_stls_repaired_meshfix_defective/stl/URYVL.stl,2624,2624,0,-0.0177409723401069,-3.4257986545562744,0.3915696740150451,0.0512144044041633,-2.732753276824951,0.5589494109153748,0.0689553767442703,0.6930453777313232,0.1673797369003296,False,True,True,2624,nervous_system,scoring_only,neuron/cell scoring atlas,nervous_system
OLQVR,OLQVR,nervous_system,/home/asunkari/ros-worm/openworm_geometry/object_stls_repaired_meshfix_defective/stl/OLQVR.stl,2624,2624,0,-0.0981489792466163,-3.492910385131836,0.3983180522918701,-0.0386519357562065,-2.733130693435669,0.5682154893875122,0.0594970434904098,0.759779691696167,0.1698974370956421,False,True,True,2624,nervous_system,scoring_only,neuron/cell scoring atlas,nervous_system
IL1VR,IL1VR,nervous_system,/home/asunkari/ros-worm/openworm_geometry/object_stls_repaired_meshfix_defective/stl/IL1VR.stl,2752,2752,0,-0.0899926573038101,-3.4929099082946777,0.387292742729187,-0.0386518687009811,-2.733279228210449,0.5682152509689331,0.0513407886028289,0.7596306800842285,0.1809225082397461,False,True,True,2752,nervous_system,scoring_only,neuron/cell scoring atlas,nervous_system
IL1R,IL1R,nervous_system,/home/asunkari/ros-worm/openworm_geometry/object_stls_repaired_meshfix_defective/stl/IL1R.stl,3648,3648,0,-0.1234157383441925,-3.4939279556274414,0.4163269698619842,-0.0480090379714965,-2.7231814861297607,0.5915651917457581,0.0754067003726959,0.7707464694976807,0.1752382218837738,False,True,True,3648,nervous_system,scoring_only,neuron/cell scoring atlas,nervous_system
NSMR,NSMR,nervous_system,/home/asunkari/ros-worm/openworm_geometry/object_stls_repaired_meshfix_defective/stl/NSMR.stl,3136,3136,0,-0.0738338157534599,-2.944422721862793,0.4068273305892944,0.0263076946139335,-2.596827507019043,0.5370016098022461,0.1001415103673935,0.34759521484375,0.1301742792129516,False,True,True,3136,nervous_system,scoring_only,neuron/cell scoring atlas,nervous_system
MCR,MCR,nervous_system,/home/asunkari/ros-worm/openworm_geometry/object_stls_repaired_meshfix_defective/stl/MCR.stl,3904,3904,0,-0.0845533311367034,-3.06466007232666,0.4437296390533447,0.025168627500534,-2.8489763736724854,0.5634598731994629,0.1097219586372375,0.2156836986541748,0.1197302341461181,False,True,True,3904,nervous_system,scoring_only,neuron/cell scoring atlas,nervous_system
MCL,MCL,nervous_system,/home/asunkari/ros-worm/openworm_geometry/object_stls_repaired_meshfix_defective/stl/MCL.stl,3904,3904,0,-0.0659025460481643,-3.064659833908081,0.4437296390533447,0.0438193902373313,-2.8489763736724854,0.5634599328041077,0.1097219362854957,0.2156834602355957,0.1197302937507629,False,True,True,3904,nervous_system,scoring_only,neuron/cell scoring atlas,nervous_system
OLQDR,OLQDR,nervous_system,/home/asunkari/ros-worm/openworm_geometry/object_stls_repaired_meshfix_defective/stl/OLQDR.stl,3136,3136,0,-0.0874682813882827,-3.4917027950286865,0.485361099243164,-0.037867497652769,-2.740976095199585,0.6118018627166748,0.0496007837355136,0.7507266998291016,0.1264407634735107,True,True,True,3136,nervous_system,scoring_only,neuron/cell scoring atlas,nervous_system
NSML,NSML,nervous_system,/home/asunkari/ros-worm/openworm_geometry/object_stls_repaired_meshfix_defective/stl/NSML.stl,3136,3136,0,-0.0636487752199173,-2.944422721862793,0.406827449798584,0.0364927425980567,-2.596827507019043,0.5370016694068909,0.100141517817974,0.34759521484375,0.1301742196083068,False,True,True,3136,nervous_system,scoring_only,neuron/cell scoring atlas,nervous_system
IL1DR,IL1DR,nervous_system,/home/asunkari/ros-worm/openworm_geometry/object_stls_repaired_meshfix_defective/stl/IL1DR.stl,756,756,0,-0.0949923172593116,-3.410819292068481,0.4852352738380432,-0.0248230285942554,-2.724388599395752,0.6138290762901306,0.0701692849397659,0.6864306926727295,0.1285938024520874,False,True,True,756,nervous_system,scoring_only,neuron/cell scoring atlas,nervous_system
AVL,AVL,nervous_system,/home/asunkari/ros-worm/openworm_geometry/object_stls_repaired_meshfix_defective/stl/AVL.stl,8384,8384,0,-0.1338308900594711,-2.7548861503601074,-0.6700575351715088,0.0493166297674179,3.961076021194458,0.5334691405296326,0.183147519826889,6.7159624099731445,1.203526735305786,True,True,True,8384,nervous_system,scoring_only,neuron/cell scoring atlas,nervous_system
IL1DL,IL1DL,nervous_system,/home/asunkari/ros-worm/openworm_geometry/object_stls_repaired_meshfix_defective/stl/IL1DL.stl,756,756,0,-0.0178952012211084,-3.410819292068481,0.4852352738380432,0.0522740855813026,-2.724388599395752,0.6138290762901306,0.0701692849397659,0.6864306926727295,0.1285938024520874,False,True,True,756,nervous_system,scoring_only,neuron/cell scoring atlas,nervous_system
IL1VL,IL1VL,nervous_system,/home/asunkari/ros-worm/openworm_geometry/object_stls_repaired_meshfix_defective/stl/IL1VL.stl,2752,2752,0,-0.0040663611143827,-3.492910146713257,0.3872928023338318,0.047274425625801,-2.733279228210449,0.5682153105735779,0.0513407886028289,0.7596309185028076,0.1809225082397461,False,True,True,2752,nervous_system,scoring_only,neuron/cell scoring atlas,nervous_system
IL1L,IL1L,nervous_system,/home/asunkari/ros-worm/openworm_geometry/object_stls_repaired_meshfix_defective/stl/IL1L.stl,3648,3648,0,0.005290787667036,-3.4939277172088623,0.4163268506526947,0.0806974843144416,-2.7231812477111816,0.5915651917457581,0.0754067003726959,0.7707464694976807,0.1752383410930633,False,True,True,3648,nervous_system,scoring_only,neuron/cell scoring atlas,nervous_system
OLQDL,OLQDL,nervous_system,/home/asunkari/ros-worm/openworm_geometry/object_stls_repaired_meshfix_defective/stl/OLQDL.stl,3136,3136,0,-0.0048507191240787,-3.4917027950286865,0.4853610694408417,0.0447500497102737,-2.740976095199585,0.61180180311203,0.0496007688343524,0.7507266998291016,0.1264407336711883,True,True,True,3136,nervous_system,scoring_only,neuron/cell scoring atlas,nervous_system
OLQVL,OLQVL,nervous_system,/home/asunkari/ros-worm/openworm_geometry/object_stls_repaired_meshfix_defective/stl/OLQVL.stl,2624,2624,0,-0.0040663518011569,-3.492910623550415,0.3983180522918701,0.0554307252168655,-2.733130693435669,0.5682154297828674,0.0594970770180225,0.7597799301147461,0.1698973774909973,False,True,True,2624,nervous_system,scoring_only,neuron/cell scoring atlas,nervous_system
GLRVR,GLRVR,support_sheath_socket,/home/asunkari/ros-worm/openworm_geometry/object_stls_repaired_meshfix_defective/stl/GLRVR.stl,2240,2240,0,-0.0900139734148979,-3.4929099082946777,0.3759796321392059,-0.0386518910527229,-2.6883533000946045,0.568215012550354,0.0513620823621749,0.8045566082000732,0.192235380411148,False,True,True,2240,support_sheath_socket,scoring_only,support/sheath/socket/glial-like scoring atlas,support_sheath_socket
GLRDR,GLRDR,support_sheath_socket,/home/asunkari/ros-worm/openworm_geometry/object_stls_repaired_meshfix_defective/stl/GLRDR.stl,2496,2496,0,-0.0961783900856971,-3.49162220954895,0.4804713726043701,-0.0380293168127536,-2.695462942123413,0.6118018627166748,0.0581490732729435,0.7961592674255371,0.1313304901123047,False,True,True,2496,support_sheath_socket,scoring_only,support/sheath/socket/glial-like scoring atlas,support_sheath_socket
GLRR,GLRR,support_sheath_socket,/home/asunkari/ros-worm/openworm_geometry/object_stls_repaired_meshfix_defective/stl/GLRR.stl,2752,2752,0,-0.1234157383441925,-3.4939277172088623,0.4206238090991974,-0.0480090230703353,-2.6960480213165283,0.591564953327179,0.0754067152738571,0.797879695892334,0.1709411442279815,False,True,True,2752,support_sheath_socket,scoring_only,support/sheath/socket/glial-like scoring atlas,support_sheath_socket
GLRL,GLRL,support_sheath_socket,/home/asunkari/ros-worm/openworm_geometry/object_stls_repaired_meshfix_defective/stl/GLRL.stl,2752,2752,0,0.0052907858043909,-3.4939277172088623,0.4206238687038421,0.0806975215673446,-2.6960480213165283,0.5915650129318237,0.0754067376255989,0.797879695892334,0.1709411442279815,False,True,True,2752,support_sheath_socket,scoring_only,support/sheath/socket/glial-like scoring atlas,support_sheath_socket
GLRDL,GLRDL,support_sheath_socket,/home/asunkari/ros-worm/openworm_geometry/object_stls_repaired_meshfix_defective/stl/GLRDL.stl,2496,2496,0,-0.0046889372169971,-3.49162220954895,0.4804713129997253,0.0534601509571075,-2.695462942123413,0.61180180311203,0.0581490881741046,0.7961592674255371,0.1313304901123047,False,True,True,2496,support_sheath_socket,scoring_only,support/sheath/socket/glial-like scoring atlas,support_sheath_socket
GLRVL,GLRVL,support_sheath_socket,/home/asunkari/ros-worm/openworm_geometry/object_stls_repaired_meshfix_defective/stl/GLRVL.stl,2240,2240,0,-0.0040663592517375,-3.492910146713257,0.3759797513484955,0.0472957342863082,-2.688353538513184,0.5682151317596436,0.0513620935380458,0.8045566082000732,0.192235380411148,False,True,True,2240,support_sheath_socket,scoring_only,support/sheath/socket/glial-like scoring atlas,support_sheath_socket
Head_Mesodermal_Cell,Head_Mesodermal_Cell,support_sheath_socket,/home/asunkari/ros-worm/openworm_geometry/object_stls_repaired_meshfix_defective/stl/Head_Mesodermal_Cell.stl,4864,4864,0,-0.1181544214487075,-2.3931360244750977,-0.0897875949740409,0.0759865790605545,-2.013127088546753,0.4838371276855469,0.194141000509262,0.3800089359283447,0.5736247301101685,False,True,True,4864,support_sheath_socket,scoring_only,support/sheath/socket/glial-like scoring atlas,support_sheath_socket
SIAVR,SIAVR,nervous_system,/home/asunkari/ros-worm/openworm_geometry/object_stls_repaired_meshfix_defective/stl/SIAVR.stl,6464,6464,0,-0.2493109554052353,-2.744334936141968,-0.6361827850341797,-0.0608440525829792,3.971773862838745,0.4516990780830383,0.1884669065475464,6.716108798980713,1.0878818035125732,True,True,True,6464,nervous_system,scoring_only,neuron/cell scoring atlas,nervous_system
SDQR,SDQR,nervous_system,/home/asunkari/ros-worm/openworm_geometry/object_stls_repaired_meshfix_defective/stl/SDQR.stl,2624,2624,0,-0.1509016752243042,-2.7480781078338623,-0.1196352392435073,0.0478587597608566,-1.2937543392181396,0.5116723775863647,0.1987604349851608,1.4543237686157229,0.6313076019287109,False,True,True,2624,nervous_system,scoring_only,neuron/cell scoring atlas,nervous_system
SDQL,SDQL,nervous_system,/home/asunkari/ros-worm/openworm_geometry/object_stls_repaired_meshfix_defective/stl/SDQL.stl,4544,4544,0,-0.085623413324356,-2.745877504348755,-0.2375220209360122,0.2378372699022293,2.240940809249878,0.5110651254653931,0.3234606981277466,4.986818313598633,0.7485871315002441,False,True,True,4544,nervous_system,scoring_only,neuron/cell scoring atlas,nervous_system
BDUR,BDUR,nervous_system,/home/asunkari/ros-worm/openworm_geometry/object_stls_repaired_meshfix_defective/stl/BDUR.stl,2752,2752,0,-0.2081348598003387,-2.780474901199341,-0.0213365219533443,-0.0274121016263961,-1.849316954612732,0.5295355319976807,0.1807227581739425,0.9311579465866088,0.5508720278739929,False,True,True,2752,nervous_system,scoring_only,neuron/cell scoring atlas,nervous_system
PVNR,PVNR,nervous_system,/home/asunkari/ros-worm/openworm_geometry/object_stls_repaired_meshfix_defective/stl/PVNR.stl,10560,10560,0,-0.1286012828350067,-2.7548866271972656,-0.6562936305999756,0.0493166260421276,4.113475799560547,0.5334696769714355,0.1779179126024246,6.8683624267578125,1.1897633075714111,False,True,True,10560,nervous_system,scoring_only,neuron/cell scoring atlas,nervous_system
PVWR,PVWR,nervous_system,/home/asunkari/ros-worm/openworm_geometry/object_stls_repaired_meshfix_defective/stl/PVWR.stl,2112,2112,0,-0.0716969072818756,3.5253303050994877,-0.2264677882194519,-0.0132057145237922,4.067513942718506,0.0825833976268768,0.0584911927580833,0.5421836376190186,0.3090511858463287,False,True,True,2112,nervous_system,scoring_only,neuron/cell scoring atlas,nervous_system
PVCR,PVCR,nervous_system,/home/asunkari/ros-worm/openworm_geometry/object_stls_repaired_meshfix_defective/stl/PVCR.stl,7744,7744,0,-0.1247539073228836,-2.754673957824707,-0.6502827405929565,-0.0130846928805112,4.049065589904785,0.5339186191558838,0.1116692125797271,6.803739547729492,1.1842013597488403,False,True,True,7744,nervous_system,scoring_only,neuron/cell scoring atlas,nervous_system
LUAR,LUAR,nervous_system,/home/asunkari/ros-worm/openworm_geometry/object_stls_repaired_meshfix_defective/stl/LUAR.stl,1824,1824,0,-0.0713668689131736,3.5071890354156494,-0.2314527779817581,-0.0128541551530361,4.047729015350342,0.0498840771615505,0.0585127137601375,0.5405399799346924,0.2813368439674377,True,True,True,1838,nervous_system,scoring_only,neuron/cell scoring atlas,nervous_system
PVPL,PVPL,nervous_system,/home/asunkari/ros-worm/openworm_geometry/object_stls_repaired_meshfix_defective/stl/PVPL.stl,6592,6592,0,-0.1273076683282852,-2.75467300415039,-0.6551051139831543,0.0493166297674179,3.690841674804688,0.5339181423187256,0.1766242980957031,6.445514678955078,1.18902325630188,False,True,True,6592,nervous_system,scoring_only,neuron/cell scoring atlas,nervous_system
RIPR,RIPR,nervous_system,/home/asunkari/ros-worm/openworm_geometry/object_stls_repaired_meshfix_defective/stl/RIPR.stl,4416,4416,0,-0.0864243730902671,-3.408702850341797,0.4272371828556061,0.0799826011061668,-2.746875524520874,0.5830096006393433,0.166406974196434,0.6618273258209229,0.1557724177837371,False,True,True,4416,nervous_system,scoring_only,neuron/cell scoring atlas,nervous_system
URBR,URBR,nervous_system,/home/asunkari/ros-worm/openworm_geometry/object_stls_repaired_meshfix_defective/stl/URBR.stl,1728,1728,0,-0.1213367134332656,-3.407285213470459,0.4435258507728576,-0.0626352801918983,-2.743971347808838,0.5837677121162415,0.0587014332413673,0.6633138656616211,0.1402418613433838,False,True,True,1728,nervous_system,scoring_only,neuron/cell scoring atlas,nervous_system
AIBR,AIBR,nervous_system,/home/asunkari/ros-worm/openworm_geometry/object_stls_repaired_meshfix_defective/stl/AIBR.stl,4160,4160,0,-0.0909935384988784,-2.7619614601135254,0.26655313372612,0.0498075559735298,-2.65429162979126,0.5352645516395569,0.1408011019229889,0.1076698303222656,0.2687114179134369,False,True,True,4160,nervous_system,scoring_only,neuron/cell scoring atlas,nervous_system
ADAR,ADAR,nervous_system,/home/asunkari/ros-worm/openworm_geometry/object_stls_repaired_meshfix_defective/stl/ADAR.stl,2624,2624,0,-0.1355817914009094,-2.75467300415039,0.1462586820125579,-0.0238047912716865,-2.388801336288452,0.5339179635047913,0.1117770001292228,0.3658716678619385,0.3876592814922333,True,True,True,2624,nervous_system,scoring_only,neuron/cell scoring atlas,nervous_system
MI,MI,nervous_system,/home/asunkari/ros-worm/openworm_geometry/object_stls_repaired_meshfix_defective/stl/MI.stl,2496,2496,0,-0.0703008696436882,-2.9623732566833496,0.4597519040107727,0.027529178187251,-2.887035608291626,0.582170844078064,0.0978300496935844,0.0753376483917236,0.1224189400672912,True,True,True,2496,nervous_system,scoring_only,neuron/cell scoring atlas,nervous_system
I6,I6,nervous_system,/home/asunkari/ros-worm/openworm_geometry/object_stls_repaired_meshfix_defective/stl/I6.stl,3264,3264,0,-0.0629183650016784,-2.8507425785064697,0.4107354581356048,0.0310958847403526,-2.43353009223938,0.525934100151062,0.0940142497420311,0.4172124862670898,0.1151986420154571,False,True,True,3264,nervous_system,scoring_only,neuron/cell scoring atlas,nervous_system
I5,I5,nervous_system,/home/asunkari/ros-worm/openworm_geometry/object_stls_repaired_meshfix_defective/stl/I5.stl,12160,12160,0,-0.0714477151632309,-2.8963332176208496,0.279512494802475,0.028748819604516,-2.4093165397644043,0.5612221956253052,0.1001965329051017,0.4870166778564453,0.2817097008228302,False,True,True,12160,nervous_system,scoring_only,neuron/cell scoring atlas,nervous_system
I4,I4,nervous_system,/home/asunkari/ros-worm/openworm_geometry/object_stls_repaired_meshfix_defective/stl/I4.stl,5440,5440,0,-0.0517332628369331,-2.894298791885376,0.3873329758644104,0.010778360068798,-2.526419878005981,0.515734076499939,0.0625116229057312,0.3678789138793945,0.1284011006355285,False,True,True,5440,nervous_system,scoring_only,neuron/cell scoring atlas,nervous_system
I3,I3,nervous_system,/home/asunkari/ros-worm/openworm_geometry/object_stls_repaired_meshfix_defective/stl/I3.stl,1856,1856,0,-0.0318011119961738,-3.4195549488067627,0.569900631904602,-0.0091607114300131,-2.899315595626831,0.6050376892089844,0.0226403996348381,0.5202393531799316,0.0351370573043823,True,True,True,1856,nervous_system,scoring_only,neuron/cell scoring atlas,nervous_system
I2R,I2R,nervous_system,/home/asunkari/ros-worm/openworm_geometry/object_stls_repaired_meshfix_defective/stl/I2R.stl,4032,4032,0,-0.0695659890770912,-3.4064080715179443,0.5047407150268555,0.0083076357841491,-2.865870952606201,0.5892258882522583,0.0778736248612403,0.5405371189117432,0.0844851732254028,False,True,True,4032,nervous_system,scoring_only,neuron/cell scoring atlas,nervous_system
I1R,I1R,nervous_system,/home/asunkari/ros-worm/openworm_geometry/object_stls_repaired_meshfix_defective/stl/I1R.stl,3520,3520,0,-0.083223670721054,-3.406624555587769,0.5126203298568726,-0.0254908800125122,-2.877626895904541,0.5916575789451599,0.0577327907085418,0.5289976596832275,0.0790372490882873,False,True,True,3520,nervous_system,scoring_only,neuron/cell scoring atlas,nervous_system
PVNL,PVNL,nervous_system,/home/asunkari/ros-worm/openworm_geometry/object_stls_repaired_meshfix_defective/stl/PVNL.stl,12480,12480,0,-0.1262730807065963,-2.755218744277954,-0.6574193239212036,0.049316618591547,4.113286972045898,0.533469557762146,0.1755896955728531,6.868505477905273,1.1908888816833496,False,True,True,12480,nervous_system,scoring_only,neuron/cell scoring atlas,nervous_system
PVCL,PVCL,nervous_system,/home/asunkari/ros-worm/openworm_geometry/object_stls_repaired_meshfix_defective/stl/PVCL.stl,7488,7488,0,-0.1249429807066917,-2.754673480987549,-0.656489908695221,0.0493166260421276,4.049065589904785,0.533918559551239,0.174259603023529,6.803739070892334,1.19040846824646,False,True,True,7488,nervous_system,scoring_only,neuron/cell scoring atlas,nervous_system
PVQL,PVQL,nervous_system,/home/asunkari/ros-worm/openworm_geometry/object_stls_repaired_meshfix_defective/stl/PVQL.stl,8128,8128,0,-0.0187245123088359,-2.7546727657318115,-0.6599426865577698,0.1338742673397064,4.04911994934082,0.5339179635047913,0.1525987833738327,6.803792953491211,1.193860650062561,False,True,True,8128,nervous_system,scoring_only,neuron/cell scoring atlas,nervous_system
DVC,DVC,nervous_system,/home/asunkari/ros-worm/openworm_geometry/object_stls_repaired_meshfix_defective/stl/DVC.stl,8160,8160,0,-0.1288361549377441,-2.755131721496582,-0.6513321399688721,0.0493166260421276,3.995535135269165,0.5354965329170227,0.178152784705162,6.750666618347168,1.18682861328125,True,True,True,7182,nervous_system,scoring_only,neuron/cell scoring atlas,nervous_system
DVA,DVA,nervous_system,/home/asunkari/ros-worm/openworm_geometry/object_stls_repaired_meshfix_defective/stl/DVA.stl,8160,8160,0,-0.1217961385846138,-2.755131959915161,-0.6604483127593994,0.0493166446685791,3.978305101394653,0.5354956388473511,0.1711127758026123,6.733437061309815,1.1959439516067505,True,True,True,6926,nervous_system,scoring_only,neuron/cell scoring atlas,nervous_system
PVT,PVT,nervous_system,/home/asunkari/ros-worm/openworm_geometry/object_stls_repaired_meshfix_defective/stl/PVT.stl,7616,7616,0,-0.1251227259635925,-2.754887580871582,-0.664519727230072,0.0493166223168373,3.613879442214966,0.5334690809249878,0.1744393408298492,6.368766784667969,1.197988748550415,False,True,True,7616,nervous_system,scoring_only,neuron/cell scoring atlas,nervous_system
PVPR,PVPR,nervous_system,/home/asunkari/ros-worm/openworm_geometry/object_stls_repaired_meshfix_defective/stl/PVPR.stl,6336,6336,0,-0.0914844796061515,-2.7546732425689697,-0.6627419590950012,0.1338742673397064,3.5887291431427,0.5339183211326599,0.2253587543964386,6.34340238571167,1.1966602802276611,False,True,True,6336,nervous_system,scoring_only,neuron/cell scoring atlas,nervous_system
PVWL,PVWL,nervous_system,/home/asunkari/ros-worm/openworm_geometry/object_stls_repaired_meshfix_defective/stl/PVWL.stl,2112,2112,0,-0.0159839317202568,3.5253303050994877,-0.2264678627252578,0.0461657121777534,4.067513942718506,0.0825832709670066,0.0621496438980102,0.5421836376190186,0.3090511262416839,False,True,True,2112,nervous_system,scoring_only,neuron/cell scoring atlas,nervous_system
LUAL,LUAL,nervous_system,/home/asunkari/ros-worm/openworm_geometry/object_stls_repaired_meshfix_defective/stl/LUAL.stl,1824,1824,0,-0.0162354055792093,3.5071890354156494,-0.2314527630805969,0.0461659356951713,4.047729015350342,0.0498841032385826,0.0624013394117355,0.5405399799346924,0.2813368737697601,True,True,True,1838,nervous_system,scoring_only,neuron/cell scoring atlas,nervous_system
PVQR,PVQR,nervous_system,/home/asunkari/ros-worm/openworm_geometry/object_stls_repaired_meshfix_defective/stl/PVQR.stl,8000,8000,0,-0.1204005405306816,-2.754673719406128,-0.664339542388916,-0.0123745054006576,4.04911994934082,0.5339181423187256,0.1080260351300239,6.803793907165527,1.1982576847076416,False,True,True,8000,nervous_system,scoring_only,neuron/cell scoring atlas,nervous_system
BDUL,BDUL,nervous_system,/home/asunkari/ros-worm/openworm_geometry/object_stls_repaired_meshfix_defective/stl/BDUL.stl,2752,2752,0,-0.015306144952774,-2.78047513961792,-0.0213365033268928,0.1654166132211685,-1.849316954612732,0.5295355916023254,0.1807227581739425,0.931158185005188,0.5508720874786377,False,True,True,2752,nervous_system,scoring_only,neuron/cell scoring atlas,nervous_system
I1L,I1L,nervous_system,/home/asunkari/ros-worm/openworm_geometry/object_stls_repaired_meshfix_defective/stl/I1L.stl,3520,3520,0,-0.017227379605174,-3.406624317169189,0.5126202702522278,0.0405054129660129,-2.877626657485962,0.5916575193405151,0.0577327907085418,0.5289976596832275,0.0790372490882873,False,True,True,3520,nervous_system,scoring_only,neuron/cell scoring atlas,nervous_system
I2L,I2L,nervous_system,/home/asunkari/ros-worm/openworm_geometry/object_stls_repaired_meshfix_defective/stl/I2L.stl,4032,4032,0,-0.0510615110397338,-3.406407594680786,0.5047405958175659,0.0268121287226676,-2.865870714187622,0.5892257690429688,0.0778736397624015,0.5405368804931641,0.0844851732254028,False,True,True,4032,nervous_system,scoring_only,neuron/cell scoring atlas,nervous_system
RIVR,RIVR,nervous_system,/home/asunkari/ros-worm/openworm_geometry/object_stls_repaired_meshfix_defective/stl/RIVR.stl,3264,3264,0,-0.0960211232304573,-2.7540817260742188,0.3630762994289398,0.0498863160610199,-2.6357343196868896,0.5336528420448303,0.1459074318408966,0.1183474063873291,0.1705765426158905,False,True,True,3264,nervous_system,scoring_only,neuron/cell scoring atlas,nervous_system
AVJR,AVJR,nervous_system,/home/asunkari/ros-worm/openworm_geometry/object_stls_repaired_meshfix_defective/stl/AVJR.stl,7360,7360,0,-0.1169393062591552,-2.7548859119415283,-0.6607034802436829,0.0493166372179985,3.961074590682984,0.5334691405296326,0.1662559509277343,6.715960502624512,1.1941726207733154,False,True,True,7360,nervous_system,scoring_only,neuron/cell scoring atlas,nervous_system
RICR,RICR,nervous_system,/home/asunkari/ros-worm/openworm_geometry/object_stls_repaired_meshfix_defective/stl/RICR.stl,3296,3296,0,-0.1064745262265205,-2.7551302909851074,0.2638595700263977,0.0486421436071395,-2.5912270545959477,0.5354965329170227,0.1551166772842407,0.1639032363891601,0.271636962890625,True,True,True,2318,nervous_system,scoring_only,neuron/cell scoring atlas,nervous_system
SIBVR,SIBVR,nervous_system,/home/asunkari/ros-worm/openworm_geometry/object_stls_repaired_meshfix_defective/stl/SIBVR.stl,8544,8544,0,-0.0919352024793624,-2.755129814147949,-0.6361828446388245,0.235576719045639,3.9717743396759033,0.5354964733123779,0.3275119066238403,6.726903915405273,1.1716792583465576,True,True,True,5774,nervous_system,scoring_only,neuron/cell scoring atlas,nervous_system
SIADR,SIADR,nervous_system,/home/asunkari/ros-worm/openworm_geometry/object_stls_repaired_meshfix_defective/stl/SIADR.stl,6624,6624,0,-0.0929847285151481,-2.7551300525665283,-0.2375777065753936,0.2385603189468383,3.969838380813599,0.5354964137077332,0.3315450549125671,6.724968433380127,0.7730741500854492,True,True,True,4494,nervous_system,scoring_only,neuron/cell scoring atlas,nervous_system
AIAR,AIAR,nervous_system,/home/asunkari/ros-worm/openworm_geometry/object_stls_repaired_meshfix_defective/stl/AIAR.stl,1856,1856,0,-0.0920348614454269,-2.7546732425689697,0.3423193693161011,-0.0238047875463962,-2.618089437484741,0.5339182019233704,0.0682300776243209,0.1365838050842285,0.1915988326072693,False,True,True,1856,nervous_system,scoring_only,neuron/cell scoring atlas,nervous_system
SAADL,SAADL,nervous_system,/home/asunkari/ros-worm/openworm_geometry/object_stls_repaired_meshfix_defective/stl/SAADL.stl,4832,4832,0,-0.1021754965186119,-3.266613245010376,0.2264180332422256,0.0493166223168373,-2.4525139331817627,0.6501134634017944,0.1514921188354492,0.8140993118286133,0.42369544506073,True,True,True,2958,nervous_system,scoring_only,neuron/cell scoring atlas,nervous_system
RIBR,RIBR,nervous_system,/home/asunkari/ros-worm/openworm_geometry/object_stls_repaired_meshfix_defective/stl/RIBR.stl,4160,4160,0,-0.1029607653617858,-2.7546777725219727,0.3293085992336273,-0.0238047689199447,-2.6357548236846924,0.5339182019233704,0.0791559964418411,0.1189229488372802,0.204609602689743,False,True,True,4160,nervous_system,scoring_only,neuron/cell scoring atlas,nervous_system
AVKR,AVKR,nervous_system,/home/asunkari/ros-worm/openworm_geometry/object_stls_repaired_meshfix_defective/stl/AVKR.stl,8288,8288,0,-0.1269841194152832,-2.7551300525665283,-0.664301335811615,0.0501304194331169,3.961076498031616,0.5354964733123779,0.1771145462989807,6.7162065505981445,1.1997978687286377,True,True,True,6158,nervous_system,scoring_only,neuron/cell scoring atlas,nervous_system
AVKL,AVKL,nervous_system,/home/asunkari/ros-worm/openworm_geometry/object_stls_repaired_meshfix_defective/stl/AVKL.stl,8288,8288,0,-0.0914844945073127,-2.7551300525665283,-0.6632335186004639,0.133874237537384,3.873444557189941,0.5354964733123779,0.2253587245941162,6.628574371337891,1.1987299919128418,True,True,True,6158,nervous_system,scoring_only,neuron/cell scoring atlas,nervous_system
AVFL,AVFL,nervous_system,/home/asunkari/ros-worm/openworm_geometry/object_stls_repaired_meshfix_defective/stl/AVFL.stl,8384,8384,0,-0.1288361400365829,-2.7548861503601074,-0.6573342680931091,0.0493166223168373,3.961076498031616,0.5334692001342773,0.1781527698040008,6.7159624099731445,1.1908035278320312,False,True,True,8384,nervous_system,scoring_only,neuron/cell scoring atlas,nervous_system
AVFR,AVFR,nervous_system,/home/asunkari/ros-worm/openworm_geometry/object_stls_repaired_meshfix_defective/stl/AVFR.stl,8512,8512,0,-0.1302452534437179,-2.7548861503601074,-0.6533560156822205,0.0475579351186752,3.961076259613037,0.5334690809249878,0.1778031885623932,6.7159624099731445,1.1868250370025637,False,True,True,8512,nervous_system,scoring_only,neuron/cell scoring atlas,nervous_system
AVAR,AVAR,nervous_system,/home/asunkari/ros-worm/openworm_geometry/object_stls_repaired_meshfix_defective/stl/AVAR.stl,7392,7392,0,-0.1302452683448791,-2.7551305294036865,-0.663921594619751,0.0509743094444274,3.961076021194458,0.5354964137077332,0.1812195777893066,6.7162065505981445,1.199418067932129,True,True,True,6158,nervous_system,scoring_only,neuron/cell scoring atlas,nervous_system
AVBR,AVBR,nervous_system,/home/asunkari/ros-worm/openworm_geometry/object_stls_repaired_meshfix_defective/stl/AVBR.stl,8576,8576,0,-0.1314284354448318,-2.7551305294036865,-0.647271990776062,0.047864980995655,3.9610748291015625,0.5354964733123779,0.1792934238910675,6.716205596923828,1.18276846408844,True,True,True,6158,nervous_system,scoring_only,neuron/cell scoring atlas,nervous_system
AVDL,AVDL,nervous_system,/home/asunkari/ros-worm/openworm_geometry/object_stls_repaired_meshfix_defective/stl/AVDL.stl,7392,7392,0,-0.1286012828350067,-2.755129814147949,-0.6673886775970459,0.0495752058923244,3.961077690124512,0.5354964137077332,0.1781764924526214,6.716207504272461,1.2028851509094238,True,True,True,6158,nervous_system,scoring_only,neuron/cell scoring atlas,nervous_system
AVBL,AVBL,nervous_system,/home/asunkari/ros-worm/openworm_geometry/object_stls_repaired_meshfix_defective/stl/AVBL.stl,8576,8576,0,-0.1310672610998153,-2.7551307678222656,-0.6680036783218384,0.04994548112154,3.9610748291015625,0.5354965925216675,0.181012749671936,6.716205596923828,1.203500270843506,True,True,True,6158,nervous_system,scoring_only,neuron/cell scoring atlas,nervous_system
AVAL,AVAL,nervous_system,/home/asunkari/ros-worm/openworm_geometry/object_stls_repaired_meshfix_defective/stl/AVAL.stl,7392,7392,0,-0.1207818165421485,-2.7551305294036865,-0.6681849360466003,0.0621225424110889,3.9610750675201416,0.5354964137077332,0.1829043626785278,6.716205596923828,1.2036813497543335,True,True,True,6158,nervous_system,scoring_only,neuron/cell scoring atlas,nervous_system
AVDR,AVDR,nervous_system,/home/asunkari/ros-worm/openworm_geometry/object_stls_repaired_meshfix_defective/stl/AVDR.stl,7392,7392,0,-0.123851403594017,-2.7551300525665283,-0.6610349416732788,0.0492831394076347,3.961075782775879,0.5354964137077332,0.1731345355510711,6.716205596923828,1.1965312957763672,True,True,True,6158,nervous_system,scoring_only,neuron/cell scoring atlas,nervous_system
SAADR,SAADR,nervous_system,/home/asunkari/ros-worm/openworm_geometry/object_stls_repaired_meshfix_defective/stl/SAADR.stl,4832,4832,0,-0.090813435614109,-3.266613245010376,0.2264180034399032,0.0606786459684371,-2.4525139331817627,0.6501134634017944,0.1514920890331268,0.8140993118286133,0.42369544506073,True,True,True,2958,nervous_system,scoring_only,neuron/cell scoring atlas,nervous_system
RIR,RIR,nervous_system,/home/asunkari/ros-worm/openworm_geometry/object_stls_repaired_meshfix_defective/stl/RIR.stl,3392,3392,0,-0.1305602788925171,-2.7542760372161865,0.3592416048049927,0.0493166595697402,-2.647367238998413,0.5326300263404846,0.1798769384622573,0.1069087982177734,0.1733884215354919,True,True,True,3392,nervous_system,scoring_only,neuron/cell scoring atlas,nervous_system
SIBDR,SIBDR,nervous_system,/home/asunkari/ros-worm/openworm_geometry/object_stls_repaired_meshfix_defective/stl/SIBDR.stl,6752,6752,0,-0.0923080816864967,-2.7551300525665283,-0.2375220954418182,0.2402752935886383,3.916836500167847,0.535496711730957,0.3325833678245544,6.671966552734375,0.7730188369750977,True,True,True,4110,nervous_system,scoring_only,neuron/cell scoring atlas,nervous_system
AVER,AVER,nervous_system,/home/asunkari/ros-worm/openworm_geometry/object_stls_repaired_meshfix_defective/stl/AVER.stl,4416,4416,0,-0.0901622921228408,-2.7544972896575928,-0.6553596258163452,0.0354116111993789,0.2940647602081299,0.5350846648216248,0.1255739033222198,3.0485620498657227,1.1904442310333252,False,True,True,4416,nervous_system,scoring_only,neuron/cell scoring atlas,nervous_system
RIAR,RIAR,nervous_system,/home/asunkari/ros-worm/openworm_geometry/object_stls_repaired_meshfix_defective/stl/RIAR.stl,3392,3392,0,-0.0915559455752372,-2.7548863887786865,0.3745791912078857,0.0492451637983322,-2.68868088722229,0.5334693193435669,0.1408011019229889,0.0662055015563964,0.1588901281356811,False,True,True,3392,nervous_system,scoring_only,neuron/cell scoring atlas,nervous_system
SAAVR,SAAVR,nervous_system,/home/asunkari/ros-worm/openworm_geometry/object_stls_repaired_meshfix_defective/stl/SAAVR.stl,4800,4800,0,-0.1531026363372802,-3.2763733863830566,0.2686111032962799,0.0750582069158554,-2.395179271697998,0.5335736870765686,0.2281608432531356,0.8811941146850586,0.2649625837802887,False,True,True,4800,nervous_system,scoring_only,neuron/cell scoring atlas,nervous_system
AINR,AINR,nervous_system,/home/asunkari/ros-worm/openworm_geometry/object_stls_repaired_meshfix_defective/stl/AINR.stl,2272,2272,0,-0.0936902686953544,-2.7551300525665283,0.3275757730007171,0.046418659389019,-2.601805686950684,0.5354964733123779,0.1401089280843734,0.1533243656158447,0.2079207003116607,True,True,True,1166,nervous_system,scoring_only,neuron/cell scoring atlas,nervous_system
AVHR,AVHR,nervous_system,/home/asunkari/ros-worm/openworm_geometry/object_stls_repaired_meshfix_defective/stl/AVHR.stl,7360,7360,0,-0.123390182852745,-2.754913568496704,-0.6641376614570618,0.0440883710980415,3.9610767364501953,0.5372785925865173,0.1674785614013672,6.71599006652832,1.201416254043579,True,True,True,7360,nervous_system,scoring_only,neuron/cell scoring atlas,nervous_system
URXR,URXR,nervous_system,/home/asunkari/ros-worm/openworm_geometry/object_stls_repaired_meshfix_defective/stl/URXR.stl,2752,2752,0,-0.0842920020222663,-3.409834146499634,0.4294907748699188,-0.0405410155653953,-2.6889219284057617,0.6102926731109619,0.043750986456871,0.7209122180938721,0.1808018982410431,False,True,True,2752,nervous_system,scoring_only,neuron/cell scoring atlas,nervous_system
RIS,RIS,nervous_system,/home/asunkari/ros-worm/openworm_geometry/object_stls_repaired_meshfix_defective/stl/RIS.stl,2912,2912,0,-0.1328194141387939,-2.7551300525665283,0.2672778367996216,0.0493166446685791,-2.493104934692383,0.5354964733123779,0.182136058807373,0.2620251178741455,0.2682186365127563,True,True,True,1934,nervous_system,scoring_only,neuron/cell scoring atlas,nervous_system
RIPL,RIPL,nervous_system,/home/asunkari/ros-worm/openworm_geometry/object_stls_repaired_meshfix_defective/stl/RIPL.stl,4416,4416,0,-0.1227008551359176,-3.408702850341797,0.4272372126579284,0.0437061376869678,-2.746875524520874,0.5830094814300537,0.1664069890975952,0.6618273258209229,0.1557722687721252,False,True,True,4416,nervous_system,scoring_only,neuron/cell scoring atlas,nervous_system
URBL,URBL,nervous_system,/home/asunkari/ros-worm/openworm_geometry/object_stls_repaired_meshfix_defective/stl/URBL.stl,1728,1728,0,0.0199170634150505,-3.407285213470459,0.4435259103775024,0.0786184966564178,-2.743971586227417,0.5837677717208862,0.0587014332413673,0.663313627243042,0.1402418613433838,False,True,True,1728,nervous_system,scoring_only,neuron/cell scoring atlas,nervous_system
ADAL,ADAL,nervous_system,/home/asunkari/ros-worm/openworm_geometry/object_stls_repaired_meshfix_defective/stl/ADAL.stl,2624,2624,0,-0.0189134702086448,-2.7546732425689697,0.1462588459253311,0.0928635224699974,-2.388801336288452,0.5339180827140808,0.1117769926786422,0.3658719062805176,0.3876592516899109,True,True,True,2624,nervous_system,scoring_only,neuron/cell scoring atlas,nervous_system
RID,RID,nervous_system,/home/asunkari/ros-worm/openworm_geometry/object_stls_repaired_meshfix_defective/stl/RID.stl,9152,9152,0,-0.0460157990455627,-2.75037145614624,-0.238863468170166,0.0847310200333595,3.982504606246948,0.5733936429023743,0.1307468116283416,6.732875823974609,0.8122571110725403,False,True,True,9152,nervous_system,scoring_only,neuron/cell scoring atlas,nervous_system
URXL,URXL,nervous_system,/home/asunkari/ros-worm/openworm_geometry/object_stls_repaired_meshfix_defective/stl/URXL.stl,2752,2752,0,-0.0021772161126136,-3.4098339080810547,0.4294908046722412,0.0415737628936767,-2.6889219284057617,0.6102926135063171,0.0437509790062904,0.720911979675293,0.1808018088340759,False,True,True,2752,nervous_system,scoring_only,neuron/cell scoring atlas,nervous_system
RIVL,RIVL,nervous_system,/home/asunkari/ros-worm/openworm_geometry/object_stls_repaired_meshfix_defective/stl/RIVL.stl,3264,3264,0,-0.0926045626401901,-2.754081964492798,0.3630763590335846,0.0533029064536094,-2.6357343196868896,0.5336528420448303,0.145907461643219,0.1183476448059082,0.1705764830112457,False,True,True,3264,nervous_system,scoring_only,neuron/cell scoring atlas,nervous_system
AVHL,AVHL,nervous_system,/home/asunkari/ros-worm/openworm_geometry/object_stls_repaired_meshfix_defective/stl/AVHL.stl,7360,7360,0,-0.1302452832460403,-2.754913091659546,-0.6679059267044067,0.0484200194478035,3.9610748291015625,0.5372785925865173,0.1786653101444244,6.715988159179688,1.2051844596862793,False,True,True,7360,nervous_system,scoring_only,neuron/cell scoring atlas,nervous_system
AVJL,AVJL,nervous_system,/home/asunkari/ros-worm/openworm_geometry/object_stls_repaired_meshfix_defective/stl/AVJL.stl,7488,7488,0,-0.1268562972545623,-2.75488543510437,-0.6549282670021057,0.0409809537231922,3.9610753059387207,0.5334690809249878,0.1678372472524643,6.715960502624512,1.1883974075317385,False,True,True,7488,nervous_system,scoring_only,neuron/cell scoring atlas,nervous_system
AINL,AINL,nervous_system,/home/asunkari/ros-worm/openworm_geometry/object_stls_repaired_meshfix_defective/stl/AINL.stl,2272,2272,0,-0.0914844870567321,-2.755129814147949,0.3275757133960724,0.0486243963241577,-2.6018054485321045,0.5354964733123779,0.1401088833808899,0.1533243656158447,0.2079207599163055,True,True,True,1166,nervous_system,scoring_only,neuron/cell scoring atlas,nervous_system
SAAVL,SAAVL,nervous_system,/home/asunkari/ros-worm/openworm_geometry/object_stls_repaired_meshfix_defective/stl/SAAVL.stl,4800,4800,0,-0.1178746446967125,-3.27637267112732,0.2686110734939575,0.1102862358093261,-2.395179033279419,0.5335736870765686,0.2281608879566192,0.8811936378479004,0.2649626135826111,False,True,True,4800,nervous_system,scoring_only,neuron/cell scoring atlas,nervous_system
RIAL,RIAL,nervous_system,/home/asunkari/ros-worm/openworm_geometry/object_stls_repaired_meshfix_defective/stl/RIAL.stl,3392,3392,0,-0.0914844647049903,-2.7548863887786865,0.3745792210102081,0.0493166260421276,-2.688680648803711,0.5334693789482117,0.1408010870218277,0.0662057399749755,0.1588901579380035,False,True,True,3392,nervous_system,scoring_only,neuron/cell scoring atlas,nervous_system
AVEL,AVEL,nervous_system,/home/asunkari/ros-worm/openworm_geometry/object_stls_repaired_meshfix_defective/stl/AVEL.stl,4416,4416,0,-0.0914845094084739,-2.7544972896575928,-0.6612093448638916,0.0340894311666488,0.2962646782398224,0.5350845456123352,0.1255739331245422,3.0507619380950928,1.196293830871582,False,True,True,4416,nervous_system,scoring_only,neuron/cell scoring atlas,nervous_system
SIBDL,SIBDL,nervous_system,/home/asunkari/ros-worm/openworm_geometry/object_stls_repaired_meshfix_defective/stl/SIBDL.stl,6752,6752,0,-0.2472153902053833,-2.7551300525665283,-0.2375219911336898,0.0493166223168373,3.916835069656372,0.535496711730957,0.29653200507164,6.6719651222229,0.7730187177658081,True,True,True,4110,nervous_system,scoring_only,neuron/cell scoring atlas,nervous_system
RIBL,RIBL,nervous_system,/home/asunkari/ros-worm/openworm_geometry/object_stls_repaired_meshfix_defective/stl/RIBL.stl,4160,4160,0,-0.0189134627580642,-2.754678249359131,0.3293085992336273,0.0602425336837768,-2.6357550621032715,0.5339182019233704,0.0791559964418411,0.1189231872558593,0.204609602689743,False,True,True,4160,nervous_system,scoring_only,neuron/cell scoring atlas,nervous_system
AIZL,AIZL,nervous_system,/home/asunkari/ros-worm/openworm_geometry/object_stls_repaired_meshfix_defective/stl/AIZL.stl,2880,2880,0,-0.0214935690164566,-2.75467300415039,0.2627391815185547,0.0640437379479408,-2.5665431022644043,0.5339182019233704,0.0855373069643974,0.1881299018859863,0.2711790204048157,False,True,True,2880,nervous_system,scoring_only,neuron/cell scoring atlas,nervous_system
RICL,RICL,nervous_system,/home/asunkari/ros-worm/openworm_geometry/object_stls_repaired_meshfix_defective/stl/RICL.stl,3296,3296,0,-0.0914844721555709,-2.7551300525665283,0.2638595402240753,0.0636321753263473,-2.5912270545959477,0.5354964733123779,0.1551166474819183,0.163902997970581,0.2716369330883026,True,True,True,2318,nervous_system,scoring_only,neuron/cell scoring atlas,nervous_system
AIYR,AIYR,nervous_system,/home/asunkari/ros-worm/openworm_geometry/object_stls_repaired_meshfix_defective/stl/AIYR.stl,1856,1856,0,-0.1253696233034134,-2.75467300415039,0.2809724807739258,-0.0238048136234283,-2.5072154998779297,0.5339182615280151,0.101564809679985,0.2474575042724609,0.2529457807540893,True,True,True,1856,nervous_system,scoring_only,neuron/cell scoring atlas,nervous_system
AIMR,AIMR,nervous_system,/home/asunkari/ros-worm/openworm_geometry/object_stls_repaired_meshfix_defective/stl/AIMR.stl,1984,1984,0,-0.1433299928903579,-2.75467300415039,0.2743063867092132,-0.0238047912716865,-2.516710042953491,0.5339182615280151,0.1195252016186714,0.2379629611968994,0.2596118748188019,False,True,True,1984,nervous_system,scoring_only,neuron/cell scoring atlas,nervous_system
AIBL,AIBL,nervous_system,/home/asunkari/ros-worm/openworm_geometry/object_stls_repaired_meshfix_defective/stl/AIBL.stl,4160,4160,0,-0.0914844721555709,-2.7619616985321045,0.2665531635284424,0.049316618591547,-2.654292106628418,0.5352646112442017,0.1408010870218277,0.1076695919036865,0.2687114477157593,False,True,True,4160,nervous_system,scoring_only,neuron/cell scoring atlas,nervous_system
RIGL,RIGL,nervous_system,/home/asunkari/ros-worm/openworm_geometry/object_stls_repaired_meshfix_defective/stl/RIGL.stl,1856,1856,0,-0.0189134534448385,-2.75467300415039,0.1462028920650482,0.0493166223168373,-2.3052990436553955,0.5339182615280151,0.0682300776243209,0.4493739604949951,0.3877153694629669,False,True,True,1856,nervous_system,scoring_only,neuron/cell scoring atlas,nervous_system
SABD,SABD,nervous_system,/home/asunkari/ros-worm/openworm_geometry/object_stls_repaired_meshfix_defective/stl/SABD.stl,5312,5312,0,-0.102155826985836,-3.2639200687408447,0.0220786146819591,0.0816422998905181,-2.233144521713257,0.6491047143936157,0.1837981343269348,1.030775547027588,0.6270260810852051,False,True,True,5312,nervous_system,scoring_only,neuron/cell scoring atlas,nervous_system
AVG,AVG,nervous_system,/home/asunkari/ros-worm/openworm_geometry/object_stls_repaired_meshfix_defective/stl/AVG.stl,6592,6592,0,-0.1249263659119606,-2.39220929145813,-0.6607457399368286,-0.0055260751396417,4.4832258224487305,0.4951694011688232,0.1194002926349639,6.875434875488281,1.155915141105652,False,True,True,6592,nervous_system,scoring_only,neuron/cell scoring atlas,nervous_system
RIFL,RIFL,nervous_system,/home/asunkari/ros-worm/openworm_geometry/object_stls_repaired_meshfix_defective/stl/RIFL.stl,1984,1984,0,-0.0189134534448385,-2.754673480987549,0.1702333688735962,0.0493166260421276,-2.375246047973633,0.5339183211326599,0.0682300776243209,0.379427433013916,0.3636849522590637,True,True,True,1984,nervous_system,scoring_only,neuron/cell scoring atlas,nervous_system
RIGR,RIGR,nervous_system,/home/asunkari/ros-worm/openworm_geometry/object_stls_repaired_meshfix_defective/stl/RIGR.stl,1856,1856,0,-0.0920348614454269,-2.75467300415039,0.189617320895195,-0.0238047800958156,-2.392127752304077,0.5339182019233704,0.0682300776243209,0.3625452518463135,0.3443008661270141,False,True,True,1856,nervous_system,scoring_only,neuron/cell scoring atlas,nervous_system
RIFR,RIFR,nervous_system,/home/asunkari/ros-worm/openworm_geometry/object_stls_repaired_meshfix_defective/stl/RIFR.stl,1984,1984,0,-0.0914844721555709,-2.755444049835205,0.2294498682022094,-0.0210839193314313,-2.437302350997925,0.5358104705810547,0.0704005509614944,0.3181416988372803,0.3063606023788452,True,True,True,1984,nervous_system,scoring_only,neuron/cell scoring atlas,nervous_system
SABVR,SABVR,nervous_system,/home/asunkari/ros-worm/openworm_geometry/object_stls_repaired_meshfix_defective/stl/SABVR.stl,1728,1728,0,-0.0899489820003509,-3.3455331325531006,0.2328792065382003,-0.0722389966249466,-2.4543607234954834,0.5385452508926392,0.0177099853754043,0.8911724090576172,0.3056660294532776,False,True,True,1728,nervous_system,scoring_only,neuron/cell scoring atlas,nervous_system
SABVL,SABVL,nervous_system,/home/asunkari/ros-worm/openworm_geometry/object_stls_repaired_meshfix_defective/stl/SABVL.stl,1728,1728,0,0.0242928192019462,-3.3455331325531006,0.2328791618347168,0.0420028045773506,-2.4543604850769043,0.5385451912879944,0.0177099853754043,0.8911726474761963,0.3056660294532776,False,True,True,1728,nervous_system,scoring_only,neuron/cell scoring atlas,nervous_system
AIML,AIML,nervous_system,/home/asunkari/ros-worm/openworm_geometry/object_stls_repaired_meshfix_defective/stl/AIML.stl,1984,1984,0,-0.0189134627580642,-2.7546732425689697,0.2743063569068908,0.1006117463111877,-2.5167102813720703,0.5339182019233704,0.119525209069252,0.2379629611968994,0.2596118450164795,False,True,True,1984,nervous_system,scoring_only,neuron/cell scoring atlas,nervous_system
AIYL,AIYL,nervous_system,/home/asunkari/ros-worm/openworm_geometry/object_stls_repaired_meshfix_defective/stl/AIYL.stl,1856,1856,0,-0.0189134404063224,-2.7546732425689697,0.2809724807739258,0.0826513618230819,-2.507215738296509,0.5339182615280151,0.1015648022294044,0.2474575042724609,0.2529457807540893,True,True,True,1856,nervous_system,scoring_only,neuron/cell scoring atlas,nervous_system
SIADL,SIADL,nervous_system,/home/asunkari/ros-worm/openworm_geometry/object_stls_repaired_meshfix_defective/stl/SIADL.stl,6624,6624,0,-0.2456903755664825,-2.7551300525665283,-0.2375777214765548,0.0498455427587032,3.969838857650757,0.5354964137077332,0.2955359220504761,6.724968910217285,0.7730741500854492,True,True,True,4494,nervous_system,scoring_only,neuron/cell scoring atlas,nervous_system
AIAL,AIAL,nervous_system,/home/asunkari/ros-worm/openworm_geometry/object_stls_repaired_meshfix_defective/stl/AIAL.stl,1856,1856,0,-0.0189134553074836,-2.7546732425689697,0.3423194587230682,0.0493166223168373,-2.618089437484741,0.5339182615280151,0.0682300776243209,0.1365838050842285,0.1915988028049469,False,True,True,1856,nervous_system,scoring_only,neuron/cell scoring atlas,nervous_system
SIAVL,SIAVL,nervous_system,/home/asunkari/ros-worm/openworm_geometry/object_stls_repaired_meshfix_defective/stl/SIAVL.stl,6464,6464,0,0.018125832080841,-2.744334936141968,-0.6361823678016663,0.2353700548410415,3.971776247024536,0.4516990482807159,0.2172442227602005,6.716111183166504,1.0878814458847046,True,True,True,6464,nervous_system,scoring_only,neuron/cell scoring atlas,nervous_system
SIBVL,SIBVL,nervous_system,/home/asunkari/ros-worm/openworm_geometry/object_stls_repaired_meshfix_defective/stl/SIBVL.stl,8544,8544,0,-0.2493109107017517,-2.7551300525665283,-0.6361826658248901,0.049316618591547,3.971774101257324,0.5354964733123779,0.2986275255680084,6.726903915405273,1.171679139137268,True,True,True,5774,nervous_system,scoring_only,neuron/cell scoring atlas,nervous_system
RIH,RIH,nervous_system,/home/asunkari/ros-worm/openworm_geometry/object_stls_repaired_meshfix_defective/stl/RIH.stl,4032,4032,0,-0.0914844870567321,-2.7542760372161865,0.3388210535049438,0.0493166223168373,-2.658308267593384,0.5326748490333557,0.1408011019229889,0.0959677696228027,0.1938537955284118,False,True,True,4032,nervous_system,scoring_only,neuron/cell scoring atlas,nervous_system
VA11,VA11,nervous_system,/home/asunkari/ros-worm/openworm_geometry/object_stls_repaired_meshfix_defective/stl/VA11.stl,1472,1472,0,-0.0283863134682178,2.53628921508789,-0.275282084941864,-0.0027491562068462,3.5067384243011475,-0.2104666531085968,0.0256371572613716,0.9704492092132568,0.0648154318332672,False,True,True,1472,nervous_system,scoring_only,neuron/cell scoring atlas,nervous_system
HSNR,HSNR,nervous_system,/home/asunkari/ros-worm/openworm_geometry/object_stls_repaired_meshfix_defective/stl/HSNR.stl,5952,5952,0,-0.2282773405313491,-2.7548863887786865,-0.6700578331947327,0.0497903823852539,0.634463369846344,0.5334688425064087,0.2780677080154419,3.3893496990203857,1.203526735305786,False,True,True,5952,nervous_system,scoring_only,neuron/cell scoring atlas,nervous_system
DD6,DD6,nervous_system,/home/asunkari/ros-worm/openworm_geometry/object_stls_repaired_meshfix_defective/stl/DD6.stl,5056,5056,0,-0.2034696638584137,2.6231369972229004,-0.2642757296562195,0.0135633908212184,3.979473829269409,0.1980443596839904,0.2170330584049224,1.3563368320465088,0.4623200893402099,False,True,True,5056,nervous_system,scoring_only,neuron/cell scoring atlas,nervous_system
DD4,DD4,nervous_system,/home/asunkari/ros-worm/openworm_geometry/object_stls_repaired_meshfix_defective/stl/DD4.stl,6336,6336,0,-0.2747042775154114,-0.1951071619987487,-0.4830111861228943,0.0195474252104759,1.7464196681976318,0.5236235857009888,0.2942517101764679,1.9415268898010252,1.0066347122192385,False,True,True,6336,nervous_system,scoring_only,neuron/cell scoring atlas,nervous_system
DD3,DD3,nervous_system,/home/asunkari/ros-worm/openworm_geometry/object_stls_repaired_meshfix_defective/stl/DD3.stl,5056,5056,0,-0.2509398460388183,-1.3448022603988647,-0.6700363159179688,0.0204511061310768,0.0878270268440246,-0.0423759669065475,0.2713909447193146,1.4326293468475342,0.62766033411026,False,True,True,5056,nervous_system,scoring_only,neuron/cell scoring atlas,nervous_system
DD5,DD5,nervous_system,/home/asunkari/ros-worm/openworm_geometry/object_stls_repaired_meshfix_defective/stl/DD5.stl,4672,4672,0,-0.257210910320282,1.5750471353530884,-0.2549660801887512,0.0164092369377613,2.88698410987854,0.499447762966156,0.2736201584339142,1.3119369745254517,0.7544138431549072,False,True,True,4672,nervous_system,scoring_only,neuron/cell scoring atlas,nervous_system
DD2,DD2,nervous_system,/home/asunkari/ros-worm/openworm_geometry/object_stls_repaired_meshfix_defective/stl/DD2.stl,4032,4032,0,-0.2522958517074585,-2.004568338394165,-0.5554522275924683,0.0129802413284778,-1.1587172746658323,0.1995096951723098,0.2652761042118072,0.8458510637283325,0.7549619078636169,False,True,True,4032,nervous_system,scoring_only,neuron/cell scoring atlas,nervous_system
DB7,DB7,nervous_system,/home/asunkari/ros-worm/openworm_geometry/object_stls_repaired_meshfix_defective/stl/DB7.stl,4160,4160,0,-0.2311974018812179,2.600736141204834,-0.2642760574817657,0.0100767035037279,3.819228410720825,0.2068433910608291,0.2412741035223007,1.2184922695159912,0.4711194634437561,False,True,True,4160,nervous_system,scoring_only,neuron/cell scoring atlas,nervous_system
DB6,DB6,nervous_system,/home/asunkari/ros-worm/openworm_geometry/object_stls_repaired_meshfix_defective/stl/DB6.stl,4672,4672,0,-0.2561825811862945,1.7216507196426392,-0.2662208676338196,0.0126778427511453,3.568990468978882,0.4904568791389465,0.2688604295253753,1.847339749336243,0.7566777467727661,False,True,True,4672,nervous_system,scoring_only,neuron/cell scoring atlas,nervous_system
DA9,DA9,nervous_system,/home/asunkari/ros-worm/openworm_geometry/object_stls_repaired_meshfix_defective/stl/DA9.stl,4032,4032,0,-0.0699653849005699,2.559784412384033,-0.2451038956642151,0.0095935072749853,4.068128108978272,0.2192067354917526,0.0795588940382003,1.5083436965942385,0.4643106460571289,False,True,True,4032,nervous_system,scoring_only,neuron/cell scoring atlas,nervous_system
DA7,DA7,nervous_system,/home/asunkari/ros-worm/openworm_geometry/object_stls_repaired_meshfix_defective/stl/DA7.stl,5824,5824,0,-0.0282385069876909,-0.8092865943908691,-0.2611204981803894,0.1911714822053909,2.933600664138794,0.5268227458000183,0.2194099873304367,3.742887258529663,0.7879432439804077,False,True,True,5824,nervous_system,scoring_only,neuron/cell scoring atlas,nervous_system
DA6,DA6,nervous_system,/home/asunkari/ros-worm/openworm_geometry/object_stls_repaired_meshfix_defective/stl/DA6.stl,7360,7360,0,-0.1338308900594711,-1.5011180639266968,-0.5783014297485352,0.2606562972068786,2.1766324043273926,0.5234806537628174,0.394487202167511,3.677750587463379,1.1017820835113523,False,True,True,7360,nervous_system,scoring_only,neuron/cell scoring atlas,nervous_system
DA5,DA5,nervous_system,/home/asunkari/ros-worm/openworm_geometry/object_stls_repaired_meshfix_defective/stl/DA5.stl,5888,5888,0,-0.1338308900594711,-1.990640878677368,-0.6700579524040222,0.2485112696886062,0.907515823841095,0.4341357052326202,0.3823421597480774,2.8981566429138184,1.1041936874389648,True,True,True,5916,nervous_system,scoring_only,neuron/cell scoring atlas,nervous_system
AS11,AS11,nervous_system,/home/asunkari/ros-worm/openworm_geometry/object_stls_repaired_meshfix_defective/stl/AS11.stl,3136,3136,0,-0.2168805450201034,2.3643717765808105,-0.2736563682556152,0.0164790675044059,3.223182439804077,0.2976174354553222,0.2333596050739288,0.8588106632232666,0.5712738037109375,False,True,True,3136,nervous_system,scoring_only,neuron/cell scoring atlas,nervous_system
AS10,AS10,nervous_system,/home/asunkari/ros-worm/openworm_geometry/object_stls_repaired_meshfix_defective/stl/AS10.stl,2976,2976,0,-0.2187915742397308,1.803189754486084,-0.2517933547496795,0.0143773443996906,2.8473360538482666,0.4727619886398315,0.2331689149141311,1.0441462993621826,0.7245553731918335,True,True,True,2990,nervous_system,scoring_only,neuron/cell scoring atlas,nervous_system
AS9,AS9,nervous_system,/home/asunkari/ros-worm/openworm_geometry/object_stls_repaired_meshfix_defective/stl/AS9.stl,3136,3136,0,-0.2588389217853546,1.1757607460021973,-0.1693581938743591,0.009878683835268,2.350160837173462,0.5190544128417969,0.2687176167964935,1.1744000911712646,0.688412606716156,False,True,True,3136,nervous_system,scoring_only,neuron/cell scoring atlas,nervous_system
AS8,AS8,nervous_system,/home/asunkari/ros-worm/openworm_geometry/object_stls_repaired_meshfix_defective/stl/AS8.stl,3616,3616,0,-0.2592178285121918,0.0395851656794548,-0.0377114117145538,0.0156626589596271,1.884274125099182,0.5234231948852539,0.2748804986476898,1.8446890115737915,0.5611345767974854,True,True,True,3630,nervous_system,scoring_only,neuron/cell scoring atlas,nervous_system
AS7,AS7,nervous_system,/home/asunkari/ros-worm/openworm_geometry/object_stls_repaired_meshfix_defective/stl/AS7.stl,3392,3392,0,-0.2606893181800842,-0.2059156894683838,-0.062248595058918,0.0116390231996774,1.2653993368148804,0.503572404384613,0.2723283469676971,1.4713150262832642,0.5658209919929504,False,True,True,3392,nervous_system,scoring_only,neuron/cell scoring atlas,nervous_system
AS6,AS6,nervous_system,/home/asunkari/ros-worm/openworm_geometry/object_stls_repaired_meshfix_defective/stl/AS6.stl,3008,3008,0,-0.2768687903881073,-0.8623157143592834,-0.3846351206302643,0.020818542689085,0.3416727185249328,0.0655978024005889,0.2976873219013214,1.2039884328842163,0.4502329230308532,False,True,True,3008,nervous_system,scoring_only,neuron/cell scoring atlas,nervous_system
AS5,AS5,nervous_system,/home/asunkari/ros-worm/openworm_geometry/object_stls_repaired_meshfix_defective/stl/AS5.stl,3264,3264,0,-0.2724079191684723,-1.3065462112426758,-0.5488603115081787,0.0219216383993625,0.0259143505245447,-0.0763650387525558,0.2943295538425445,1.3324605226516724,0.4724952578544616,False,True,True,3264,nervous_system,scoring_only,neuron/cell scoring atlas,nervous_system
AS4,AS4,nervous_system,/home/asunkari/ros-worm/openworm_geometry/object_stls_repaired_meshfix_defective/stl/AS4.stl,3136,3136,0,-0.2508395314216614,-1.846704363822937,-0.6665431261062622,0.0152253173291683,-0.8360176086425781,0.2266777604818344,0.26606485247612,1.0106867551803589,0.8932209014892578,False,True,True,3136,nervous_system,scoring_only,neuron/cell scoring atlas,nervous_system
AS3,AS3,nervous_system,/home/asunkari/ros-worm/openworm_geometry/object_stls_repaired_meshfix_defective/stl/AS3.stl,2752,2752,0,-0.2533358633518219,-2.096727132797241,-0.477334201335907,0.0178804174065589,-1.3653935194015503,0.3806823492050171,0.2712162733078003,0.7313336133956909,0.8580165505409241,False,True,True,2752,nervous_system,scoring_only,neuron/cell scoring atlas,nervous_system
AS2,AS2,nervous_system,/home/asunkari/ros-worm/openworm_geometry/object_stls_repaired_meshfix_defective/stl/AS2.stl,2880,2880,0,-0.2522958815097809,-2.4354770183563232,-0.165535420179367,0.01437733694911,-1.8726516962051392,0.5285189151763916,0.26667320728302,0.5628253221511841,0.694054365158081,False,True,True,2880,nervous_system,scoring_only,neuron/cell scoring atlas,nervous_system
VD13,VD13,nervous_system,/home/asunkari/ros-worm/openworm_geometry/object_stls_repaired_meshfix_defective/stl/VD13.stl,3520,3520,0,-0.180011585354805,3.4510490894317627,-0.2303603440523147,0.0129161067306995,3.8187973499298096,0.1077556014060974,0.1929276883602142,0.3677482604980469,0.338115930557251,False,True,True,3520,nervous_system,scoring_only,neuron/cell scoring atlas,nervous_system
VD12,VD12,nervous_system,/home/asunkari/ros-worm/openworm_geometry/object_stls_repaired_meshfix_defective/stl/VD12.stl,3648,3648,0,-0.2196310609579086,2.8779497146606445,-0.2646776437759399,0.0127348024398088,3.475563764572144,0.1289814859628677,0.2323658615350723,0.597614049911499,0.3936591148376465,False,True,True,3648,nervous_system,scoring_only,neuron/cell scoring atlas,nervous_system
VD11,VD11,nervous_system,/home/asunkari/ros-worm/openworm_geometry/object_stls_repaired_meshfix_defective/stl/VD11.stl,3648,3648,0,-0.2402735203504562,2.403038740158081,-0.2602026462554931,0.0125914849340915,2.9310860633850098,0.2536545395851135,0.2528650164604187,0.5280473232269287,0.5138571858406067,False,True,True,3648,nervous_system,scoring_only,neuron/cell scoring atlas,nervous_system
VD10,VD10,nervous_system,/home/asunkari/ros-worm/openworm_geometry/object_stls_repaired_meshfix_defective/stl/VD10.stl,3648,3648,0,-0.2642175555229187,1.96017587184906,-0.1793774366378784,0.0116195939481258,2.4433834552764893,0.4126154482364654,0.2758371531963348,0.4832075834274292,0.5919928550720215,False,True,True,3648,nervous_system,scoring_only,neuron/cell scoring atlas,nervous_system
VD9,VD9,nervous_system,/home/asunkari/ros-worm/openworm_geometry/object_stls_repaired_meshfix_defective/stl/VD9.stl,3520,3520,0,-0.2556506395339966,1.3884447813034058,-0.0521106906235218,0.0103096421808004,1.9905333518981931,0.5140165090560913,0.2659602761268616,0.6020885705947876,0.5661271810531616,False,True,True,3520,nervous_system,scoring_only,neuron/cell scoring atlas,nervous_system
VD8,VD8,nervous_system,/home/asunkari/ros-worm/openworm_geometry/object_stls_repaired_meshfix_defective/stl/VD8.stl,4544,4544,0,-0.259636640548706,0.3998233079910278,-0.1250449866056442,0.0142045654356479,1.374545693397522,0.5177111625671387,0.2738412022590637,0.974722385406494,0.6427561640739441,False,True,True,4544,nervous_system,scoring_only,neuron/cell scoring atlas,nervous_system
VD7,VD7,nervous_system,/home/asunkari/ros-worm/openworm_geometry/object_stls_repaired_meshfix_defective/stl/VD7.stl,4160,4160,0,-0.2751474976539612,-0.125221386551857,-0.4967565834522247,0.0135633796453475,0.5990339517593384,0.2616676092147827,0.2887108922004699,0.7242553234100342,0.7584241628646851,False,True,True,4160,nervous_system,scoring_only,neuron/cell scoring atlas,nervous_system
VD6,VD6,nervous_system,/home/asunkari/ros-worm/openworm_geometry/object_stls_repaired_meshfix_defective/stl/VD6.stl,3648,3648,0,-0.2683787047863006,-0.6605467796325684,-0.6714067459106445,0.0119998957961797,0.0082215666770935,-0.0403224229812622,0.2803786098957062,0.6687683463096619,0.6310843229293823,False,True,True,3648,nervous_system,scoring_only,neuron/cell scoring atlas,nervous_system
VD5,VD5,nervous_system,/home/asunkari/ros-worm/openworm_geometry/object_stls_repaired_meshfix_defective/stl/VD5.stl,3648,3648,0,-0.2491080313920974,-1.3117190599441528,-0.6778759360313416,0.016333257779479,-0.6345908641815186,-0.1530753672122955,0.2654412984848022,0.6771281957626343,0.5248005390167236,False,True,True,3648,nervous_system,scoring_only,neuron/cell scoring atlas,nervous_system
VD4,VD4,nervous_system,/home/asunkari/ros-worm/openworm_geometry/object_stls_repaired_meshfix_defective/stl/VD4.stl,3648,3648,0,-0.2537145316600799,-1.84320080280304,-0.5433551669120789,0.0136901456862688,-1.1781799793243408,0.0934097170829773,0.2674046754837036,0.6650208234786987,0.6367648839950562,False,True,True,3648,nervous_system,scoring_only,neuron/cell scoring atlas,nervous_system
VD3,VD3,nervous_system,/home/asunkari/ros-worm/openworm_geometry/object_stls_repaired_meshfix_defective/stl/VD3.stl,3264,3264,0,-0.2522958517074585,-2.2294375896453857,-0.2519919574260711,0.011539090424776,-1.62899649143219,0.3464638292789459,0.2638349533081054,0.6004410982131958,0.5984557867050171,False,True,True,3264,nervous_system,scoring_only,neuron/cell scoring atlas,nervous_system
DB5,DB5,nervous_system,/home/asunkari/ros-worm/openworm_geometry/object_stls_repaired_meshfix_defective/stl/DB5.stl,6720,6720,0,-0.1338241696357727,0.073947824537754,-0.3575184941291809,0.2657127976417541,3.5424649715423584,0.5218932628631592,0.3995369672775268,3.4685170650482178,0.8794117569923401,False,True,True,6720,nervous_system,scoring_only,neuron/cell scoring atlas,nervous_system
DB4,DB4,nervous_system,/home/asunkari/ros-worm/openworm_geometry/object_stls_repaired_meshfix_defective/stl/DB4.stl,7744,7744,0,-0.1338309198617935,-1.037030816078186,-0.6692643761634827,0.2376295626163482,3.539222002029419,0.5190438032150269,0.371460497379303,4.576252937316895,1.1883082389831543,False,True,True,7744,nervous_system,scoring_only,neuron/cell scoring atlas,nervous_system
DA8,DA8,nervous_system,/home/asunkari/ros-worm/openworm_geometry/object_stls_repaired_meshfix_defective/stl/DA8.stl,4032,4032,0,-0.0176893770694732,2.5597851276397705,-0.2451038211584091,0.0367912128567695,4.068129062652588,0.2202307879924774,0.0544805899262428,1.5083439350128174,0.4653345942497253,False,True,True,4032,nervous_system,scoring_only,neuron/cell scoring atlas,nervous_system
DA4,DA4,nervous_system,/home/asunkari/ros-worm/openworm_geometry/object_stls_repaired_meshfix_defective/stl/DA4.stl,4800,4800,0,-0.0270117782056331,-2.5027246475219727,-0.6700615286827087,0.2580790817737579,-0.2522709667682647,0.542654812335968,0.2850908637046814,2.2504537105560303,1.2127163410186768,False,True,True,4800,nervous_system,scoring_only,neuron/cell scoring atlas,nervous_system
DA3,DA3,nervous_system,/home/asunkari/ros-worm/openworm_geometry/object_stls_repaired_meshfix_defective/stl/DA3.stl,3904,3904,0,-0.0291863810271024,-2.7057487964630127,-0.6079335808753967,0.2371741831302642,-1.0506218671798706,0.5977227091789246,0.2663605511188507,1.655126929283142,1.2056562900543213,False,True,True,3904,nervous_system,scoring_only,neuron/cell scoring atlas,nervous_system
DA2,DA2,nervous_system,/home/asunkari/ros-worm/openworm_geometry/object_stls_repaired_meshfix_defective/stl/DA2.stl,3776,3776,0,-0.2522958517074585,-2.7201621532440186,-0.2542134523391723,0.0152155980467796,-1.7438220977783203,0.6069233417510986,0.2675114572048187,0.9763400554656982,0.861136794090271,False,True,True,3776,nervous_system,scoring_only,neuron/cell scoring atlas,nervous_system
VC5,VC5,nervous_system,/home/asunkari/ros-worm/openworm_geometry/object_stls_repaired_meshfix_defective/stl/VC5.stl,3776,3776,0,-0.0360837243497371,0.5386882424354553,-0.1385438591241836,0.0132109308615326,0.6893654465675354,-0.0973274260759353,0.0492946542799472,0.15067720413208,0.0412164330482482,False,True,True,3776,nervous_system,scoring_only,neuron/cell scoring atlas,nervous_system
URAVR,URAVR,nervous_system,/home/asunkari/ros-worm/openworm_geometry/object_stls_repaired_meshfix_defective/stl/URAVR.stl,2624,2624,0,-0.0902448669075965,-3.4239614009857178,0.3778609931468963,-0.0273904129862785,-2.730010986328125,0.5579617619514465,0.062854453921318,0.6939504146575928,0.1801007688045501,False,True,True,2624,nervous_system,scoring_only,neuron/cell scoring atlas,nervous_system
M5,M5,nervous_system,/home/asunkari/ros-worm/openworm_geometry/object_stls_repaired_meshfix_defective/stl/M5.stl,6208,6208,0,-0.0711921378970146,-2.5563385486602783,0.3250873386859894,0.0273646935820579,-2.406014204025269,0.4313612282276153,0.0985568314790725,0.1503243446350097,0.1062738895416259,False,True,True,6208,nervous_system,scoring_only,neuron/cell scoring atlas,nervous_system
M3R,M3R,nervous_system,/home/asunkari/ros-worm/openworm_geometry/object_stls_repaired_meshfix_defective/stl/M3R.stl,3776,3776,0,-0.093552678823471,-2.9734914302825928,0.4632345139980316,-0.0280080214142799,-2.822206735610962,0.5773515701293945,0.0655446574091911,0.1512846946716308,0.1141170561313629,False,True,True,3776,nervous_system,scoring_only,neuron/cell scoring atlas,nervous_system
M2R,M2R,nervous_system,/home/asunkari/ros-worm/openworm_geometry/object_stls_repaired_meshfix_defective/stl/M2R.stl,2112,2112,0,-0.1049080565571785,-2.980924129486084,0.3639158904552459,-0.0327506698668003,-2.508995056152344,0.600360095500946,0.0721573829650878,0.4719290733337402,0.2364442050457,False,True,True,2112,nervous_system,scoring_only,neuron/cell scoring atlas,nervous_system
M1,M1,nervous_system,/home/asunkari/ros-worm/openworm_geometry/object_stls_repaired_meshfix_defective/stl/M1.stl,3136,3136,0,-0.0460476651787757,-3.403382539749145,0.4263297319412231,0.000816412968561,-2.503902673721313,0.5995751619338989,0.0468640774488449,0.899479866027832,0.1732454299926757,False,True,True,3136,nervous_system,scoring_only,neuron/cell scoring atlas,nervous_system
DVB,DVB,nervous_system,/home/asunkari/ros-worm/openworm_geometry/object_stls_repaired_meshfix_defective/stl/DVB.stl,2880,2880,0,-0.024765333160758,0.9454147815704346,-0.2642761468887329,0.0331411510705947,3.955200433731079,0.0544841475784778,0.0579064860939979,3.0097856521606445,0.3187603056430816,False,True,True,2880,nervous_system,scoring_only,neuron/cell scoring atlas,nervous_system
VA12,VA12,nervous_system,/home/asunkari/ros-worm/openworm_geometry/object_stls_repaired_meshfix_defective/stl/VA12.stl,1088,1088,0,-0.0139446416869759,2.604257583618164,-0.2627571821212768,0.0114739788696169,3.650315284729004,-0.163643330335617,0.0254186205565929,1.0460577011108398,0.0991138517856597,False,True,True,1088,nervous_system,scoring_only,neuron/cell scoring atlas,nervous_system
PDA,PDA,nervous_system,/home/asunkari/ros-worm/openworm_geometry/object_stls_repaired_meshfix_defective/stl/PDA.stl,3520,3520,0,-0.0711415633559227,2.5597848892211914,-0.0636357814073562,0.0120095182210206,4.05972957611084,0.2218865305185318,0.0831510797142982,1.4999446868896484,0.285522311925888,False,True,True,3520,nervous_system,scoring_only,neuron/cell scoring atlas,nervous_system
PDB,PDB,nervous_system,/home/asunkari/ros-worm/openworm_geometry/object_stls_repaired_meshfix_defective/stl/PDB.stl,4416,4416,0,-0.0711415633559227,2.5597848892211914,-0.0949871689081192,0.0104342736303806,4.42479133605957,0.4252308011054992,0.0815758407115936,1.865006446838379,0.5202179551124573,False,True,True,4416,nervous_system,scoring_only,neuron/cell scoring atlas,nervous_system
VB11,VB11,nervous_system,/home/asunkari/ros-worm/openworm_geometry/object_stls_repaired_meshfix_defective/stl/VB11.stl,2112,2112,0,-0.0309638120234012,2.2730371952056885,-0.2642759978771209,-0.0059008188545703,3.821691513061523,-0.1051172465085983,0.0250629931688308,1.548654317855835,0.1591587513685226,False,True,True,2112,nervous_system,scoring_only,neuron/cell scoring atlas,nervous_system
VA10,VA10,nervous_system,/home/asunkari/ros-worm/openworm_geometry/object_stls_repaired_meshfix_defective/stl/VA10.stl,1984,1984,0,-0.0307801272720098,1.0443122386932373,-0.2670176029205322,-0.0060845063999295,3.116753101348877,0.0423105359077453,0.0246956199407577,2.07244086265564,0.3093281388282776,False,True,True,1984,nervous_system,scoring_only,neuron/cell scoring atlas,nervous_system
VB10,VB10,nervous_system,/home/asunkari/ros-worm/openworm_geometry/object_stls_repaired_meshfix_defective/stl/VB10.stl,2496,2496,0,-0.0306160077452659,1.75860333442688,-0.2642759382724762,-0.0062487293034791,3.817626953125,0.0078320056200027,0.0243672784417867,2.05902361869812,0.2721079587936401,False,True,True,2496,nervous_system,scoring_only,neuron/cell scoring atlas,nervous_system
VA9,VA9,nervous_system,/home/asunkari/ros-worm/openworm_geometry/object_stls_repaired_meshfix_defective/stl/VA9.stl,3136,3136,0,-0.1338308900594711,0.2588105201721191,-0.3837124109268188,-0.0052903369069099,2.5211222171783447,0.0447311252355575,0.1285405457019806,2.2623116970062256,0.4284435510635376,False,True,True,3136,nervous_system,scoring_only,neuron/cell scoring atlas,nervous_system
VC6,VC6,nervous_system,/home/asunkari/ros-worm/openworm_geometry/object_stls_repaired_meshfix_defective/stl/VC6.stl,1728,1728,0,-0.029530219733715,0.8159555196762085,-0.0856418162584304,-0.0073343105614185,2.067031145095825,0.0447305962443351,0.0221959091722965,1.2510756254196167,0.130372405052185,False,True,True,1728,nervous_system,scoring_only,neuron/cell scoring atlas,nervous_system
VB9,VB9,nervous_system,/home/asunkari/ros-worm/openworm_geometry/object_stls_repaired_meshfix_defective/stl/VB9.stl,2368,2368,0,-0.030992804095149,1.2004514932632446,-0.2642759680747986,-0.0058718295767903,3.835085391998291,0.0447160564363002,0.0251209735870361,2.634634017944336,0.3089920282363891,False,True,True,2368,nervous_system,scoring_only,neuron/cell scoring atlas,nervous_system
VA8,VA8,nervous_system,/home/asunkari/ros-worm/openworm_geometry/object_stls_repaired_meshfix_defective/stl/VA8.stl,3392,3392,0,-0.1338308900594711,-0.4599400758743286,-0.6600534915924072,-0.0053041959181427,2.0571999549865723,0.0474249944090843,0.1285266876220703,2.5171399116516118,0.7074784636497498,False,True,True,3392,nervous_system,scoring_only,neuron/cell scoring atlas,nervous_system
VB8,VB8,nervous_system,/home/asunkari/ros-worm/openworm_geometry/object_stls_repaired_meshfix_defective/stl/VB8.stl,3264,3264,0,-0.1318050026893615,0.566757321357727,-0.2642759680747986,-0.0060634044930338,3.822375535964966,0.0418048724532127,0.1257416009902954,3.255618095397949,0.3060808479785919,False,True,True,3264,nervous_system,scoring_only,neuron/cell scoring atlas,nervous_system
VA7,VA7,nervous_system,/home/asunkari/ros-worm/openworm_geometry/object_stls_repaired_meshfix_defective/stl/VA7.stl,3520,3520,0,-0.1338308900594711,-1.101018309593201,-0.6700577735900879,-0.0063171749934554,1.4842309951782229,0.0459471046924591,0.1275137215852737,2.585249423980713,0.7160048484802246,False,True,True,3520,nervous_system,scoring_only,neuron/cell scoring atlas,nervous_system
VB7,VB7,nervous_system,/home/asunkari/ros-worm/openworm_geometry/object_stls_repaired_meshfix_defective/stl/VB7.stl,3264,3264,0,-0.133721187710762,-0.1416277885437011,-0.5732278823852539,-0.013084664940834,3.3149337768554688,0.0447310954332351,0.1206365227699279,3.45656156539917,0.6179589629173279,False,True,True,3264,nervous_system,scoring_only,neuron/cell scoring atlas,nervous_system
VA6,VA6,nervous_system,/home/asunkari/ros-worm/openworm_geometry/object_stls_repaired_meshfix_defective/stl/VA6.stl,3392,3392,0,-0.1338309049606323,-1.731132984161377,-0.6700577735900879,-0.004666781052947,0.9526069164276124,0.0063439905643463,0.1291641294956207,2.6837399005889893,0.6764017343521118,False,True,True,3392,nervous_system,scoring_only,neuron/cell scoring atlas,nervous_system
VC3,VC3,nervous_system,/home/asunkari/ros-worm/openworm_geometry/object_stls_repaired_meshfix_defective/stl/VC3.stl,7768,7768,0,-0.1338309049606323,-2.385134220123291,-0.6700578927993774,0.0300363358110189,1.2274916172027588,0.1133145689964294,0.1638672351837158,3.61262583732605,0.7833724617958069,False,False,True,7768,nervous_system,scoring_only,neuron/cell scoring atlas,nervous_system
VB6,VB6,nervous_system,/home/asunkari/ros-worm/openworm_geometry/object_stls_repaired_meshfix_defective/stl/VB6.stl,3648,3648,0,-0.1338308900594711,-0.9415600895881652,-0.6700725555419922,-0.006422096863389,2.527062177658081,0.0447310805320739,0.1274087876081466,3.4686222076416016,0.7148036360740662,False,True,True,3648,nervous_system,scoring_only,neuron/cell scoring atlas,nervous_system
VA5,VA5,nervous_system,/home/asunkari/ros-worm/openworm_geometry/object_stls_repaired_meshfix_defective/stl/VA5.stl,2240,2240,0,-0.0306986197829246,-2.147531509399414,-0.6730448603630066,-0.0061660492792725,0.20109823346138,-0.0539906993508338,0.0245325714349746,2.348629713058472,0.6190541386604309,False,True,True,2240,nervous_system,scoring_only,neuron/cell scoring atlas,nervous_system
VC2,VC2,nervous_system,/home/asunkari/ros-worm/openworm_geometry/object_stls_repaired_meshfix_defective/stl/VC2.stl,3520,3520,0,-0.1338309198617935,-2.445892810821533,-0.6700855493545532,0.0024601528421044,0.6918166875839233,0.1544251143932342,0.1362910717725753,3.137709617614746,0.8245106935501099,False,True,True,3520,nervous_system,scoring_only,neuron/cell scoring atlas,nervous_system
VB5,VB5,nervous_system,/home/asunkari/ros-worm/openworm_geometry/object_stls_repaired_meshfix_defective/stl/VB5.stl,3776,3776,0,-0.1338308900594711,-1.6723285913467407,-0.670056939125061,-0.0065662693232297,1.935415744781494,0.0447311997413635,0.1272646188735962,3.607744216918945,0.7147881388664246,False,True,True,3776,nervous_system,scoring_only,neuron/cell scoring atlas,nervous_system
VA4,VA4,nervous_system,/home/asunkari/ros-worm/openworm_geometry/object_stls_repaired_meshfix_defective/stl/VA4.stl,2368,2368,0,-0.0315080024302005,-2.7303214073181152,-0.6735413074493408,-0.0053566256538033,-0.5625436902046204,0.2864308357238769,0.0261513777077198,2.16777777671814,0.9599721431732178,False,True,True,2368,nervous_system,scoring_only,neuron/cell scoring atlas,nervous_system
VC1,VC1,nervous_system,/home/asunkari/ros-worm/openworm_geometry/object_stls_repaired_meshfix_defective/stl/VC1.stl,3776,3776,0,-0.1338308900594711,-2.726789712905884,-0.6700578927993774,0.0043796589598059,0.6918166279792786,0.2726888656616211,0.1382105499505996,3.4186062812805176,0.9427467584609984,False,True,True,3776,nervous_system,scoring_only,neuron/cell scoring atlas,nervous_system
VB4,VB4,nervous_system,/home/asunkari/ros-worm/openworm_geometry/object_stls_repaired_meshfix_defective/stl/VB4.stl,3776,3776,0,-0.1406844407320022,-2.061776161193848,-0.6553975343704224,-0.0135988816618919,1.2196048498153689,0.0655289888381958,0.1270855665206909,3.281381130218506,0.7209265232086182,False,True,True,3776,nervous_system,scoring_only,neuron/cell scoring atlas,nervous_system
VA3,VA3,nervous_system,/home/asunkari/ros-worm/openworm_geometry/object_stls_repaired_meshfix_defective/stl/VA3.stl,2240,2240,0,-0.0272565931081771,-3.158475637435913,-0.5879934430122375,-0.0022259233519434,-1.20444917678833,0.4300803542137146,0.0250306688249111,1.954026460647583,1.018073797225952,False,True,True,2240,nervous_system,scoring_only,neuron/cell scoring atlas,nervous_system
DB3,DB3,nervous_system,/home/asunkari/ros-worm/openworm_geometry/object_stls_repaired_meshfix_defective/stl/DB3.stl,6592,6592,0,-0.2522958517074585,-2.0018105506896973,-0.6110325455665588,0.0186138786375522,3.584012508392334,0.5232748985290527,0.2709097266197204,5.585823059082031,1.1343073844909668,False,True,True,6592,nervous_system,scoring_only,neuron/cell scoring atlas,nervous_system
VB3,VB3,nervous_system,/home/asunkari/ros-worm/openworm_geometry/object_stls_repaired_meshfix_defective/stl/VB3.stl,3520,3520,0,-0.1338308900594711,-2.334270000457764,-0.6700576543807983,-0.0072267977520823,0.6918168067932129,0.0903603732585907,0.1266040951013565,3.026086807250977,0.7604180574417114,False,True,True,3520,nervous_system,scoring_only,neuron/cell scoring atlas,nervous_system
VA2,VA2,nervous_system,/home/asunkari/ros-worm/openworm_geometry/object_stls_repaired_meshfix_defective/stl/VA2.stl,1856,1856,0,-0.0310286581516265,-3.1632399559021,-0.2541043162345886,-0.0058360835537314,-1.860570788383484,0.4330863356590271,0.0251925736665725,1.3026691675186155,0.6871906518936157,False,True,True,1856,nervous_system,scoring_only,neuron/cell scoring atlas,nervous_system
HSNL,HSNL,nervous_system,/home/asunkari/ros-worm/openworm_geometry/object_stls_repaired_meshfix_defective/stl/HSNL.stl,5952,5952,0,-0.0914844870567321,-2.7548863887786865,-0.6662272810935974,0.1865832060575485,0.6344634890556335,0.5334689021110535,0.2780677080154419,3.389349937438965,1.1996961832046509,False,True,True,5952,nervous_system,scoring_only,neuron/cell scoring atlas,nervous_system
VC4,VC4,nervous_system,/home/asunkari/ros-worm/openworm_geometry/object_stls_repaired_meshfix_defective/stl/VC4.stl,3776,3776,0,-0.036083735525608,0.4152900874614715,-0.2602253556251526,0.0132109252735972,0.5168803334236145,-0.1405305713415146,0.0492946617305278,0.1015902459621429,0.119694784283638,False,True,True,3776,nervous_system,scoring_only,neuron/cell scoring atlas,nervous_system
M4,M4,nervous_system,/home/asunkari/ros-worm/openworm_geometry/object_stls_repaired_meshfix_defective/stl/M4.stl,6720,6720,0,-0.0900260359048843,-2.902995347976685,0.3743335902690887,0.0498268269002437,-2.550567626953125,0.5847218036651611,0.1398528665304184,0.3524277210235595,0.2103882133960724,False,True,True,6720,nervous_system,scoring_only,neuron/cell scoring atlas,nervous_system
M2L,M2L,nervous_system,/home/asunkari/ros-worm/openworm_geometry/object_stls_repaired_meshfix_defective/stl/M2L.stl,2112,2112,0,-0.0099675692617893,-2.980924129486084,0.3639158308506012,0.0621898174285888,-2.5089948177337646,0.6003600358963013,0.0721573829650878,0.4719293117523193,0.2364442050457,False,True,True,2112,nervous_system,scoring_only,neuron/cell scoring atlas,nervous_system
M3L,M3L,nervous_system,/home/asunkari/ros-worm/openworm_geometry/object_stls_repaired_meshfix_defective/stl/M3L.stl,3776,3776,0,-0.014710210263729,-2.9734911918640137,0.4632344841957092,0.0508344396948814,-2.822206497192383,0.5773515105247498,0.0655446499586105,0.1512846946716308,0.1141170263290405,False,True,True,3776,nervous_system,scoring_only,neuron/cell scoring atlas,nervous_system
SMBVR,SMBVR,nervous_system,/home/asunkari/ros-worm/openworm_geometry/object_stls_repaired_meshfix_defective/stl/SMBVR.stl,7360,7360,0,-0.2485081851482391,-2.743372678756714,-0.6361826062202454,-0.0280466806143522,3.971773386001587,0.4609765708446502,0.2204615026712417,6.715146064758301,1.0971591472625732,False,True,True,7360,nervous_system,scoring_only,neuron/cell scoring atlas,nervous_system
RMFR,RMFR,nervous_system,/home/asunkari/ros-worm/openworm_geometry/object_stls_repaired_meshfix_defective/stl/RMFR.stl,3520,3520,0,-0.0915533006191253,-2.7548861503601074,0.3351568877696991,0.0496292971074581,-2.643589735031128,0.5334692001342773,0.1411826014518737,0.1112964153289794,0.1983123123645782,False,True,True,3520,nervous_system,scoring_only,neuron/cell scoring atlas,nervous_system
RMGR,RMGR,nervous_system,/home/asunkari/ros-worm/openworm_geometry/object_stls_repaired_meshfix_defective/stl/RMGR.stl,2496,2496,0,-0.1340398043394088,-2.7502284049987797,0.1471602171659469,-0.0310024619102478,-2.378310203552246,0.5088953375816345,0.103037342429161,0.3719182014465332,0.3617351055145263,False,True,True,2496,nervous_system,scoring_only,neuron/cell scoring atlas,nervous_system
URADR,URADR,nervous_system,/home/asunkari/ros-worm/openworm_geometry/object_stls_repaired_meshfix_defective/stl/URADR.stl,2880,2880,0,-0.103722907602787,-3.4098174571990967,0.5065003633499146,-0.0290834717452526,-2.749030828475952,0.6112773418426514,0.0746394395828247,0.6607866287231445,0.1047769784927368,False,True,True,2880,nervous_system,scoring_only,neuron/cell scoring atlas,nervous_system
RMER,RMER,nervous_system,/home/asunkari/ros-worm/openworm_geometry/object_stls_repaired_meshfix_defective/stl/RMER.stl,2336,2336,0,-0.0986431837081909,-2.7548861503601074,0.3757022023200989,0.0489290431141853,-2.7297205924987797,0.5334690809249878,0.1475722193717956,0.0251655578613281,0.1577668786048889,True,True,True,2268,nervous_system,scoring_only,neuron/cell scoring atlas,nervous_system
RMHR,RMHR,nervous_system,/home/asunkari/ros-worm/openworm_geometry/object_stls_repaired_meshfix_defective/stl/RMHR.stl,3520,3520,0,-0.0918258801102638,-2.7548861503601074,0.3380686342716217,0.0584243685007095,-2.652148962020874,0.5334690809249878,0.1502502560615539,0.1027371883392334,0.1954004466533661,False,True,True,3520,nervous_system,scoring_only,neuron/cell scoring atlas,nervous_system
SMBDR,SMBDR,nervous_system,/home/asunkari/ros-worm/openworm_geometry/object_stls_repaired_meshfix_defective/stl/SMBDR.stl,5952,5952,0,-0.0880253091454505,-2.7548866271972656,-0.2375220358371734,0.2377406805753708,3.916835784912109,0.5334692001342773,0.325765997171402,6.671722412109375,0.7709912061691284,False,True,True,5952,nervous_system,scoring_only,neuron/cell scoring atlas,nervous_system
SMDDR,SMDDR,nervous_system,/home/asunkari/ros-worm/openworm_geometry/object_stls_repaired_meshfix_defective/stl/SMDDR.stl,6080,6080,0,-0.0914834141731262,-2.7548861503601074,-0.2375221252441406,0.237908661365509,3.916835784912109,0.5334692597389221,0.3293920755386352,6.671721935272217,0.7709913849830627,False,True,True,6080,nervous_system,scoring_only,neuron/cell scoring atlas,nervous_system
RMDDR,RMDDR,nervous_system,/home/asunkari/ros-worm/openworm_geometry/object_stls_repaired_meshfix_defective/stl/RMDDR.stl,1984,1984,0,-0.0910412371158599,-2.7548861503601074,0.365523487329483,0.0501528233289718,-2.6727395057678223,0.5334691405296326,0.1411940604448318,0.0821466445922851,0.1679456532001495,False,True,True,1984,nervous_system,scoring_only,neuron/cell scoring atlas,nervous_system
RMDR,RMDR,nervous_system,/home/asunkari/ros-worm/openworm_geometry/object_stls_repaired_meshfix_defective/stl/RMDR.stl,2240,2240,0,-0.0902558118104934,-2.7548859119415283,0.3910159170627594,0.0492538288235664,-2.695516347885132,0.5334690809249878,0.1395096480846405,0.0593695640563964,0.1424531638622284,False,True,True,2240,nervous_system,scoring_only,neuron/cell scoring atlas,nervous_system
RMDVR,RMDVR,nervous_system,/home/asunkari/ros-worm/openworm_geometry/object_stls_repaired_meshfix_defective/stl/RMDVR.stl,2240,2240,0,-0.0976316556334495,-2.7548868656158447,0.3628478348255157,0.0493010804057121,-2.696441173553467,0.5334693789482117,0.1469327360391616,0.0584456920623779,0.1706215441226959,False,True,True,2240,nervous_system,scoring_only,neuron/cell scoring atlas,nervous_system
SMDVR,SMDVR,nervous_system,/home/asunkari/ros-worm/openworm_geometry/object_stls_repaired_meshfix_defective/stl/SMDVR.stl,6592,6592,0,-0.0957145392894744,-2.7548861503601074,-0.6361826658248901,0.2353700101375579,3.97177529335022,0.5334694385528564,0.3310845494270324,6.726661682128906,1.1696521043777466,False,True,True,6592,nervous_system,scoring_only,neuron/cell scoring atlas,nervous_system
RIMR,RIMR,nervous_system,/home/asunkari/ros-worm/openworm_geometry/object_stls_repaired_meshfix_defective/stl/RIMR.stl,4672,4672,0,-0.0912208929657936,-2.7548859119415283,0.2642307579517364,0.0495802164077758,-2.602791547775269,0.5334691405296326,0.1408011019229889,0.1520943641662597,0.2692383825778961,False,True,True,4672,nervous_system,scoring_only,neuron/cell scoring atlas,nervous_system
RMED,RMED,nervous_system,/home/asunkari/ros-worm/openworm_geometry/object_stls_repaired_meshfix_defective/stl/RMED.stl,3968,3968,0,-0.0914844647049903,-2.768139123916626,0.1161969900131225,0.0493166446685791,-1.67405104637146,0.6065993905067444,0.1408011019229889,1.094088077545166,0.4904024004936218,False,True,True,3968,nervous_system,scoring_only,neuron/cell scoring atlas,nervous_system
RMEL,RMEL,nervous_system,/home/asunkari/ros-worm/openworm_geometry/object_stls_repaired_meshfix_defective/stl/RMEL.stl,2336,2336,0,-0.0914844796061515,-2.7548863887786865,0.3757022023200989,0.056087739765644,-2.7297208309173584,0.5334690809249878,0.1475722193717956,0.0251655578613281,0.1577668786048889,True,True,True,2268,nervous_system,scoring_only,neuron/cell scoring atlas,nervous_system
RMEV,RMEV,nervous_system,/home/asunkari/ros-worm/openworm_geometry/object_stls_repaired_meshfix_defective/stl/RMEV.stl,8384,8384,0,-0.1338309049606323,-2.7547903060913086,-0.6700577139854431,0.0493166223168373,3.961076259613037,0.5320911407470703,0.183147519826889,6.715866565704346,1.2021489143371582,False,True,True,8384,nervous_system,scoring_only,neuron/cell scoring atlas,nervous_system
SMDVL,SMDVL,nervous_system,/home/asunkari/ros-worm/openworm_geometry/object_stls_repaired_meshfix_defective/stl/SMDVL.stl,6592,6592,0,-0.2493109405040741,-2.7548861503601074,-0.636182427406311,0.0540319234132766,3.9717745780944815,0.5334692597389221,0.3033428788185119,6.72666072845459,1.169651746749878,False,True,True,6592,nervous_system,scoring_only,neuron/cell scoring atlas,nervous_system
RMDVL,RMDVL,nervous_system,/home/asunkari/ros-worm/openworm_geometry/object_stls_repaired_meshfix_defective/stl/RMDVL.stl,2240,2240,0,-0.0914844796061515,-2.7548861503601074,0.3628477156162262,0.0554482489824295,-2.696440458297729,0.5334692001342773,0.1469327211380005,0.0584456920623779,0.1706214845180511,False,True,True,2240,nervous_system,scoring_only,neuron/cell scoring atlas,nervous_system
RMDL,RMDL,nervous_system,/home/asunkari/ros-worm/openworm_geometry/object_stls_repaired_meshfix_defective/stl/RMDL.stl,2240,2240,0,-0.0914845019578933,-2.7548859119415283,0.3910159468650818,0.0480251312255859,-2.695516586303711,0.5334691405296326,0.1395096331834793,0.0593693256378173,0.1424531936645507,False,True,True,2240,nervous_system,scoring_only,neuron/cell scoring atlas,nervous_system
RIML,RIML,nervous_system,/home/asunkari/ros-worm/openworm_geometry/object_stls_repaired_meshfix_defective/stl/RIML.stl,4672,4672,0,-0.0914844870567321,-2.7548859119415283,0.2642307579517364,0.0493166148662567,-2.602791786193848,0.5334691405296326,0.1408011019229889,0.1520941257476806,0.2692383825778961,False,True,True,4672,nervous_system,scoring_only,neuron/cell scoring atlas,nervous_system
VD2,VD2,nervous_system,/home/asunkari/ros-worm/openworm_geometry/object_stls_repaired_meshfix_defective/stl/VD2.stl,3136,3136,0,-0.0168316476047039,-2.4330739974975586,0.0071441326290369,0.2008139789104461,-2.0612611770629883,0.4765833616256714,0.2176456302404403,0.3718128204345703,0.4694392383098602,False,True,True,3136,nervous_system,scoring_only,neuron/cell scoring atlas,nervous_system
DA1,DA1,nervous_system,/home/asunkari/ros-worm/openworm_geometry/object_stls_repaired_meshfix_defective/stl/DA1.stl,3392,3392,0,-0.0197696946561336,-2.932509183883667,-0.0064578857272863,0.2008139789104461,-2.212869882583618,0.6422193050384521,0.2205836772918701,0.7196393013000488,0.6486771702766418,False,True,True,3392,nervous_system,scoring_only,neuron/cell scoring atlas,nervous_system
VD1,VD1,nervous_system,/home/asunkari/ros-worm/openworm_geometry/object_stls_repaired_meshfix_defective/stl/VD1.stl,4160,4160,0,-0.2055151760578155,-2.6461007595062256,0.0224625114351511,0.0077320197597146,-2.2018189430236816,0.5828834176063538,0.2132471948862075,0.4442818164825439,0.5604209303855896,False,True,True,4160,nervous_system,scoring_only,neuron/cell scoring atlas,nervous_system
AS1,AS1,nervous_system,/home/asunkari/ros-worm/openworm_geometry/object_stls_repaired_meshfix_defective/stl/AS1.stl,2752,2752,0,-0.2488553524017334,-2.919639587402344,0.035700500011444,0.0152810961008071,-2.1406521797180176,0.6361734867095947,0.2641364336013794,0.7789874076843262,0.6004729866981506,False,True,True,2752,nervous_system,scoring_only,neuron/cell scoring atlas,nervous_system
DB1,DB1,nervous_system,/home/asunkari/ros-worm/openworm_geometry/object_stls_repaired_meshfix_defective/stl/DB1.stl,8128,8128,0,-0.1063814535737037,-3.172799825668335,-0.2377558350563049,0.0184228308498859,3.5694169998168945,0.6485145092010498,0.12480428814888,6.742217063903809,0.8862703442573547,False,True,True,8128,nervous_system,scoring_only,neuron/cell scoring atlas,nervous_system
DD1,DD1,nervous_system,/home/asunkari/ros-worm/openworm_geometry/object_stls_repaired_meshfix_defective/stl/DD1.stl,3776,3776,0,-0.0219956282526254,-2.4377269744873047,-0.1888331323862075,0.1918927878141403,-1.7419251203536987,0.5018779039382935,0.2138884216547012,0.695801854133606,0.6907110214233398,False,True,True,3776,nervous_system,scoring_only,neuron/cell scoring atlas,nervous_system
VA1,VA1,nervous_system,/home/asunkari/ros-worm/openworm_geometry/object_stls_repaired_meshfix_defective/stl/VA1.stl,2496,2496,0,-0.0382640622556209,-3.164703369140625,0.1011750996112823,-0.0031374716199934,-2.325391292572021,0.4286281168460846,0.0351265892386436,0.8393120765686035,0.3274530172348022,False,True,True,2496,nervous_system,scoring_only,neuron/cell scoring atlas,nervous_system
DB2,DB2,nervous_system,/home/asunkari/ros-worm/openworm_geometry/object_stls_repaired_meshfix_defective/stl/DB2.stl,6976,6976,0,-0.018305167555809,-2.460536479949951,-0.5394327640533447,0.1896990984678268,3.5691282749176025,0.5201337933540344,0.2080042660236358,6.029664993286133,1.0595664978027344,False,True,True,6976,nervous_system,scoring_only,neuron/cell scoring atlas,nervous_system
VB1,VB1,nervous_system,/home/asunkari/ros-worm/openworm_geometry/object_stls_repaired_meshfix_defective/stl/VB1.stl,4288,4288,0,-0.0469763502478599,-2.742082118988037,-0.6700579524040222,0.0497376322746276,0.1308588236570358,0.4523985683917999,0.0967139825224876,2.872941017150879,1.1224565505981443,False,True,True,4288,nervous_system,scoring_only,neuron/cell scoring atlas,nervous_system
VB2,VB2,nervous_system,/home/asunkari/ros-worm/openworm_geometry/object_stls_repaired_meshfix_defective/stl/VB2.stl,3904,3904,0,-0.0393310077488422,-3.0143637657165527,-0.6700578331947327,-0.0104656610637903,0.2250966429710388,0.3862302005290985,0.0288653466850519,3.2394604682922363,1.0562880039215088,False,True,True,3904,nervous_system,scoring_only,neuron/cell scoring atlas,nervous_system
RMFL,RMFL,nervous_system,/home/asunkari/ros-worm/openworm_geometry/object_stls_repaired_meshfix_defective/stl/RMFL.stl,3520,3520,0,-0.0918659567832946,-2.7548863887786865,0.3351568579673767,0.049316618591547,-2.643589973449707,0.5334692001342773,0.1411825716495514,0.1112964153289794,0.1983123421669006,False,True,True,3520,nervous_system,scoring_only,neuron/cell scoring atlas,nervous_system
SMBDL,SMBDL,nervous_system,/home/asunkari/ros-worm/openworm_geometry/object_stls_repaired_meshfix_defective/stl/SMBDL.stl,5952,5952,0,-0.2472153604030609,-2.7548863887786865,-0.2375220954418182,0.049316618591547,3.9168355464935294,0.5334692001342773,0.2965319752693176,6.671721935272217,0.770991325378418,False,True,True,5952,nervous_system,scoring_only,neuron/cell scoring atlas,nervous_system
SMDDL,SMDDL,nervous_system,/home/asunkari/ros-worm/openworm_geometry/object_stls_repaired_meshfix_defective/stl/SMDDL.stl,6080,6080,0,-0.2472154051065445,-2.7548863887786865,-0.2375220507383346,0.049316618591547,3.916835308074951,0.5334692597389221,0.2965320348739624,6.671721458435059,0.770991325378418,False,True,True,6080,nervous_system,scoring_only,neuron/cell scoring atlas,nervous_system
RMHL,RMHL,nervous_system,/home/asunkari/ros-worm/openworm_geometry/object_stls_repaired_meshfix_defective/stl/RMHL.stl,3520,3520,0,-0.1009336337447166,-2.7548859119415283,0.3380686938762665,0.0493166223168373,-2.652148723602295,0.5334690809249878,0.1502502560615539,0.1027371883392334,0.1954003870487213,False,True,True,3520,nervous_system,scoring_only,neuron/cell scoring atlas,nervous_system
RMDDL,RMDDL,nervous_system,/home/asunkari/ros-worm/openworm_geometry/object_stls_repaired_meshfix_defective/stl/RMDDL.stl,1984,1984,0,-0.0918774530291557,-2.7548861503601074,0.3655234575271606,0.0493166223168373,-2.6727395057678223,0.5334691405296326,0.141194075345993,0.0821466445922851,0.1679456830024719,False,True,True,1984,nervous_system,scoring_only,neuron/cell scoring atlas,nervous_system
RMGL,RMGL,nervous_system,/home/asunkari/ros-worm/openworm_geometry/object_stls_repaired_meshfix_defective/stl/RMGL.stl,2496,2496,0,-0.0117157623171806,-2.7502284049987797,0.1471602916717529,0.0913215726613998,-2.378310441970825,0.5088954567909241,0.1030373349785804,0.3719179630279541,0.3617351651191711,False,True,True,2496,nervous_system,scoring_only,neuron/cell scoring atlas,nervous_system
URAVL,URAVL,nervous_system,/home/asunkari/ros-worm/openworm_geometry/object_stls_repaired_meshfix_defective/stl/URAVL.stl,2624,2624,0,-0.0153277916833758,-3.423961639404297,0.377860963344574,0.0475266464054584,-2.730011224746704,0.5579618215560913,0.0628544390201568,0.6939504146575928,0.1801008582115173,False,True,True,2624,nervous_system,scoring_only,neuron/cell scoring atlas,nervous_system
URADL,URADL,nervous_system,/home/asunkari/ros-worm/openworm_geometry/object_stls_repaired_meshfix_defective/stl/URADL.stl,2880,2880,0,-0.0136346714571118,-3.4098172187805176,0.5065003633499146,0.0610047578811645,-2.749030828475952,0.6112773418426514,0.0746394321322441,0.6607863903045654,0.1047769784927368,False,True,True,2880,nervous_system,scoring_only,neuron/cell scoring atlas,nervous_system
SMBVL,SMBVL,nervous_system,/home/asunkari/ros-worm/openworm_geometry/object_stls_repaired_meshfix_defective/stl/SMBVL.stl,7360,7360,0,-0.0137704648077487,-2.743372917175293,-0.6361826062202454,0.2374296933412552,3.971773386001587,0.460976630449295,0.2512001693248749,6.715146064758301,1.0971592664718628,False,True,True,7360,nervous_system,scoring_only,neuron/cell scoring atlas,nervous_system
PVM,PVM,nervous_system,/home/asunkari/ros-worm/openworm_geometry/object_stls_repaired_meshfix_defective/stl/PVM.stl,4672,4672,0,-0.1338308900594711,-1.5512871742248535,-0.6700577735900879,0.2574801743030548,1.9075720310211184,0.240278273820877,0.3913110494613647,3.458859205245972,0.9103360176086426,False,True,True,4672,nervous_system,scoring_only,neuron/cell scoring atlas,nervous_system
PVDR,PVDR,nervous_system,/home/asunkari/ros-worm/openworm_geometry/object_stls_repaired_meshfix_defective/stl/PVDR.stl,222000,222000,0,-0.289846122264862,-2.48984432220459,-0.6704738140106201,-0.0132338255643844,3.873723745346069,0.5337378978729248,0.2766122817993164,6.363568305969238,1.204211711883545,True,True,True,217226,nervous_system,scoring_only_problem_mesh,PVD neuron; still defective in Geant4 after repair,nervous_system
PDER,PDER,nervous_system,/home/asunkari/ros-worm/openworm_geometry/object_stls_repaired_meshfix_defective/stl/PDER.stl,6720,6720,0,-0.2823106348514557,-2.475430011749268,-0.6700579524040222,-0.012942299246788,3.766165256500244,0.2889771461486816,0.2693683505058288,6.241595268249512,0.959035098552704,False,True,True,6720,nervous_system,scoring_only,neuron/cell scoring atlas,nervous_system
AVM,AVM,nervous_system,/home/asunkari/ros-worm/openworm_geometry/object_stls_repaired_meshfix_defective/stl/AVM.stl,5312,5312,0,-0.2198072075843811,-3.171362400054932,-0.6709195971488953,0.0300387442111969,-0.5409471392631531,0.4435884952545166,0.249845951795578,2.630415201187134,1.1145081520080566,False,True,True,5312,nervous_system,scoring_only,neuron/cell scoring atlas,nervous_system
ALMR,ALMR,nervous_system,/home/asunkari/ros-worm/openworm_geometry/object_stls_repaired_meshfix_defective/stl/ALMR.stl,4032,4032,0,-0.2563832700252533,-3.0560641288757324,-0.3862372636795044,-0.0759491026401519,-0.3835634887218475,0.5659145712852478,0.1804341673851013,2.6725006103515625,0.9521518349647522,False,True,True,4032,nervous_system,scoring_only,neuron/cell scoring atlas,nervous_system
PVR,PVR,nervous_system,/home/asunkari/ros-worm/openworm_geometry/object_stls_repaired_meshfix_defective/stl/PVR.stl,9664,9664,0,-0.1338308751583099,-2.7548866271972656,-0.6700575947761536,0.0493166223168373,4.419902324676514,0.5334693193435669,0.1831474900245666,7.174788951873779,1.2035269737243652,False,True,True,9664,nervous_system,scoring_only,neuron/cell scoring atlas,nervous_system
PLMR,PLMR,nervous_system,/home/asunkari/ros-worm/openworm_geometry/object_stls_repaired_meshfix_defective/stl/PLMR.stl,5696,5696,0,-0.2822998464107513,0.490924596786499,-0.2500115036964416,-0.0204480923712253,4.254462242126465,0.2832775712013244,0.2618517577648163,3.763537645339966,0.5332890748977661,False,True,True,5696,nervous_system,scoring_only,neuron/cell scoring atlas,nervous_system
PHCR,PHCR,nervous_system,/home/asunkari/ros-worm/openworm_geometry/object_stls_repaired_meshfix_defective/stl/PHCR.stl,3136,3136,0,-0.0730309784412384,3.605661392211914,-0.1900645196437835,-0.0076400134712457,4.418710231781006,0.4193244874477386,0.0653909668326377,0.8130488395690918,0.6093890070915222,False,True,True,3136,nervous_system,scoring_only,neuron/cell scoring atlas,nervous_system
PHBR,PHBR,nervous_system,/home/asunkari/ros-worm/openworm_geometry/object_stls_repaired_meshfix_defective/stl/PHBR.stl,2496,2496,0,-0.0713216662406921,3.511103630065918,-0.2287811040878296,-0.0089539475739002,4.232712268829346,0.1741883754730224,0.0623677186667919,0.7216086387634277,0.402969479560852,False,True,True,2496,nervous_system,scoring_only,neuron/cell scoring atlas,nervous_system
PHAR,PHAR,nervous_system,/home/asunkari/ros-worm/openworm_geometry/object_stls_repaired_meshfix_defective/stl/PHAR.stl,2496,2496,0,-0.0720166638493537,3.511103630065918,-0.2287810742855072,-0.0096489358693361,4.232712268829346,0.1741802990436554,0.0623677298426628,0.7216086387634277,0.4029613733291626,False,True,True,2496,nervous_system,scoring_only,neuron/cell scoring atlas,nervous_system
PVDL,PVDL,nervous_system,/home/asunkari/ros-worm/openworm_geometry/object_stls_repaired_meshfix_defective/stl/PVDL.stl,222128,222128,0,-0.1338308453559875,-2.489843845367432,-0.6704736948013306,0.2761906385421753,3.873724937438965,0.5337381362915039,0.4100214838981628,6.3635687828063965,1.2042118310928345,True,True,True,217902,nervous_system,scoring_only_problem_mesh,PVD neuron; still defective in Geant4 after repair,nervous_system
IL2VR,IL2VR,nervous_system,/home/asunkari/ros-worm/openworm_geometry/object_stls_repaired_meshfix_defective/stl/IL2VR.stl,2624,2624,0,-0.0924558714032173,-3.492910861968994,0.380428671836853,-0.0386518985033035,-2.7326197624206543,0.5682153701782227,0.0538039728999137,0.7602910995483398,0.1877866983413696,False,True,True,2624,nervous_system,scoring_only,neuron/cell scoring atlas,nervous_system
FLPR,FLPR,nervous_system,/home/asunkari/ros-worm/openworm_geometry/object_stls_repaired_meshfix_defective/stl/FLPR.stl,6080,6080,0,-0.1619135290384292,-3.493927478790283,0.149515613913536,-0.0203976929187774,-2.246828079223633,0.5915650129318237,0.1415158361196518,1.2470993995666504,0.4420493841171264,False,True,True,6080,nervous_system,scoring_only,neuron/cell scoring atlas,nervous_system
BAGR,BAGR,nervous_system,/home/asunkari/ros-worm/openworm_geometry/object_stls_repaired_meshfix_defective/stl/BAGR.stl,3904,3904,0,-0.1239495649933815,-3.4939277172088623,0.3824987113475799,0.0481530949473381,-2.73118257522583,0.5915650129318237,0.1721026599407196,0.7627451419830322,0.2090663015842437,False,True,True,3904,nervous_system,scoring_only,neuron/cell scoring atlas,nervous_system
IL2R,IL2R,nervous_system,/home/asunkari/ros-worm/openworm_geometry/object_stls_repaired_meshfix_defective/stl/IL2R.stl,2752,2752,0,-0.1234137117862701,-3.493927478790283,0.4487435817718506,-0.0480090044438838,-2.7428295612335205,0.5915650129318237,0.0754047036170959,0.7510979175567627,0.1428214311599731,False,True,True,2752,nervous_system,scoring_only,neuron/cell scoring atlas,nervous_system
AWCR,AWCR,nervous_system,/home/asunkari/ros-worm/openworm_geometry/object_stls_repaired_meshfix_defective/stl/AWCR.stl,4928,4928,0,-0.122988574206829,-3.4939279556274414,0.2644920647144317,0.0430225059390068,-2.6560559272766118,0.5915651917457581,0.1660110801458358,0.8378720283508301,0.3270731270313263,False,True,True,4928,nervous_system,scoring_only,neuron/cell scoring atlas,nervous_system
AWBR,AWBR,nervous_system,/home/asunkari/ros-worm/openworm_geometry/object_stls_repaired_meshfix_defective/stl/AWBR.stl,4544,4544,0,-0.1234157383441925,-3.493927478790283,0.2691048681735992,-0.0231906250119209,-2.649850606918335,0.5915650129318237,0.1002251133322715,0.8440768718719482,0.3224601447582245,False,True,True,4544,nervous_system,scoring_only,neuron/cell scoring atlas,nervous_system
AWAR,AWAR,nervous_system,/home/asunkari/ros-worm/openworm_geometry/object_stls_repaired_meshfix_defective/stl/AWAR.stl,4544,4544,0,-0.1234157383441925,-3.4939277172088623,0.2691048979759216,-0.0232051014900207,-2.646756172180176,0.5915648937225342,0.1002106368541717,0.8471715450286865,0.3224599957466125,False,True,True,4544,nervous_system,scoring_only,neuron/cell scoring atlas,nervous_system
ASKR,ASKR,nervous_system,/home/asunkari/ros-worm/openworm_geometry/object_stls_repaired_meshfix_defective/stl/ASKR.stl,4544,4544,0,-0.1234118193387985,-3.493927478790283,0.2691048383712768,-0.0232047140598297,-2.6529088020324707,0.5915650129318237,0.1002071052789688,0.8410186767578125,0.3224601745605469,False,True,True,4544,nervous_system,scoring_only,neuron/cell scoring atlas,nervous_system
ASIR,ASIR,nervous_system,/home/asunkari/ros-worm/openworm_geometry/object_stls_repaired_meshfix_defective/stl/ASIR.stl,4928,4928,0,-0.1234157532453537,-3.493927240371704,0.2691048979759216,-0.0232038162648677,-2.6270620822906494,0.5915651321411133,0.1002119332551956,0.8668651580810547,0.3224602341651916,False,True,True,4928,nervous_system,scoring_only,neuron/cell scoring atlas,nervous_system
ASER,ASER,nervous_system,/home/asunkari/ros-worm/openworm_geometry/object_stls_repaired_meshfix_defective/stl/ASER.stl,5568,5568,0,-0.1231457740068435,-3.493927478790283,0.2691048085689544,0.0490362048149108,-2.626105070114136,0.5915648341178894,0.1721819788217544,0.8678224086761475,0.3224600255489349,False,True,True,5568,nervous_system,scoring_only,neuron/cell scoring atlas,nervous_system
ASHR,ASHR,support_sheath_socket,/home/asunkari/ros-worm/openworm_geometry/object_stls_repaired_meshfix_defective/stl/ASHR.stl,4544,4544,0,-0.1234157532453537,-3.4939277172088623,0.2691048085689544,-0.0232047140598297,-2.645280122756958,0.5915647745132446,0.1002110391855239,0.8486475944519043,0.3224599659442901,False,True,True,4544,support_sheath_socket,scoring_only,support/sheath/socket/glial-like scoring atlas,support_sheath_socket
ADLR,ADLR,nervous_system,/home/asunkari/ros-worm/openworm_geometry/object_stls_repaired_meshfix_defective/stl/ADLR.stl,4416,4416,0,-0.1234157532453537,-3.493927478790283,0.3751277923583984,-0.0238047875463962,-2.646237373352051,0.5915650725364685,0.0996109694242477,0.8476901054382324,0.21643728017807,False,True,True,4416,nervous_system,scoring_only,neuron/cell scoring atlas,nervous_system
ADFR,ADFR,nervous_system,/home/asunkari/ros-worm/openworm_geometry/object_stls_repaired_meshfix_defective/stl/ADFR.stl,4416,4416,0,-0.1234157234430313,-3.4939277172088623,0.2691048979759216,-0.0232047103345394,-2.652956247329712,0.5915647745132446,0.1002110093832016,0.8409714698791504,0.322459876537323,False,True,True,4416,nervous_system,scoring_only,neuron/cell scoring atlas,nervous_system
ADER,ADER,nervous_system,/home/asunkari/ros-worm/openworm_geometry/object_stls_repaired_meshfix_defective/stl/ADER.stl,4160,4160,0,-0.2099605351686477,-2.7976326942443848,0.1495156735181808,-0.0220711529254913,-2.402611017227173,0.4897262156009674,0.1878893822431564,0.3950216770172119,0.3402105569839477,False,True,True,4160,nervous_system,scoring_only,neuron/cell scoring atlas,nervous_system
PQR,PQR,nervous_system,/home/asunkari/ros-worm/openworm_geometry/object_stls_repaired_meshfix_defective/stl/PQR.stl,3008,3008,0,-0.0162017997354269,3.605661869049072,-0.1900645196437835,0.0461659282445907,4.162528991699219,0.1306473016738891,0.0623677298426628,0.5568671226501465,0.3207118213176727,False,True,True,3008,nervous_system,scoring_only,neuron/cell scoring atlas,nervous_system
PHCL,PHCL,nervous_system,/home/asunkari/ros-worm/openworm_geometry/object_stls_repaired_meshfix_defective/stl/PHCL.stl,3136,3136,0,-0.0162017997354269,3.605661392211914,-0.1900645047426223,0.046165931969881,4.418709754943848,0.4193244576454162,0.0623677298426628,0.8130483627319336,0.6093889474868774,False,True,True,3136,nervous_system,scoring_only,neuron/cell scoring atlas,nervous_system
PHBL,PHBL,nervous_system,/home/asunkari/ros-worm/openworm_geometry/object_stls_repaired_meshfix_defective/stl/PHBL.stl,2496,2496,0,-0.016201801598072,3.511103630065918,-0.2287811338901519,0.0461659245193004,4.232712268829346,0.1741883754730224,0.0623677261173725,0.7216086387634277,0.4029695093631744,False,True,True,2496,nervous_system,scoring_only,neuron/cell scoring atlas,nervous_system
PHAL,PHAL,nervous_system,/home/asunkari/ros-worm/openworm_geometry/object_stls_repaired_meshfix_defective/stl/PHAL.stl,2496,2496,0,-0.0162017978727817,3.511103630065918,-0.2287811636924743,0.0461659282445907,4.232712745666504,0.174180269241333,0.0623677261173725,0.7216091156005859,0.4029614329338074,False,True,True,2496,nervous_system,scoring_only,neuron/cell scoring atlas,nervous_system
PLML,PLML,nervous_system,/home/asunkari/ros-worm/openworm_geometry/object_stls_repaired_meshfix_defective/stl/PLML.stl,5696,5696,0,0.0089831817895174,0.4909236431121826,-0.2500115633010864,0.2708349823951721,4.254461288452148,0.2832776308059692,0.2618517875671386,3.763537645339966,0.5332891941070557,False,True,True,5696,nervous_system,scoring_only,neuron/cell scoring atlas,nervous_system
PDEL,PDEL,nervous_system,/home/asunkari/ros-worm/openworm_geometry/object_stls_repaired_meshfix_defective/stl/PDEL.stl,6592,6592,0,-0.1338309049606323,-2.475430488586426,-0.6700578331947327,0.2682977020740509,3.766164779663086,0.2889772355556488,0.4021286070346832,6.241595268249512,0.9590350389480592,False,True,True,6592,nervous_system,scoring_only,neuron/cell scoring atlas,nervous_system
ALML,ALML,nervous_system,/home/asunkari/ros-worm/openworm_geometry/object_stls_repaired_meshfix_defective/stl/ALML.stl,4032,4032,0,0.0332308560609817,-3.056063413619995,-0.3862372636795044,0.2417366355657577,-0.3835632801055908,0.5659142732620239,0.208505779504776,2.6725001335144043,0.9521515369415284,False,True,True,4032,nervous_system,scoring_only,neuron/cell scoring atlas,nervous_system
IL2VL,IL2VL,nervous_system,/home/asunkari/ros-worm/openworm_geometry/object_stls_repaired_meshfix_defective/stl/IL2VL.stl,2624,2624,0,-0.0040663518011569,-3.492910623550415,0.380428671836853,0.0497376285493373,-2.7326197624206543,0.5682153105735779,0.0538039803504943,0.7602908611297607,0.1877866387367248,False,True,True,2624,nervous_system,scoring_only,neuron/cell scoring atlas,nervous_system
CEPDR,CEPDR,nervous_system,/home/asunkari/ros-worm/openworm_geometry/object_stls_repaired_meshfix_defective/stl/CEPDR.stl,4032,4032,0,-0.092604286968708,-3.4917027950286865,0.4599995613098144,-0.0378675162792205,-2.739398241043091,0.6118015646934509,0.0547367706894874,0.7523045539855957,0.1518020033836364,False,True,True,4032,nervous_system,scoring_only,neuron/cell scoring atlas,nervous_system
ASGR,ASGR,nervous_system,/home/asunkari/ros-worm/openworm_geometry/object_stls_repaired_meshfix_defective/stl/ASGR.stl,3904,3904,0,-0.1234157383441925,-3.4939279556274414,0.2691048979759216,-0.0231999568641185,-2.6428022384643555,0.5915651321411133,0.1002157777547836,0.8511257171630859,0.3224602341651916,False,True,True,3904,nervous_system,scoring_only,neuron/cell scoring atlas,nervous_system
OLLR,OLLR,nervous_system,/home/asunkari/ros-worm/openworm_geometry/object_stls_repaired_meshfix_defective/stl/OLLR.stl,4672,4672,0,-0.1233463585376739,-3.4939281940460205,0.3751277029514313,-0.0232543870806694,-2.729912519454956,0.5915650725364685,0.1000919714570045,0.7640156745910645,0.2164373695850372,False,True,True,4672,nervous_system,scoring_only,neuron/cell scoring atlas,nervous_system
IL2DR,IL2DR,nervous_system,/home/asunkari/ros-worm/openworm_geometry/object_stls_repaired_meshfix_defective/stl/IL2DR.stl,2752,2752,0,-0.1245114505290985,-3.4917032718658447,0.5061949491500854,-0.0242434311658144,-2.748527765274048,0.6118016839027405,0.1002680212259292,0.7431755065917969,0.105606734752655,False,True,True,2752,nervous_system,scoring_only,neuron/cell scoring atlas,nervous_system
AFDR,AFDR,nervous_system,/home/asunkari/ros-worm/openworm_geometry/object_stls_repaired_meshfix_defective/stl/AFDR.stl,4416,4416,0,-0.1234157681465148,-3.4939277172088623,0.2691050469875335,-0.0232049077749252,-2.653378486633301,0.5915650129318237,0.1002108603715896,0.8405492305755615,0.3224599659442901,False,True,True,4416,nervous_system,scoring_only,neuron/cell scoring atlas,nervous_system
CEPVR,CEPVR,nervous_system,/home/asunkari/ros-worm/openworm_geometry/object_stls_repaired_meshfix_defective/stl/CEPVR.stl,3648,3648,0,-0.0933667346835136,-3.492910385131836,0.3866573870182037,-0.0386518761515617,-2.7322795391082764,0.5682153105735779,0.0547148585319519,0.7606308460235596,0.1815579235553741,False,True,True,3648,nervous_system,scoring_only,neuron/cell scoring atlas,nervous_system
ASJR,ASJR,nervous_system,/home/asunkari/ros-worm/openworm_geometry/object_stls_repaired_meshfix_defective/stl/ASJR.stl,4800,4800,0,-0.123415783047676,-3.493927240371704,0.2691049873828888,-0.023204993456602,-2.6160895824432373,0.591564953327179,0.1002107858657836,0.8778376579284668,0.3224599659442901,False,True,True,4800,nervous_system,scoring_only,neuron/cell scoring atlas,nervous_system
AQR,AQR,nervous_system,/home/asunkari/ros-worm/openworm_geometry/object_stls_repaired_meshfix_defective/stl/AQR.stl,4672,4672,0,-0.1561575680971145,-2.754923105239868,0.1495156586170196,0.0493166297674179,-2.411686897277832,0.5318471789360046,0.2054741978645324,0.3432362079620361,0.382331520318985,False,True,True,4672,nervous_system,scoring_only,neuron/cell scoring atlas,nervous_system
IL2DL,IL2DL,nervous_system,/home/asunkari/ros-worm/openworm_geometry/object_stls_repaired_meshfix_defective/stl/IL2DL.stl,2752,2752,0,-0.0184748079627752,-3.4917030334472656,0.5061948895454407,0.0817932486534118,-2.748527765274048,0.6118016242980957,0.1002680584788322,0.7431752681732178,0.105606734752655,False,True,True,2752,nervous_system,scoring_only,neuron/cell scoring atlas,nervous_system
BAGL,BAGL,nervous_system,/home/asunkari/ros-worm/openworm_geometry/object_stls_repaired_meshfix_defective/stl/BAGL.stl,3904,3904,0,-0.0914844870567321,-3.4939279556274414,0.3824986815452575,0.0806181505322456,-2.731182336807251,0.5915650725364685,0.1721026301383972,0.7627456188201904,0.2090663909912109,False,True,True,3904,nervous_system,scoring_only,neuron/cell scoring atlas,nervous_system
CEPVL,CEPVL,nervous_system,/home/asunkari/ros-worm/openworm_geometry/object_stls_repaired_meshfix_defective/stl/CEPVL.stl,3648,3648,0,-0.0040663518011569,-3.492910385131836,0.3866573870182037,0.0506485104560852,-2.7322793006896973,0.5682153701782227,0.0547148622572422,0.7606310844421387,0.1815579831600189,False,True,True,3648,nervous_system,scoring_only,neuron/cell scoring atlas,nervous_system
ADEL,ADEL,nervous_system,/home/asunkari/ros-worm/openworm_geometry/object_stls_repaired_meshfix_defective/stl/ADEL.stl,4160,4160,0,-0.021215945482254,-2.797632932662964,0.149515688419342,0.1971983313560485,-2.402611017227173,0.4897262752056122,0.2184142768383026,0.395021915435791,0.3402105867862701,False,True,True,4160,nervous_system,scoring_only,neuron/cell scoring atlas,nervous_system
FLPL,FLPL,nervous_system,/home/asunkari/ros-worm/openworm_geometry/object_stls_repaired_meshfix_defective/stl/FLPL.stl,6080,6080,0,-0.0212159752845764,-3.4939277172088623,0.1495156437158584,0.1202998012304306,-2.246828079223633,0.5915650725364685,0.141515776515007,1.2470996379852295,0.4420494437217712,False,True,True,6080,nervous_system,scoring_only,neuron/cell scoring atlas,nervous_system
ADLL,ADLL,nervous_system,/home/asunkari/ros-worm/openworm_geometry/object_stls_repaired_meshfix_defective/stl/ADLL.stl,4416,4416,0,-0.0189134590327739,-3.4939277172088623,0.3751277923583984,0.0806975066661834,-2.64623761177063,0.5915651321411133,0.0996109694242477,0.8476901054382324,0.2164373397827148,False,True,True,4416,nervous_system,scoring_only,neuron/cell scoring atlas,nervous_system
ASHL,ASHL,support_sheath_socket,/home/asunkari/ros-worm/openworm_geometry/object_stls_repaired_meshfix_defective/stl/ASHL.stl,4544,4544,0,-0.0195135325193405,-3.4939277172088623,0.2691049575805664,0.080697514116764,-2.645280122756958,0.5915648937225342,0.1002110466361045,0.8486475944519043,0.3224599361419678,False,True,True,4544,support_sheath_socket,scoring_only,support/sheath/socket/glial-like scoring atlas,support_sheath_socket
AWBL,AWBL,nervous_system,/home/asunkari/ros-worm/openworm_geometry/object_stls_repaired_meshfix_defective/stl/AWBL.stl,4544,4544,0,-0.0195275992155075,-3.4939277172088623,0.2691048383712768,0.0806975066661834,-2.649850845336914,0.5915650129318237,0.1002251058816909,0.8440768718719482,0.3224601745605469,False,True,True,4544,nervous_system,scoring_only,neuron/cell scoring atlas,nervous_system
AFDL,AFDL,nervous_system,/home/asunkari/ros-worm/openworm_geometry/object_stls_repaired_meshfix_defective/stl/AFDL.stl,4416,4416,0,-0.0195133239030838,-3.493927478790283,0.2691049873828888,0.0806975215673446,-2.6533782482147217,0.591564953327179,0.1002108454704284,0.8405492305755615,0.3224599659442901,False,True,True,4416,nervous_system,scoring_only,neuron/cell scoring atlas,nervous_system
ADFL,ADFL,nervous_system,/home/asunkari/ros-worm/openworm_geometry/object_stls_repaired_meshfix_defective/stl/ADFL.stl,4416,4416,0,-0.0195135250687599,-3.4939277172088623,0.2691048383712768,0.0806975066661834,-2.652956247329712,0.5915647745132446,0.1002110317349433,0.8409714698791504,0.3224599361419678,False,True,True,4416,nervous_system,scoring_only,neuron/cell scoring atlas,nervous_system
ASEL,ASEL,nervous_system,/home/asunkari/ros-worm/openworm_geometry/object_stls_repaired_meshfix_defective/stl/ASEL.stl,5568,5568,0,-0.0914844721555709,-3.493927478790283,0.2691049575805664,0.0806975066661834,-2.626105070114136,0.5915648937225342,0.1721819788217544,0.8678224086761475,0.3224599361419678,False,True,True,5568,nervous_system,scoring_only,neuron/cell scoring atlas,nervous_system
AWCL,AWCL,nervous_system,/home/asunkari/ros-worm/openworm_geometry/object_stls_repaired_meshfix_defective/stl/AWCL.stl,4928,4928,0,-0.0853195115923881,-3.4939279556274414,0.2644920349121094,0.0806916952133178,-2.6560559272766118,0.5915651321411133,0.1660112142562866,0.8378720283508301,0.3270730972290039,False,True,True,4928,nervous_system,scoring_only,neuron/cell scoring atlas,nervous_system
ASJL,ASJL,nervous_system,/home/asunkari/ros-worm/openworm_geometry/object_stls_repaired_meshfix_defective/stl/ASJL.stl,4800,4800,0,-0.0195132531225681,-3.493927240371704,0.2691049873828888,0.080697514116764,-2.6160895824432373,0.5915648937225342,0.1002107709646225,0.8778376579284668,0.3224599063396454,False,True,True,4800,nervous_system,scoring_only,neuron/cell scoring atlas,nervous_system
CEPDL,CEPDL,nervous_system,/home/asunkari/ros-worm/openworm_geometry/object_stls_repaired_meshfix_defective/stl/CEPDL.stl,4032,4032,0,-0.0048507153987884,-3.4917030334472656,0.459999680519104,0.0498860515654087,-2.73939847946167,0.6118016839027405,0.0547367669641971,0.7523045539855957,0.1518020033836364,False,True,True,4032,nervous_system,scoring_only,neuron/cell scoring atlas,nervous_system
ASIL,ASIL,nervous_system,/home/asunkari/ros-worm/openworm_geometry/object_stls_repaired_meshfix_defective/stl/ASIL.stl,4928,4928,0,-0.0195144265890121,-3.493927478790283,0.2691048085689544,0.0806975215673446,-2.627062559127808,0.5915650129318237,0.1002119481563568,0.8668649196624756,0.3224602043628692,False,True,True,4928,nervous_system,scoring_only,neuron/cell scoring atlas,nervous_system
ASKL,ASKL,nervous_system,/home/asunkari/ros-worm/openworm_geometry/object_stls_repaired_meshfix_defective/stl/ASKL.stl,4544,4544,0,-0.0195135287940502,-3.493927478790283,0.2691048383712768,0.0806935802102088,-2.652908563613892,0.5915650129318237,0.1002071052789688,0.8410189151763916,0.3224601745605469,False,True,True,4544,nervous_system,scoring_only,neuron/cell scoring atlas,nervous_system
ASGL,ASGL,nervous_system,/home/asunkari/ros-worm/openworm_geometry/object_stls_repaired_meshfix_defective/stl/ASGL.stl,3904,3904,0,-0.0195182748138904,-3.4939279556274414,0.2691048979759216,0.0806974992156028,-2.6428022384643555,0.5915650725364685,0.1002157777547836,0.8511257171630859,0.3224601745605469,False,True,True,3904,nervous_system,scoring_only,neuron/cell scoring atlas,nervous_system
AWAL,AWAL,nervous_system,/home/asunkari/ros-worm/openworm_geometry/object_stls_repaired_meshfix_defective/stl/AWAL.stl,4544,4544,0,-0.0195131264626979,-3.4939277172088623,0.2691048979759216,0.0806975066661834,-2.6467559337615967,0.5915647745132446,0.1002106368541717,0.8471717834472656,0.322459876537323,False,True,True,4544,nervous_system,scoring_only,neuron/cell scoring atlas,nervous_system
OLLL,OLLL,nervous_system,/home/asunkari/ros-worm/openworm_geometry/object_stls_repaired_meshfix_defective/stl/OLLL.stl,4672,4672,0,-0.0194638557732105,-3.4939277172088623,0.3751277327537536,0.0806281119585037,-2.729912281036377,0.5915650129318237,0.1000919640064239,0.7640154361724854,0.21643728017807,False,True,True,4672,nervous_system,scoring_only,neuron/cell scoring atlas,nervous_system
IL2L,IL2L,nervous_system,/home/asunkari/ros-worm/openworm_geometry/object_stls_repaired_meshfix_defective/stl/IL2L.stl,2752,2752,0,0.0052907802164554,-3.4939277172088623,0.4487435817718506,0.0806954577565193,-2.7428295612335205,0.5915650129318237,0.0754046738147735,0.7510981559753418,0.1428214311599731,False,True,True,2752,nervous_system,scoring_only,neuron/cell scoring atlas,nervous_system
OLQsoVR,OLQsoVR,support_sheath_socket,/home/asunkari/ros-worm/openworm_geometry/object_stls_repaired_meshfix_defective/stl/OLQsoVR.stl,1088,1088,0,-0.0908089876174926,-3.4929099082946777,0.4666956961154938,-0.0386518910527229,-3.0491960048675537,0.5682153701782227,0.0521570965647697,0.443713903427124,0.1015196740627288,False,True,True,1088,support_sheath_socket,scoring_only,support/sheath/socket/glial-like scoring atlas,support_sheath_socket
ILsoVR,ILsoVR,support_sheath_socket,/home/asunkari/ros-worm/openworm_geometry/object_stls_repaired_meshfix_defective/stl/ILsoVR.stl,960,960,0,-0.0739857703447341,-3.492910146713257,0.4998537600040436,-0.038651879876852,-3.1760120391845703,0.5682153701782227,0.0353338904678821,0.3168981075286865,0.068361610174179,False,True,True,960,support_sheath_socket,scoring_only,support/sheath/socket/glial-like scoring atlas,support_sheath_socket
XXXR,XXXR,nervous_system,/home/asunkari/ros-worm/openworm_geometry/object_stls_repaired_meshfix_defective/stl/XXXR.stl,1216,1216,0,-0.094156339764595,-2.9402647018432617,0.4409200251102447,-0.0764518529176712,-2.8304715156555176,0.4636570513248443,0.0177044868469238,0.1097931861877441,0.0227370262145996,False,True,True,1216,nervous_system,scoring_only,neuron/cell scoring atlas,nervous_system
OLLsoR,OLLsoR,support_sheath_socket,/home/asunkari/ros-worm/openworm_geometry/object_stls_repaired_meshfix_defective/stl/OLLsoR.stl,1728,1728,0,-0.140780821442604,-3.4939279556274414,0.5217344164848328,-0.0480090305209159,-2.8682351112365723,0.5915650129318237,0.092771790921688,0.6256928443908691,0.0698305964469909,False,True,True,1728,support_sheath_socket,scoring_only,support/sheath/socket/glial-like scoring atlas,support_sheath_socket
ILsoR,ILsoR,support_sheath_socket,/home/asunkari/ros-worm/openworm_geometry/object_stls_repaired_meshfix_defective/stl/ILsoR.stl,1216,1216,0,-0.106779508292675,-3.4939279556274414,0.5303006768226624,-0.0480090603232383,-3.102546215057373,0.5915651917457581,0.0587704479694366,0.3913817405700683,0.0612645149230957,False,True,True,1216,support_sheath_socket,scoring_only,support/sheath/socket/glial-like scoring atlas,support_sheath_socket
AMsoR,AMsoR,support_sheath_socket,/home/asunkari/ros-worm/openworm_geometry/object_stls_repaired_meshfix_defective/stl/AMsoR.stl,1216,1216,0,-0.118383765220642,-3.493927240371704,0.5438361763954163,-0.0466892756521701,-3.134536027908325,0.5928064584732056,0.0716944932937622,0.3593912124633789,0.0489702820777893,False,True,True,1216,support_sheath_socket,scoring_only,support/sheath/socket/glial-like scoring atlas,support_sheath_socket
PHso1R,PHso1R,support_sheath_socket,/home/asunkari/ros-worm/openworm_geometry/object_stls_repaired_meshfix_defective/stl/PHso1R.stl,1728,1728,0,-0.0252396874129772,4.111462116241455,0.1076578944921493,-0.0089513501152396,4.23298978805542,0.1748136132955551,0.016288336366415,0.1215276718139648,0.0671557188034057,False,True,True,1728,support_sheath_socket,scoring_only,support/sheath/socket/glial-like scoring atlas,support_sheath_socket
PHso2R,PHso2R,support_sheath_socket,/home/asunkari/ros-worm/openworm_geometry/object_stls_repaired_meshfix_defective/stl/PHso2R.stl,1472,1472,0,-0.0263127982616424,4.128885269165039,0.1117703169584274,-0.0071724187582731,4.233001232147217,0.1753000617027282,0.0191403795033693,0.1041159629821777,0.0635297447443008,False,True,True,1472,support_sheath_socket,scoring_only,support/sheath/socket/glial-like scoring atlas,support_sheath_socket
PHso2L,PHso2L,support_sheath_socket,/home/asunkari/ros-worm/openworm_geometry/object_stls_repaired_meshfix_defective/stl/PHso2L.stl,1472,1472,0,-0.0056238668039441,4.128885269165039,0.1117703020572662,0.0135165126994252,4.233002185821533,0.175300046801567,0.0191403795033693,0.1041169166564941,0.0635297447443008,False,True,True,1472,support_sheath_socket,scoring_only,support/sheath/socket/glial-like scoring atlas,support_sheath_socket
PHso1L,PHso1L,support_sheath_socket,/home/asunkari/ros-worm/openworm_geometry/object_stls_repaired_meshfix_defective/stl/PHso1L.stl,1728,1728,0,-0.0038557415828108,4.111462116241455,0.1076579019427299,0.0124325975775718,4.23298978805542,0.1748136430978775,0.0162883400917053,0.1215276718139648,0.0671557411551475,False,True,True,1728,support_sheath_socket,scoring_only,support/sheath/socket/glial-like scoring atlas,support_sheath_socket
ADEsoL,ADEsoL,support_sheath_socket,/home/asunkari/ros-worm/openworm_geometry/object_stls_repaired_meshfix_defective/stl/ADEsoL.stl,1920,1920,0,0.0523092374205589,-2.602972507476806,0.3701731264591217,0.1970547139644622,-2.4993815422058105,0.3933383524417877,0.1447454690933227,0.1035909652709961,0.023165225982666,True,True,True,1920,support_sheath_socket,scoring_only,support/sheath/socket/glial-like scoring atlas,support_sheath_socket
AMsoL,AMsoL,support_sheath_socket,/home/asunkari/ros-worm/openworm_geometry/object_stls_repaired_meshfix_defective/stl/AMsoL.stl,1216,1216,0,0.0039710514247417,-3.4939277172088623,0.543836236000061,0.0756655260920524,-3.1345365047454834,0.5928065180778503,0.071694478392601,0.3593912124633789,0.0489702820777893,False,True,True,1216,support_sheath_socket,scoring_only,support/sheath/socket/glial-like scoring atlas,support_sheath_socket
ILsoDR,ILsoDR,support_sheath_socket,/home/asunkari/ros-worm/openworm_geometry/object_stls_repaired_meshfix_defective/stl/ILsoDR.stl,1088,1088,0,-0.097085565328598,-3.4917030334472656,0.6042510867118835,-0.0378675311803817,-3.154082536697388,0.6274263262748718,0.0592180341482162,0.3376204967498779,0.0231752395629882,False,True,True,1088,support_sheath_socket,scoring_only,support/sheath/socket/glial-like scoring atlas,support_sheath_socket
ADEsoR,ADEsoR,support_sheath_socket,/home/asunkari/ros-worm/openworm_geometry/object_stls_repaired_meshfix_defective/stl/ADEsoR.stl,1920,1920,0,-0.2122952342033386,-2.6029720306396484,0.3701730668544769,-0.0950274541974067,-2.4993813037872314,0.3933382928371429,0.1172677800059318,0.1035907268524169,0.023165225982666,True,True,True,1920,support_sheath_socket,scoring_only,support/sheath/socket/glial-like scoring atlas,support_sheath_socket
CEPsoVR,CEPsoVR,support_sheath_socket,/home/asunkari/ros-worm/openworm_geometry/object_stls_repaired_meshfix_defective/stl/CEPsoVR.stl,1472,1472,0,-0.094005174934864,-3.492910861968994,0.4447802007198334,-0.0386519283056259,-2.8921544551849365,0.5682154297828674,0.0553532466292381,0.6007564067840576,0.123435229063034,False,True,True,1472,support_sheath_socket,scoring_only,support/sheath/socket/glial-like scoring atlas,support_sheath_socket
CEPsoDR,CEPsoDR,support_sheath_socket,/home/asunkari/ros-worm/openworm_geometry/object_stls_repaired_meshfix_defective/stl/CEPsoDR.stl,1728,1728,0,-0.1046935468912124,-3.4917030334472656,0.5094196796417236,-0.0382600277662277,-2.860713481903076,0.6110911965370178,0.0664335191249847,0.6309895515441895,0.1016715168952941,False,True,True,1728,support_sheath_socket,scoring_only,support/sheath/socket/glial-like scoring atlas,support_sheath_socket
OLQsoDR,OLQsoDR,support_sheath_socket,/home/asunkari/ros-worm/openworm_geometry/object_stls_repaired_meshfix_defective/stl/OLQsoDR.stl,1088,1088,0,-0.0964325070381164,-3.491703748703003,0.6019325852394104,-0.037867534905672,-3.1253528594970703,0.6248326301574707,0.0585649721324443,0.3663508892059326,0.0229000449180603,False,True,True,1088,support_sheath_socket,scoring_only,support/sheath/socket/glial-like scoring atlas,support_sheath_socket
ILsoVL,ILsoVL,support_sheath_socket,/home/asunkari/ros-worm/openworm_geometry/object_stls_repaired_meshfix_defective/stl/ILsoVL.stl,960,960,0,-0.0040663518011569,-3.492910146713257,0.4998537302017212,0.0312675386667251,-3.176011800765991,0.5682153105735779,0.0353338904678821,0.3168983459472656,0.0683615803718566,False,True,True,960,support_sheath_socket,scoring_only,support/sheath/socket/glial-like scoring atlas,support_sheath_socket
OLQsoVL,OLQsoVL,support_sheath_socket,/home/asunkari/ros-worm/openworm_geometry/object_stls_repaired_meshfix_defective/stl/OLQsoVL.stl,1088,1088,0,-0.0040663518011569,-3.4929099082946777,0.4666956663131714,0.0480907410383224,-3.0491960048675537,0.5682153105735779,0.0521570928394794,0.443713903427124,0.1015196442604065,False,True,True,1088,support_sheath_socket,scoring_only,support/sheath/socket/glial-like scoring atlas,support_sheath_socket
ILsoL,ILsoL,support_sheath_socket,/home/asunkari/ros-worm/openworm_geometry/object_stls_repaired_meshfix_defective/stl/ILsoL.stl,1216,1216,0,0.0052907988429069,-3.4939279556274414,0.5303006172180176,0.0640612617135047,-3.102546215057373,0.5915651321411133,0.0587704628705978,0.3913817405700683,0.0612645149230957,False,True,True,1216,support_sheath_socket,scoring_only,support/sheath/socket/glial-like scoring atlas,support_sheath_socket
ILsoDL,ILsoDL,support_sheath_socket,/home/asunkari/ros-worm/openworm_geometry/object_stls_repaired_meshfix_defective/stl/ILsoDL.stl,1088,1088,0,-0.004850722849369,-3.4917032718658447,0.6042512059211731,0.0543673038482666,-3.154082775115967,0.6274264454841614,0.0592180266976356,0.3376204967498779,0.0231752395629882,False,True,True,1088,support_sheath_socket,scoring_only,support/sheath/socket/glial-like scoring atlas,support_sheath_socket
OLQsoDL,OLQsoDL,support_sheath_socket,/home/asunkari/ros-worm/openworm_geometry/object_stls_repaired_meshfix_defective/stl/OLQsoDL.stl,1088,1088,0,-0.0048507265746593,-3.491703510284424,0.6019326448440552,0.053714245557785,-3.1253528594970703,0.6248326897621155,0.0585649721324443,0.3663506507873535,0.0229000449180603,False,True,True,1088,support_sheath_socket,scoring_only,support/sheath/socket/glial-like scoring atlas,support_sheath_socket
XXXL,XXXL,nervous_system,/home/asunkari/ros-worm/openworm_geometry/object_stls_repaired_meshfix_defective/stl/XXXL.stl,1216,1216,0,0.0337335839867591,-2.9402644634246826,0.4409199357032776,0.0514380782842636,-2.8304712772369385,0.4636569619178772,0.0177044942975044,0.1097931861877441,0.0227370262145996,False,True,True,1216,nervous_system,scoring_only,neuron/cell scoring atlas,nervous_system
OLLsoL,OLLsoL,support_sheath_socket,/home/asunkari/ros-worm/openworm_geometry/object_stls_repaired_meshfix_defective/stl/OLLsoL.stl,1728,1728,0,0.0052907764911651,-3.4939279556274414,0.5217344164848328,0.098062552511692,-2.8682351112365723,0.5915650129318237,0.0927717760205268,0.6256928443908691,0.0698305964469909,False,True,True,1728,support_sheath_socket,scoring_only,support/sheath/socket/glial-like scoring atlas,support_sheath_socket
CEPsoDL,CEPsoDL,support_sheath_socket,/home/asunkari/ros-worm/openworm_geometry/object_stls_repaired_meshfix_defective/stl/CEPsoDL.stl,1728,1728,0,-0.0044582225382328,-3.4917030334472656,0.5094196200370789,0.0619752965867519,-2.860713481903076,0.611091136932373,0.0664335191249847,0.6309895515441895,0.1016715168952941,False,True,True,1728,support_sheath_socket,scoring_only,support/sheath/socket/glial-like scoring atlas,support_sheath_socket
CEPsoVL,CEPsoVL,support_sheath_socket,/home/asunkari/ros-worm/openworm_geometry/object_stls_repaired_meshfix_defective/stl/CEPsoVL.stl,1472,1472,0,-0.0040663518011569,-3.492910861968994,0.444780170917511,0.0512868911027908,-2.8921542167663574,0.5682154297828674,0.0553532429039478,0.6007566452026367,0.1234352588653564,False,True,True,1472,support_sheath_socket,scoring_only,support/sheath/socket/glial-like scoring atlas,support_sheath_socket
OLQshVR,OLQshVR,support_sheath_socket,/home/asunkari/ros-worm/openworm_geometry/object_stls_repaired_meshfix_defective/stl/OLQshVR.stl,1856,1856,0,-0.1147594898939132,-3.4952335357666016,0.4503448903560638,-0.0341994911432266,-2.893115758895874,0.5728048086166382,0.0805599987506866,0.6021177768707275,0.1224599182605743,False,True,True,1856,support_sheath_socket,scoring_only,support/sheath/socket/glial-like scoring atlas,support_sheath_socket
ILshVR,ILshVR,support_sheath_socket,/home/asunkari/ros-worm/openworm_geometry/object_stls_repaired_meshfix_defective/stl/ILshVR.stl,1216,1216,0,-0.0761708989739418,-3.495352268218994,0.4980674386024475,-0.0359117425978183,-3.1469738483428955,0.5703609585762024,0.0402591563761234,0.3483784198760986,0.0722935199737548,False,True,True,1216,support_sheath_socket,scoring_only,support/sheath/socket/glial-like scoring atlas,support_sheath_socket
OLLshR,OLLshR,support_sheath_socket,/home/asunkari/ros-worm/openworm_geometry/object_stls_repaired_meshfix_defective/stl/OLLshR.stl,1728,1728,0,-0.1304011642932891,-3.494973659515381,0.5212576985359192,-0.0478032231330871,-2.9192466735839844,0.6000772714614868,0.082597941160202,0.5757269859313965,0.0788195729255676,False,True,True,1728,support_sheath_socket,scoring_only,support/sheath/socket/glial-like scoring atlas,support_sheath_socket
ILshR,ILshR,support_sheath_socket,/home/asunkari/ros-worm/openworm_geometry/object_stls_repaired_meshfix_defective/stl/ILshR.stl,1856,1856,0,-0.1281953603029251,-3.4943289756774902,0.5010018944740295,-0.044813759624958,-2.9184248447418213,0.5950964093208313,0.083381600677967,0.575904130935669,0.0940945148468017,False,True,True,1856,support_sheath_socket,scoring_only,support/sheath/socket/glial-like scoring atlas,support_sheath_socket
AMshR,AMshR,support_sheath_socket,/home/asunkari/ros-worm/openworm_geometry/object_stls_repaired_meshfix_defective/stl/AMshR.stl,2880,2880,0,-0.1230482831597328,-3.493699550628662,0.4430961906909942,-0.0478577762842178,-2.3897898197174072,0.5985170602798462,0.0751905068755149,1.1039097309112549,0.1554208695888519,False,True,True,2880,support_sheath_socket,scoring_only,support/sheath/socket/glial-like scoring atlas,support_sheath_socket
PHshR,PHshR,support_sheath_socket,/home/asunkari/ros-worm/openworm_geometry/object_stls_repaired_meshfix_defective/stl/PHshR.stl,960,960,0,-0.0269206240773201,4.097930908203125,0.1300779283046722,-0.0130104031413793,4.21505880355835,0.165964737534523,0.0139102209359407,0.1171278953552246,0.0358868092298507,False,True,True,960,support_sheath_socket,scoring_only,support/sheath/socket/glial-like scoring atlas,support_sheath_socket
PHshL,PHshL,support_sheath_socket,/home/asunkari/ros-worm/openworm_geometry/object_stls_repaired_meshfix_defective/stl/PHshL.stl,960,960,0,0.0003643622621893,4.097930908203125,0.1300779432058334,0.0142745822668075,4.215059280395508,0.1659647524356842,0.0139102200046181,0.1171283721923828,0.0358868092298507,False,True,True,960,support_sheath_socket,scoring_only,support/sheath/socket/glial-like scoring atlas,support_sheath_socket
OLQshDR,OLQshDR,support_sheath_socket,/home/asunkari/ros-worm/openworm_geometry/object_stls_repaired_meshfix_defective/stl/OLQshDR.stl,1728,1728,0,-0.1244800835847854,-3.4917030334472656,0.5242639183998108,-0.0378675237298011,-2.8636362552642822,0.61180180311203,0.0866125598549842,0.6280667781829834,0.0875378847122192,False,True,True,1728,support_sheath_socket,scoring_only,support/sheath/socket/glial-like scoring atlas,support_sheath_socket
CEPshVR,CEPshVR,support_sheath_socket,/home/asunkari/ros-worm/openworm_geometry/object_stls_repaired_meshfix_defective/stl/CEPshVR.stl,3264,3264,0,-0.1152254492044448,-3.492910861968994,0.3393917381763458,-0.0211472958326339,-2.707446575164795,0.5682152509689331,0.0940781533718109,0.7854642868041992,0.2288235127925872,False,True,True,3264,support_sheath_socket,scoring_only,support/sheath/socket/glial-like scoring atlas,support_sheath_socket
CEPshDR,CEPshDR,support_sheath_socket,/home/asunkari/ros-worm/openworm_geometry/object_stls_repaired_meshfix_defective/stl/CEPshDR.stl,3264,3264,0,-0.1150456517934799,-3.4917027950286865,0.441535085439682,-0.0223661810159683,-2.721604108810425,0.6118014454841614,0.0926794707775116,0.7700986862182617,0.1702663600444793,False,True,True,3264,support_sheath_socket,scoring_only,support/sheath/socket/glial-like scoring atlas,support_sheath_socket
ILshDR,ILshDR,support_sheath_socket,/home/asunkari/ros-worm/openworm_geometry/object_stls_repaired_meshfix_defective/stl/ILshDR.stl,1344,1344,0,-0.1340705305337906,-3.4917032718658447,0.5545207262039185,-0.0382531397044658,-2.9033749103546143,0.6113607883453369,0.0958173871040344,0.5883283615112305,0.0568400621414184,False,True,True,1344,support_sheath_socket,scoring_only,support/sheath/socket/glial-like scoring atlas,support_sheath_socket
ADEshR,ADEshR,support_sheath_socket,/home/asunkari/ros-worm/openworm_geometry/object_stls_repaired_meshfix_defective/stl/ADEshR.stl,3200,3200,0,-0.2096936106681823,-2.503969430923462,0.3504635393619537,-0.0956628024578094,-2.3589768409729004,0.3742202222347259,0.1140308082103729,0.1449925899505615,0.0237566828727722,False,True,True,3200,support_sheath_socket,scoring_only,support/sheath/socket/glial-like scoring atlas,support_sheath_socket
ADEshL,ADEshL,support_sheath_socket,/home/asunkari/ros-worm/openworm_geometry/object_stls_repaired_meshfix_defective/stl/ADEshL.stl,2176,2176,0,0.0529445707798004,-2.503969669342041,0.3504635393619537,0.1947575211524963,-2.3589770793914795,0.3741368353366852,0.1418129503726959,0.1449925899505615,0.0236732959747314,False,True,True,2176,support_sheath_socket,scoring_only,support/sheath/socket/glial-like scoring atlas,support_sheath_socket
ILshVL,ILshVL,support_sheath_socket,/home/asunkari/ros-worm/openworm_geometry/object_stls_repaired_meshfix_defective/stl/ILshVL.stl,1216,1216,0,-0.0068065039813518,-3.495352268218994,0.4980673789978027,0.0334526523947715,-3.1469738483428955,0.5703609585762024,0.0402591563761234,0.3483784198760986,0.0722935795783996,False,True,True,1216,support_sheath_socket,scoring_only,support/sheath/socket/glial-like scoring atlas,support_sheath_socket
ILshDL,ILshDL,support_sheath_socket,/home/asunkari/ros-worm/openworm_geometry/object_stls_repaired_meshfix_defective/stl/ILshDL.stl,1344,1344,0,-0.00446506915614,-3.4917027950286865,0.554520845413208,0.0913523435592651,-2.903374671936035,0.6113609075546265,0.0958174094557762,0.5883281230926514,0.0568400621414184,False,True,True,1344,support_sheath_socket,scoring_only,support/sheath/socket/glial-like scoring atlas,support_sheath_socket
OLQshDL,OLQshDL,support_sheath_socket,/home/asunkari/ros-worm/openworm_geometry/object_stls_repaired_meshfix_defective/stl/OLQshDL.stl,1728,1728,0,-0.0048507377505302,-3.4917030334472656,0.5242637991905212,0.0817618295550346,-2.8636362552642822,0.6118016242980957,0.0866125673055648,0.6280667781829834,0.0875378251075744,False,True,True,1728,support_sheath_socket,scoring_only,support/sheath/socket/glial-like scoring atlas,support_sheath_socket
ILshL,ILshL,support_sheath_socket,/home/asunkari/ros-worm/openworm_geometry/object_stls_repaired_meshfix_defective/stl/ILshL.stl,1856,1856,0,0.0020955055952072,-3.494328737258911,0.5010020136833191,0.0854770988225936,-2.9184248447418213,0.5950965881347656,0.0833815932273864,0.5759038925170898,0.0940945744514465,False,True,True,1856,support_sheath_socket,scoring_only,support/sheath/socket/glial-like scoring atlas,support_sheath_socket
OLQshVL,OLQshVL,support_sheath_socket,/home/asunkari/ros-worm/openworm_geometry/object_stls_repaired_meshfix_defective/stl/OLQshVL.stl,1856,1856,0,-0.0085187256336212,-3.49523401260376,0.4503446817398071,0.0720412731170654,-2.893116235733032,0.5728045701980591,0.0805599987506866,0.6021177768707275,0.1224598884582519,False,True,True,1856,support_sheath_socket,scoring_only,support/sheath/socket/glial-like scoring atlas,support_sheath_socket
OLLshL,OLLshL,support_sheath_socket,/home/asunkari/ros-worm/openworm_geometry/object_stls_repaired_meshfix_defective/stl/OLLshL.stl,1728,1728,0,0.0050849779509007,-3.494973659515381,0.521257758140564,0.0876829326152801,-2.9192464351654053,0.6000773310661316,0.0825979560613632,0.5757272243499756,0.0788195729255676,False,True,True,1728,support_sheath_socket,scoring_only,support/sheath/socket/glial-like scoring atlas,support_sheath_socket
CEPshDL,CEPshDL,support_sheath_socket,/home/asunkari/ros-worm/openworm_geometry/object_stls_repaired_meshfix_defective/stl/CEPshDL.stl,3264,3264,0,-0.0203520637005567,-3.4917023181915283,0.4415351450443268,0.0723274052143096,-2.721604108810425,0.6118015050888062,0.0926794707775116,0.7700982093811035,0.1702663600444793,False,True,True,3264,support_sheath_socket,scoring_only,support/sheath/socket/glial-like scoring atlas,support_sheath_socket
CEPshVL,CEPshVL,support_sheath_socket,/home/asunkari/ros-worm/openworm_geometry/object_stls_repaired_meshfix_defective/stl/CEPshVL.stl,3264,3264,0,-0.0215709414333105,-3.492910385131836,0.3393916487693786,0.0725072175264358,-2.707446336746216,0.5682151913642883,0.0940781608223915,0.7854640483856201,0.2288235425949096,False,True,True,3264,support_sheath_socket,scoring_only,support/sheath/socket/glial-like scoring atlas,support_sheath_socket
AMshL,AMshL,support_sheath_socket,/home/asunkari/ros-worm/openworm_geometry/object_stls_repaired_meshfix_defective/stl/AMshL.stl,2880,2880,0,0.0051395334303379,-3.493699550628662,0.4430961608886719,0.0803300365805625,-2.3897900581359863,0.5985170602798462,0.0751904994249343,1.1039094924926758,0.1554208993911743,False,True,True,2880,support_sheath_socket,scoring_only,support/sheath/socket/glial-like scoring atlas,support_sheath_socket
