file,time_ns,speciesID,speciesName,number,nEvent,sumG,sumG2,meanG_molecules_per_100eV,run_name,region_id,region_key,region_label,species_label,case,source_geometry,condition_label,dose_rate_Gy_s,pulse_s,nominal_total_dose_Gy,scaled_region_energy_eV,scaled_region_energy_J,scaled_energy_fraction_equivalent_Gy,scaled_region_dose_Gy_mass_normalized,relative_fraction_of_scored_edep,scaled_species_molecules
Species0.root,999.9990000000004,0,H3O^1,7200,100,209.51354267891867,449.4745580762918,2.095135426789186,caseB_focused_0p5Gy_s_10s_full,1,body,Residual body envelope,H₃O⁺,Focused X-ray response,Focused beam,Focused beam: 0.5 Gy/s × 10 s,0.5,10.0,5.0,226255095065.13034,3.625006266368005e-08,4.553034128126398,5.016219681492056,0.9106068256252796,4740350651.625097
Species0.root,999.9990000000004,1,°OH^0,4918,100,132.54984747042948,188.50913501947133,1.3254984747042948,caseB_focused_0p5Gy_s_10s_full,1,body,Residual body envelope,•OH,Focused X-ray response,Focused beam,Focused beam: 0.5 Gy/s × 10 s,0.5,10.0,5.0,226255095065.13034,3.625006266368005e-08,4.553034128126398,5.016219681492056,0.9106068256252796,2999007834.0290546
Species0.root,999.9990000000004,2,OH^-1,2593,100,77.48447271263007,63.22747338748831,0.7748447271263007,caseB_focused_0p5Gy_s_10s_full,1,body,Residual body envelope,OH⁻,Focused X-ray response,Focused beam,Focused beam: 0.5 Gy/s × 10 s,0.5,10.0,5.0,226255095065.13034,3.625006266368005e-08,4.553034128126398,5.016219681492056,0.9106068256252796,1753125673.9667614
Species0.root,999.9990000000004,3,e_aq^-1,4723,100,137.84070329786428,198.6133721672963,1.3784070329786429,caseB_focused_0p5Gy_s_10s_full,1,body,Residual body envelope,e⁻aq,Focused X-ray response,Focused beam,Focused beam: 0.5 Gy/s × 10 s,0.5,10.0,5.0,226255095065.13034,3.625006266368005e-08,4.553034128126398,5.016219681492056,0.9106068256252796,3118716142.8502707
Species0.root,999.9990000000004,4,H^0,2547,100,76.1197740152509,60.56295175587815,0.761197740152509,caseB_focused_0p5Gy_s_10s_full,1,body,Residual body envelope,H•,Focused X-ray response,Focused beam,Focused beam: 0.5 Gy/s × 10 s,0.5,10.0,5.0,226255095065.13034,3.625006266368005e-08,4.553034128126398,5.016219681492056,0.9106068256252796,1722248670.6156828
Species0.root,999.9990000000004,5,H_2^0,2415,100,75.66169468048679,60.51541023544917,0.7566169468048679,caseB_focused_0p5Gy_s_10s_full,1,body,Residual body envelope,H₂,Focused X-ray response,Focused beam,Focused beam: 0.5 Gy/s × 10 s,0.5,10.0,5.0,226255095065.13034,3.625006266368005e-08,4.553034128126398,5.016219681492056,0.9106068256252796,1711884392.2722404
Species0.root,999.9990000000004,6,H2O2^0,2860,100,92.25543834951624,88.83991853669704,0.9225543834951624,caseB_focused_0p5Gy_s_10s_full,1,body,Residual body envelope,H₂O₂,Focused X-ray response,Focused beam,Focused beam: 0.5 Gy/s × 10 s,0.5,10.0,5.0,226255095065.13034,3.625006266368005e-08,4.553034128126398,5.016219681492056,0.9106068256252796,2087326297.4045067
Species0.root,999.9990000000004,9,°O^0,673,100,21.205754586525565,5.790685571849094,0.2120575458652556,caseB_focused_0p5Gy_s_10s_full,1,body,Residual body envelope,O•,Focused X-ray response,Focused beam,Focused beam: 0.5 Gy/s × 10 s,0.5,10.0,5.0,226255095065.13034,3.625006266368005e-08,4.553034128126398,5.016219681492056,0.9106068256252796,479791001.99021643
Species0.root,999.9990000000004,0,H3O^1,14027,100,220.6586011592329,494.7366418298463,2.206586011592329,caseB_focused_0p5Gy_s_10s_full,2,nervous,Nervous system,H₃O⁺,Focused X-ray response,Focused beam,Focused beam: 0.5 Gy/s × 10 s,0.5,10.0,5.0,7808262136.701204,1.2510215147569583e-09,0.15712920842522402,77.47222657647748,0.0314258416850448,172296020.05690905
Species0.root,999.9990000000004,1,°OH^0,9712,100,148.28108241857353,229.16076597871617,1.4828108241857354,caseB_focused_0p5Gy_s_10s_full,2,nervous,Nervous system,•OH,Focused X-ray response,Focused beam,Focused beam: 0.5 Gy/s × 10 s,0.5,10.0,5.0,7808262136.701204,1.2510215147569583e-09,0.15712920842522402,77.47222657647748,0.0314258416850448,115781756.14380184
Species0.root,999.9990000000004,2,OH^-1,4647,100,76.1887901743626,59.52545299643313,0.761887901743626,caseB_focused_0p5Gy_s_10s_full,2,nervous,Nervous system,OH⁻,Focused X-ray response,Focused beam,Focused beam: 0.5 Gy/s × 10 s,0.5,10.0,5.0,7808262136.701204,1.2510215147569583e-09,0.15712920842522402,77.47222657647748,0.0314258416850448,59490204.55595482
Species0.root,999.9990000000004,3,e_aq^-1,9532,100,147.63014142521376,224.4625163779594,1.4763014142521376,caseB_focused_0p5Gy_s_10s_full,2,nervous,Nervous system,e⁻aq,Focused X-ray response,Focused beam,Focused beam: 0.5 Gy/s × 10 s,0.5,10.0,5.0,7808262136.701204,1.2510215147569583e-09,0.15712920842522402,77.47222657647748,0.0314258416850448,115273484.35263404
Species0.root,999.9990000000004,4,H^0,4772,100,79.46026548108034,64.92411567805446,0.7946026548108034,caseB_focused_0p5Gy_s_10s_full,2,nervous,Nervous system,H•,Focused X-ray response,Focused beam,Focused beam: 0.5 Gy/s × 10 s,0.5,10.0,5.0,7808262136.701204,1.2510215147569583e-09,0.15712920842522402,77.47222657647748,0.0314258416850448,62044658.23281453
Species0.root,999.9990000000004,5,H_2^0,4139,100,70.01007117989221,50.50904977787526,0.7001007117989221,caseB_focused_0p5Gy_s_10s_full,2,nervous,Nervous system,H₂,Focused X-ray response,Focused beam,Focused beam: 0.5 Gy/s × 10 s,0.5,10.0,5.0,7808262136.701204,1.2510215147569583e-09,0.15712920842522402,77.47222657647748,0.0314258416850448,54665698.79817085
Species0.root,999.9990000000004,6,H2O2^0,5200,100,87.69601519141042,78.74361429693317,0.8769601519141043,caseB_focused_0p5Gy_s_10s_full,2,nervous,Nervous system,H₂O₂,Focused X-ray response,Focused beam,Focused beam: 0.5 Gy/s × 10 s,0.5,10.0,5.0,7808262136.701204,1.2510215147569583e-09,0.15712920842522402,77.47222657647748,0.0314258416850448,68475347.49586636
Species0.root,999.9990000000004,9,°O^0,1159,100,20.138553012170306,4.607117999956023,0.201385530121703,caseB_focused_0p5Gy_s_10s_full,2,nervous,Nervous system,O•,Focused X-ray response,Focused beam,Focused beam: 0.5 Gy/s × 10 s,0.5,10.0,5.0,7808262136.701204,1.2510215147569583e-09,0.15712920842522402,77.47222657647748,0.0314258416850448,15724710.097287932
Species0.root,999.9990000000004,0,H3O^1,7561,100,211.14509339927716,454.7170047970933,2.111450933992771,caseB_focused_0p5Gy_s_10s_full,3,bodywall,Body wall muscle,H₃O⁺,Focused X-ray response,Focused beam,Focused beam: 0.5 Gy/s × 10 s,0.5,10.0,5.0,3904635808.362917,6.255916256438767e-10,0.0785747613253225,3.7330255792286606,0.0157149522650645,82444469.244695
Species0.root,999.9990000000004,1,°OH^0,5047,100,134.25668607453014,189.9223187314108,1.3425668607453014,caseB_focused_0p5Gy_s_10s_full,3,bodywall,Body wall muscle,•OH,Focused X-ray response,Focused beam,Focused beam: 0.5 Gy/s × 10 s,0.5,10.0,5.0,3904635808.362917,6.255916256438767e-10,0.0785747613253225,3.7330255792286606,0.0157149522650645,52422346.39587493
Species0.root,999.9990000000004,2,OH^-1,2746,100,78.453062924328,64.23308083603038,0.78453062924328,caseB_focused_0p5Gy_s_10s_full,3,bodywall,Body wall muscle,OH⁻,Focused X-ray response,Focused beam,Focused beam: 0.5 Gy/s × 10 s,0.5,10.0,5.0,3904635808.362917,6.255916256438767e-10,0.0785747613253225,3.7330255792286606,0.0157149522650645,30633063.877008025
Species0.root,999.9990000000004,3,e_aq^-1,4942,100,137.72255825594007,196.68178811871388,1.3772255825594006,caseB_focused_0p5Gy_s_10s_full,3,bodywall,Body wall muscle,e⁻aq,Focused X-ray response,Focused beam,Focused beam: 0.5 Gy/s × 10 s,0.5,10.0,5.0,3904635808.362917,6.255916256438767e-10,0.0785747613253225,3.7330255792286606,0.0157149522650645,53775643.25854915
Species0.root,999.9990000000004,4,H^0,2636,100,74.80033705672506,59.14239634424764,0.7480033705672505,caseB_focused_0p5Gy_s_10s_full,3,bodywall,Body wall muscle,H•,Focused X-ray response,Focused beam,Focused beam: 0.5 Gy/s × 10 s,0.5,10.0,5.0,3904635808.362917,6.255916256438767e-10,0.0785747613253225,3.7330255792286606,0.0157149522650645,29206807.45493043
Species0.root,999.9990000000004,5,H_2^0,2674,100,74.99283887905403,58.30386330373766,0.7499283887905404,caseB_focused_0p5Gy_s_10s_full,3,bodywall,Body wall muscle,H₂,Focused X-ray response,Focused beam,Focused beam: 0.5 Gy/s × 10 s,0.5,10.0,5.0,3904635808.362917,6.255916256438767e-10,0.0785747613253225,3.7330255792286606,0.0157149522650645,29281972.405794512
Species0.root,999.9990000000004,6,H2O2^0,3193,100,92.56772129755552,88.35431982646963,0.9256772129755552,caseB_focused_0p5Gy_s_10s_full,3,bodywall,Body wall muscle,H₂O₂,Focused X-ray response,Focused beam,Focused beam: 0.5 Gy/s × 10 s,0.5,10.0,5.0,3904635808.362917,6.255916256438767e-10,0.0785747613253225,3.7330255792286606,0.0157149522650645,36144323.92769939
Species0.root,999.9990000000004,9,°O^0,683,100,19.042958310070567,4.424019790466383,0.1904295831007056,caseB_focused_0p5Gy_s_10s_full,3,bodywall,Body wall muscle,O•,Focused X-ray response,Focused beam,Focused beam: 0.5 Gy/s × 10 s,0.5,10.0,5.0,3904635808.362917,6.255916256438767e-10,0.0785747613253225,3.7330255792286606,0.0157149522650645,7435581.691466369
Species0.root,999.9990000000004,0,H3O^1,11750,100,221.38519532907452,500.41461008937705,2.213851953290745,caseB_focused_0p5Gy_s_10s_full,4,digestive,Digestive system,H₃O⁺,Focused X-ray response,Focused beam,Focused beam: 0.5 Gy/s × 10 s,0.5,10.0,5.0,7654652380.920866,1.2264105186103878e-09,0.1540380494823515,3.359494980552098,0.0308076098964703,169462671.25263312
Species0.root,999.9990000000004,1,°OH^0,8106,100,144.79011456990668,220.09771687057085,1.4479011456990667,caseB_focused_0p5Gy_s_10s_full,4,digestive,Digestive system,•OH,Focused X-ray response,Focused beam,Focused beam: 0.5 Gy/s × 10 s,0.5,10.0,5.0,7654652380.920866,1.2264105186103878e-09,0.1540380494823515,3.359494980552098,0.0308076098964703,110831799.5226341
Species0.root,999.9990000000004,2,OH^-1,3929,100,76.22835898893264,61.099168926471066,0.7622835898893264,caseB_focused_0p5Gy_s_10s_full,4,digestive,Digestive system,OH⁻,Focused X-ray response,Focused beam,Focused beam: 0.5 Gy/s × 10 s,0.5,10.0,5.0,7654652380.920866,1.2264105186103878e-09,0.1540380494823515,3.359494980552098,0.0308076098964703,58350158.96283238
Species0.root,999.9990000000004,3,e_aq^-1,7958,100,149.94255217224924,237.66704921922133,1.4994255217224923,caseB_focused_0p5Gy_s_10s_full,4,digestive,Digestive system,e⁻aq,Focused X-ray response,Focused beam,Focused beam: 0.5 Gy/s × 10 s,0.5,10.0,5.0,7654652380.920866,1.2264105186103878e-09,0.1540380494823515,3.359494980552098,0.0308076098964703,114775811.39866588
Species0.root,999.9990000000004,4,H^0,3907,100,76.33727090196017,61.04674977461153,0.7633727090196016,caseB_focused_0p5Gy_s_10s_full,4,digestive,Digestive system,H•,Focused X-ray response,Focused beam,Focused beam: 0.5 Gy/s × 10 s,0.5,10.0,5.0,7654652380.920866,1.2264105186103878e-09,0.1540380494823515,3.359494980552098,0.0308076098964703,58433527.246269055
Species0.root,999.9990000000004,5,H_2^0,3523,100,72.18117078738085,53.93809813707459,0.7218117078738086,caseB_focused_0p5Gy_s_10s_full,4,digestive,Digestive system,H₂,Focused X-ray response,Focused beam,Focused beam: 0.5 Gy/s × 10 s,0.5,10.0,5.0,7654652380.920866,1.2264105186103878e-09,0.1540380494823515,3.359494980552098,0.0308076098964703,55252177.082528055
Species0.root,999.9990000000004,6,H2O2^0,4371,100,92.23197820319312,88.53662424817527,0.9223197820319312,caseB_focused_0p5Gy_s_10s_full,4,digestive,Digestive system,H₂O₂,Focused X-ray response,Focused beam,Focused beam: 0.5 Gy/s × 10 s,0.5,10.0,5.0,7654652380.920866,1.2264105186103878e-09,0.1540380494823515,3.359494980552098,0.0308076098964703,70600373.15501137
Species0.root,999.9990000000004,9,°O^0,963,100,18.30118892028543,4.042468620617775,0.1830118892028543,caseB_focused_0p5Gy_s_10s_full,4,digestive,Digestive system,O•,Focused X-ray response,Focused beam,Focused beam: 0.5 Gy/s × 10 s,0.5,10.0,5.0,7654652380.920866,1.2264105186103878e-09,0.1540380494823515,3.359494980552098,0.0308076098964703,14008923.934234545
Species0.root,999.9990000000004,0,H3O^1,14212,100,225.9016930894123,519.0565862024996,2.259016930894123,caseB_focused_0p5Gy_s_10s_full,5,reproductive,Reproductive system,H₃O⁺,Focused X-ray response,Focused beam,Focused beam: 0.5 Gy/s × 10 s,0.5,10.0,5.0,2737734908.8413944,4.386334901031802e-10,0.055092684079135,2.354598740139892,0.011018536815827,61845895.11372588
Species0.root,999.9990000000004,1,°OH^0,9932,100,156.44468266058092,251.53790761090465,1.5644468266058091,caseB_focused_0p5Gy_s_10s_full,5,reproductive,Reproductive system,•OH,Focused X-ray response,Focused beam,Focused beam: 0.5 Gy/s × 10 s,0.5,10.0,5.0,2737734908.8413944,4.386334901031802e-10,0.055092684079135,2.354598740139892,0.011018536815827,42830406.902248636
Species0.root,999.9990000000004,2,OH^-1,4818,100,77.23186466376913,60.95492225025931,0.7723186466376913,caseB_focused_0p5Gy_s_10s_full,5,reproductive,Reproductive system,OH⁻,Focused X-ray response,Focused beam,Focused beam: 0.5 Gy/s × 10 s,0.5,10.0,5.0,2737734908.8413944,4.386334901031802e-10,0.055092684079135,2.354598740139892,0.011018536815827,21144037.196491487
Species0.root,999.9990000000004,3,e_aq^-1,9546,100,151.23803173309352,235.40644759318485,1.5123803173309351,caseB_focused_0p5Gy_s_10s_full,5,reproductive,Reproductive system,e⁻aq,Focused X-ray response,Focused beam,Focused beam: 0.5 Gy/s × 10 s,0.5,10.0,5.0,2737734908.8413944,4.386334901031802e-10,0.055092684079135,2.354598740139892,0.011018536815827,41404963.90201527
Species0.root,999.9990000000004,4,H^0,4668,100,75.5259321688397,58.44568108784537,0.755259321688397,caseB_focused_0p5Gy_s_10s_full,5,reproductive,Reproductive system,H•,Focused X-ray response,Focused beam,Focused beam: 0.5 Gy/s × 10 s,0.5,10.0,5.0,2737734908.8413944,4.386334901031802e-10,0.055092684079135,2.354598740139892,0.011018536815827,20676998.10214197
Species0.root,999.9990000000004,5,H_2^0,4414,100,71.65160525818825,52.92554634653816,0.7165160525818826,caseB_focused_0p5Gy_s_10s_full,5,reproductive,Reproductive system,H₂,Focused X-ray response,Focused beam,Focused beam: 0.5 Gy/s × 10 s,0.5,10.0,5.0,2737734908.8413944,4.386334901031802e-10,0.055092684079135,2.354598740139892,0.011018536815827,19616310.09898656
Species0.root,999.9990000000004,6,H2O2^0,5325,100,86.65857126077631,76.42434435560591,0.8665857126077632,caseB_focused_0p5Gy_s_10s_full,5,reproductive,Reproductive system,H₂O₂,Focused X-ray response,Focused beam,Focused beam: 0.5 Gy/s × 10 s,0.5,10.0,5.0,2737734908.8413944,4.386334901031802e-10,0.055092684079135,2.354598740139892,0.011018536815827,23724819.56909469
Species0.root,999.9990000000004,9,°O^0,1154,100,18.86857296436288,3.903926052319978,0.1886857296436287,caseB_focused_0p5Gy_s_10s_full,5,reproductive,Reproductive system,O•,Focused X-ray response,Focused beam,Focused beam: 0.5 Gy/s × 10 s,0.5,10.0,5.0,2737734908.8413944,4.386334901031802e-10,0.055092684079135,2.354598740139892,0.011018536815827,5165715.088455718
Species0.root,999.9990000000004,0,H3O^1,1552,100,206.98066567195883,439.91673286725415,2.0698066567195883,caseB_focused_0p5Gy_s_10s_full,6,excretory,Excretory system,H₃O⁺,Focused X-ray response,Focused beam,Focused beam: 0.5 Gy/s × 10 s,0.5,10.0,5.0,105904707.04332745,1.6967804705543445e-11,0.0021311685615684997,187.4408822630968,0.0004262337123137,2192022.6761621702
Species0.root,999.9990000000004,1,°OH^0,856,100,114.15943931391548,143.14101504470204,1.1415943931391548,caseB_focused_0p5Gy_s_10s_full,6,excretory,Excretory system,•OH,Focused X-ray response,Focused beam,Focused beam: 0.5 Gy/s × 10 s,0.5,10.0,5.0,105904707.04332745,1.6967804705543445e-11,0.0021311685615684997,187.4408822630968,0.0004262337123137,1209002.1976770738
Species0.root,999.9990000000004,2,OH^-1,516,100,68.81573678268738,54.9940380862598,0.6881573678268738,caseB_focused_0p5Gy_s_10s_full,6,excretory,Excretory system,OH⁻,Focused X-ray response,Focused beam,Focused beam: 0.5 Gy/s × 10 s,0.5,10.0,5.0,105904707.04332745,1.6967804705543445e-11,0.0021311685615684997,187.4408822630968,0.0004262337123137,728791.0443941241
Species0.root,999.9990000000004,3,e_aq^-1,1136,100,151.50131198669152,242.17296978735868,1.5150131198669152,caseB_focused_0p5Gy_s_10s_full,6,excretory,Excretory system,e⁻aq,Focused X-ray response,Focused beam,Focused beam: 0.5 Gy/s × 10 s,0.5,10.0,5.0,105904707.04332745,1.6967804705543445e-11,0.0021311685615684997,187.4408822630968,0.0004262337123137,1604470.206263032
Species0.root,999.9990000000004,4,H^0,622,100,82.9523028659526,79.64531130345128,0.829523028659526,caseB_focused_0p5Gy_s_10s_full,6,excretory,Excretory system,H•,Focused X-ray response,Focused beam,Focused beam: 0.5 Gy/s × 10 s,0.5,10.0,5.0,105904707.04332745,1.6967804705543445e-11,0.0021311685615684997,187.4408822630968,0.0004262337123137,878503.9333588083
Species0.root,999.9990000000004,5,H_2^0,550,100,73.35010703581017,59.938521458827786,0.7335010703581016,caseB_focused_0p5Gy_s_10s_full,6,excretory,Excretory system,H₂,Focused X-ray response,Focused beam,Focused beam: 0.5 Gy/s × 10 s,0.5,10.0,5.0,105904707.04332745,1.6967804705543445e-11,0.0021311685615684997,187.4408822630968,0.0004262337123137,776812.1597224188
Species0.root,999.9990000000004,6,H2O2^0,770,100,102.69014985013423,112.1223855419734,1.0269014985013425,caseB_focused_0p5Gy_s_10s_full,6,excretory,Excretory system,H₂O₂,Focused X-ray response,Focused beam,Focused beam: 0.5 Gy/s × 10 s,0.5,10.0,5.0,105904707.04332745,1.6967804705543445e-11,0.0021311685615684997,187.4408822630968,0.0004262337123137,1087537.0236113865
Species0.root,999.9990000000004,9,°O^0,181,100,24.138853406330263,8.377164275106198,0.2413885340633026,caseB_focused_0p5Gy_s_10s_full,6,excretory,Excretory system,O•,Focused X-ray response,Focused beam,Focused beam: 0.5 Gy/s × 10 s,0.5,10.0,5.0,105904707.04332745,1.6967804705543445e-11,0.0021311685615684997,187.4408822630968,0.0004262337123137,255641.81983592335
Species0.root,999.9990000000004,0,H3O^1,7134,100,207.9388757033988,443.6458362375493,2.079388757033988,caseB_focused_1p0Gy_s_10s_full,1,body,Residual body envelope,H₃O⁺,Focused X-ray response,Focused beam,Focused beam: 1 Gy/s × 10 s,1.0,10.0,10.0,452510190130.2607,7.25001253273601e-08,9.106068256252795,10.032439362984112,0.9106068256252796,9409446018.001764
Species0.root,999.9990000000004,1,°OH^0,4868,100,130.23626472231973,183.06696418941175,1.3023626472231973,caseB_focused_1p0Gy_s_10s_full,1,body,Residual body envelope,•OH,Focused X-ray response,Focused beam,Focused beam: 1 Gy/s × 10 s,1.0,10.0,10.0,452510190130.2607,7.25001253273601e-08,9.106068256252795,10.032439362984112,0.9106068256252796,5893323691.135186
Species0.root,999.9990000000004,2,OH^-1,2471,100,74.37771451664533,57.91401359825154,0.7437771451664532,caseB_focused_1p0Gy_s_10s_full,1,body,Residual body envelope,OH⁻,Focused X-ray response,Focused beam,Focused beam: 1 Gy/s × 10 s,1.0,10.0,10.0,452510190130.2607,7.25001253273601e-08,9.106068256252795,10.032439362984112,0.9106068256252796,3365667373.7381425
Species0.root,999.9990000000004,3,e_aq^-1,4779,100,139.37279451832916,204.48135731341355,1.3937279451832916,caseB_focused_1p0Gy_s_10s_full,1,body,Residual body envelope,e⁻aq,Focused X-ray response,Focused beam,Focused beam: 1 Gy/s × 10 s,1.0,10.0,10.0,452510190130.2607,7.25001253273601e-08,9.106068256252795,10.032439362984112,0.9106068256252796,6306760974.647488
Species0.root,999.9990000000004,4,H^0,2567,100,76.88718118967616,61.65546937964149,0.7688718118967616,caseB_focused_1p0Gy_s_10s_full,1,body,Residual body envelope,H•,Focused X-ray response,Focused beam,Focused beam: 1 Gy/s × 10 s,1.0,10.0,10.0,452510190130.2607,7.25001253273601e-08,9.106068256252795,10.032439362984112,0.9106068256252796,3479223297.872016
Species0.root,999.9990000000004,5,H_2^0,2384,100,74.74895579646949,59.58550591618087,0.7474895579646949,caseB_focused_1p0Gy_s_10s_full,1,body,Residual body envelope,H₂,Focused X-ray response,Focused beam,Focused beam: 1 Gy/s × 10 s,1.0,10.0,10.0,452510190130.2607,7.25001253273601e-08,9.106068256252795,10.032439362984112,0.9106068256252796,3382466419.949886
Species0.root,999.9990000000004,6,H2O2^0,2892,100,93.64924003699888,91.68862575287336,0.9364924003699888,caseB_focused_1p0Gy_s_10s_full,1,body,Residual body envelope,H₂O₂,Focused X-ray response,Focused beam,Focused beam: 1 Gy/s × 10 s,1.0,10.0,10.0,452510190130.2607,7.25001253273601e-08,9.106068256252795,10.032439362984112,0.9106068256252796,4237723541.4696784
Species0.root,999.9990000000004,9,°O^0,673,100,21.205754586525565,5.790685571849094,0.2120575458652556,caseB_focused_1p0Gy_s_10s_full,1,body,Residual body envelope,O•,Focused X-ray response,Focused beam,Focused beam: 1 Gy/s × 10 s,1.0,10.0,10.0,452510190130.2607,7.25001253273601e-08,9.106068256252795,10.032439362984112,0.9106068256252796,959582003.9804329
Species0.root,999.9990000000004,0,H3O^1,13986,100,220.0003064050485,492.0300319577232,2.200003064050485,caseB_focused_1p0Gy_s_10s_full,2,nervous,Nervous system,H₃O⁺,Focused X-ray response,Focused beam,Focused beam: 1 Gy/s × 10 s,1.0,10.0,10.0,15616524273.402409,2.5020430295139166e-09,0.31425841685044803,154.94445315295496,0.0314258416850448,343564012.5130407
Species0.root,999.9990000000004,1,°OH^0,9706,100,147.93108337049088,228.3278050359711,1.4793108337049088,caseB_focused_1p0Gy_s_10s_full,2,nervous,Nervous system,•OH,Focused X-ray response,Focused beam,Focused beam: 1 Gy/s × 10 s,1.0,10.0,10.0,15616524273.402409,2.5020430295139166e-09,0.31425841685044803,154.94445315295496,0.0314258416850448,231016935.4245986
Species0.root,999.9990000000004,2,OH^-1,4672,100,76.69182923162474,60.28453922076116,0.7669182923162474,caseB_focused_1p0Gy_s_10s_full,2,nervous,Nervous system,OH⁻,Focused X-ray response,Focused beam,Focused beam: 1 Gy/s × 10 s,1.0,10.0,10.0,15616524273.402409,2.5020430295139166e-09,0.31425841685044803,154.94445315295496,0.0314258416850448,119765981.27673002
Species0.root,999.9990000000004,3,e_aq^-1,9466,100,146.46880761376727,220.62479434786783,1.4646880761376726,caseB_focused_1p0Gy_s_10s_full,2,nervous,Nervous system,e⁻aq,Focused X-ray response,Focused beam,Focused beam: 1 Gy/s × 10 s,1.0,10.0,10.0,15616524273.402409,2.5020430295139166e-09,0.31425841685044803,154.94445315295496,0.0314258416850448,228733368.93967038
Species0.root,999.9990000000004,4,H^0,4798,100,79.38557956208454,64.51670169880212,0.7938557956208454,caseB_focused_1p0Gy_s_10s_full,2,nervous,Nervous system,H•,Focused X-ray response,Focused beam,Focused beam: 1 Gy/s × 10 s,1.0,10.0,10.0,15616524273.402409,2.5020430295139166e-09,0.31425841685044803,154.94445315295496,0.0314258416850448,123972683.01894113
Species0.root,999.9990000000004,5,H_2^0,4153,100,70.50839486000045,51.03440125341151,0.7050839486000045,caseB_focused_1p0Gy_s_10s_full,2,nervous,Nervous system,H₂,Focused X-ray response,Focused beam,Focused beam: 1 Gy/s × 10 s,1.0,10.0,10.0,15616524273.402409,2.5020430295139166e-09,0.31425841685044803,154.94445315295496,0.0314258416850448,110109605.98098385
Species0.root,999.9990000000004,6,H2O2^0,5197,100,87.7513285303389,78.8033628984144,0.8775132853033889,caseB_focused_1p0Gy_s_10s_full,2,nervous,Nervous system,H₂O₂,Focused X-ray response,Focused beam,Focused beam: 1 Gy/s × 10 s,1.0,10.0,10.0,15616524273.402409,2.5020430295139166e-09,0.31425841685044803,154.94445315295496,0.0314258416850448,137037075.20173466
Species0.root,999.9990000000004,9,°O^0,1159,100,20.1385530121703,4.607117999956021,0.201385530121703,caseB_focused_1p0Gy_s_10s_full,2,nervous,Nervous system,O•,Focused X-ray response,Focused beam,Focused beam: 1 Gy/s × 10 s,1.0,10.0,10.0,15616524273.402409,2.5020430295139166e-09,0.31425841685044803,154.94445315295496,0.0314258416850448,31449420.194575865
Species0.root,999.9990000000004,0,H3O^1,7561,100,211.14509339927716,454.7170047970933,2.111450933992771,caseB_focused_1p0Gy_s_10s_full,3,bodywall,Body wall muscle,H₃O⁺,Focused X-ray response,Focused beam,Focused beam: 1 Gy/s × 10 s,1.0,10.0,10.0,7809271616.725834,1.2511832512877533e-09,0.157149522650645,7.466051158457321,0.0157149522650645,164888938.48939
Species0.root,999.9990000000004,1,°OH^0,5047,100,134.25668607453014,189.9223187314108,1.3425668607453014,caseB_focused_1p0Gy_s_10s_full,3,bodywall,Body wall muscle,•OH,Focused X-ray response,Focused beam,Focused beam: 1 Gy/s × 10 s,1.0,10.0,10.0,7809271616.725834,1.2511832512877533e-09,0.157149522650645,7.466051158457321,0.0157149522650645,104844692.79174986
Species0.root,999.9990000000004,2,OH^-1,2746,100,78.453062924328,64.23308083603038,0.78453062924328,caseB_focused_1p0Gy_s_10s_full,3,bodywall,Body wall muscle,OH⁻,Focused X-ray response,Focused beam,Focused beam: 1 Gy/s × 10 s,1.0,10.0,10.0,7809271616.725834,1.2511832512877533e-09,0.157149522650645,7.466051158457321,0.0157149522650645,61266127.75401605
Species0.root,999.9990000000004,3,e_aq^-1,4942,100,137.72255825594007,196.68178811871388,1.3772255825594006,caseB_focused_1p0Gy_s_10s_full,3,bodywall,Body wall muscle,e⁻aq,Focused X-ray response,Focused beam,Focused beam: 1 Gy/s × 10 s,1.0,10.0,10.0,7809271616.725834,1.2511832512877533e-09,0.157149522650645,7.466051158457321,0.0157149522650645,107551286.5170983
Species0.root,999.9990000000004,4,H^0,2636,100,74.80033705672506,59.14239634424764,0.7480033705672505,caseB_focused_1p0Gy_s_10s_full,3,bodywall,Body wall muscle,H•,Focused X-ray response,Focused beam,Focused beam: 1 Gy/s × 10 s,1.0,10.0,10.0,7809271616.725834,1.2511832512877533e-09,0.157149522650645,7.466051158457321,0.0157149522650645,58413614.90986086
Species0.root,999.9990000000004,5,H_2^0,2674,100,74.99283887905403,58.30386330373766,0.7499283887905404,caseB_focused_1p0Gy_s_10s_full,3,bodywall,Body wall muscle,H₂,Focused X-ray response,Focused beam,Focused beam: 1 Gy/s × 10 s,1.0,10.0,10.0,7809271616.725834,1.2511832512877533e-09,0.157149522650645,7.466051158457321,0.0157149522650645,58563944.811589025
Species0.root,999.9990000000004,6,H2O2^0,3193,100,92.56772129755552,88.35431982646963,0.9256772129755552,caseB_focused_1p0Gy_s_10s_full,3,bodywall,Body wall muscle,H₂O₂,Focused X-ray response,Focused beam,Focused beam: 1 Gy/s × 10 s,1.0,10.0,10.0,7809271616.725834,1.2511832512877533e-09,0.157149522650645,7.466051158457321,0.0157149522650645,72288647.85539877
Species0.root,999.9990000000004,9,°O^0,683,100,19.042958310070567,4.424019790466383,0.1904295831007056,caseB_focused_1p0Gy_s_10s_full,3,bodywall,Body wall muscle,O•,Focused X-ray response,Focused beam,Focused beam: 1 Gy/s × 10 s,1.0,10.0,10.0,7809271616.725834,1.2511832512877533e-09,0.157149522650645,7.466051158457321,0.0157149522650645,14871163.382932737
Species0.root,999.9990000000004,0,H3O^1,11795,100,221.6108797334161,502.49912051617866,2.2161087973341616,caseB_focused_1p0Gy_s_10s_full,4,digestive,Digestive system,H₃O⁺,Focused X-ray response,Focused beam,Focused beam: 1 Gy/s × 10 s,1.0,10.0,10.0,15309304761.841732,2.4528210372207756e-09,0.308076098964703,6.718989961104196,0.0308076098964703,339270849.63787234
Species0.root,999.9990000000004,1,°OH^0,8069,100,143.9989342766142,217.64776657828625,1.439989342766142,caseB_focused_1p0Gy_s_10s_full,4,digestive,Digestive system,•OH,Focused X-ray response,Focused beam,Focused beam: 1 Gy/s × 10 s,1.0,10.0,10.0,15309304761.841732,2.4528210372207756e-09,0.308076098964703,6.718989961104196,0.0308076098964703,220452357.02211046
Species0.root,999.9990000000004,2,OH^-1,4013,100,77.52096796066397,63.02811250871012,0.7752096796066397,caseB_focused_1p0Gy_s_10s_full,4,digestive,Digestive system,OH⁻,Focused X-ray response,Focused beam,Focused beam: 1 Gy/s × 10 s,1.0,10.0,10.0,15309304761.841732,2.4528210372207756e-09,0.308076098964703,6.718989961104196,0.0308076098964703,118679212.39427732
Species0.root,999.9990000000004,3,e_aq^-1,7919,100,148.87562760485957,235.07545053102416,1.4887562760485955,caseB_focused_1p0Gy_s_10s_full,4,digestive,Digestive system,e⁻aq,Focused X-ray response,Focused beam,Focused beam: 1 Gy/s × 10 s,1.0,10.0,10.0,15309304761.841732,2.4528210372207756e-09,0.308076098964703,6.718989961104196,0.0308076098964703,227918235.4613253
Species0.root,999.9990000000004,4,H^0,3939,100,77.46430458869932,63.13635974792466,0.7746430458869932,caseB_focused_1p0Gy_s_10s_full,4,digestive,Digestive system,H•,Focused X-ray response,Focused beam,Focused beam: 1 Gy/s × 10 s,1.0,10.0,10.0,15309304761.841732,2.4528210372207756e-09,0.308076098964703,6.718989961104196,0.0308076098964703,118592464.71125329
Species0.root,999.9990000000004,5,H_2^0,3529,100,72.08863569047121,53.59701730822887,0.720886356904712,caseB_focused_1p0Gy_s_10s_full,4,digestive,Digestive system,H₂,Focused X-ray response,Focused beam,Focused beam: 1 Gy/s × 10 s,1.0,10.0,10.0,15309304761.841732,2.4528210372207756e-09,0.308076098964703,6.718989961104196,0.0308076098964703,110362689.36508046
Species0.root,999.9990000000004,6,H2O2^0,4392,100,92.5650878126045,89.21228945318236,0.9256508781260452,caseB_focused_1p0Gy_s_10s_full,4,digestive,Digestive system,H₂O₂,Focused X-ray response,Focused beam,Focused beam: 1 Gy/s × 10 s,1.0,10.0,10.0,15309304761.841732,2.4528210372207756e-09,0.308076098964703,6.718989961104196,0.0308076098964703,141710713.96298045
Species0.root,999.9990000000004,9,°O^0,963,100,18.30118892028543,4.042468620617775,0.1830118892028543,caseB_focused_1p0Gy_s_10s_full,4,digestive,Digestive system,O•,Focused X-ray response,Focused beam,Focused beam: 1 Gy/s × 10 s,1.0,10.0,10.0,15309304761.841732,2.4528210372207756e-09,0.308076098964703,6.718989961104196,0.0308076098964703,28017847.86846909
Species0.root,999.9990000000004,0,H3O^1,14212,100,225.9016930894123,519.0565862024996,2.259016930894123,caseB_focused_1p0Gy_s_10s_full,5,reproductive,Reproductive system,H₃O⁺,Focused X-ray response,Focused beam,Focused beam: 1 Gy/s × 10 s,1.0,10.0,10.0,5475469817.682789,8.772669802063604e-10,0.11018536815827,4.709197480279784,0.011018536815827,123691790.22745176
Species0.root,999.9990000000004,1,°OH^0,9932,100,156.44468266058092,251.53790761090465,1.5644468266058091,caseB_focused_1p0Gy_s_10s_full,5,reproductive,Reproductive system,•OH,Focused X-ray response,Focused beam,Focused beam: 1 Gy/s × 10 s,1.0,10.0,10.0,5475469817.682789,8.772669802063604e-10,0.11018536815827,4.709197480279784,0.011018536815827,85660813.80449727
Species0.root,999.9990000000004,2,OH^-1,4818,100,77.23186466376913,60.95492225025931,0.7723186466376913,caseB_focused_1p0Gy_s_10s_full,5,reproductive,Reproductive system,OH⁻,Focused X-ray response,Focused beam,Focused beam: 1 Gy/s × 10 s,1.0,10.0,10.0,5475469817.682789,8.772669802063604e-10,0.11018536815827,4.709197480279784,0.011018536815827,42288074.392982975
Species0.root,999.9990000000004,3,e_aq^-1,9546,100,151.23803173309352,235.40644759318485,1.5123803173309351,caseB_focused_1p0Gy_s_10s_full,5,reproductive,Reproductive system,e⁻aq,Focused X-ray response,Focused beam,Focused beam: 1 Gy/s × 10 s,1.0,10.0,10.0,5475469817.682789,8.772669802063604e-10,0.11018536815827,4.709197480279784,0.011018536815827,82809927.80403054
Species0.root,999.9990000000004,4,H^0,4668,100,75.5259321688397,58.44568108784537,0.755259321688397,caseB_focused_1p0Gy_s_10s_full,5,reproductive,Reproductive system,H•,Focused X-ray response,Focused beam,Focused beam: 1 Gy/s × 10 s,1.0,10.0,10.0,5475469817.682789,8.772669802063604e-10,0.11018536815827,4.709197480279784,0.011018536815827,41353996.20428394
Species0.root,999.9990000000004,5,H_2^0,4414,100,71.65160525818825,52.92554634653816,0.7165160525818826,caseB_focused_1p0Gy_s_10s_full,5,reproductive,Reproductive system,H₂,Focused X-ray response,Focused beam,Focused beam: 1 Gy/s × 10 s,1.0,10.0,10.0,5475469817.682789,8.772669802063604e-10,0.11018536815827,4.709197480279784,0.011018536815827,39232620.19797312
Species0.root,999.9990000000004,6,H2O2^0,5325,100,86.65857126077631,76.42434435560591,0.8665857126077632,caseB_focused_1p0Gy_s_10s_full,5,reproductive,Reproductive system,H₂O₂,Focused X-ray response,Focused beam,Focused beam: 1 Gy/s × 10 s,1.0,10.0,10.0,5475469817.682789,8.772669802063604e-10,0.11018536815827,4.709197480279784,0.011018536815827,47449639.13818938
Species0.root,999.9990000000004,9,°O^0,1154,100,18.86857296436288,3.903926052319978,0.1886857296436287,caseB_focused_1p0Gy_s_10s_full,5,reproductive,Reproductive system,O•,Focused X-ray response,Focused beam,Focused beam: 1 Gy/s × 10 s,1.0,10.0,10.0,5475469817.682789,8.772669802063604e-10,0.11018536815827,4.709197480279784,0.011018536815827,10331430.176911436
Species0.root,999.9990000000004,0,H3O^1,1560,100,208.0475763197524,444.2920670746345,2.080475763197524,caseB_focused_1p0Gy_s_10s_full,6,excretory,Excretory system,H₃O⁺,Focused X-ray response,Focused beam,Focused beam: 1 Gy/s × 10 s,1.0,10.0,10.0,211809414.0866549,3.393560941108689e-11,0.0042623371231369995,374.8817645261936,0.0004262337123137,4406643.524243538
Species0.root,999.9990000000004,1,°OH^0,851,100,113.49262015904446,142.8030827278719,1.1349262015904449,caseB_focused_1p0Gy_s_10s_full,6,excretory,Excretory system,•OH,Focused X-ray response,Focused beam,Focused beam: 1 Gy/s × 10 s,1.0,10.0,10.0,211809414.0866549,3.393560941108689e-11,0.0042623371231369995,374.8817645261936,0.0004262337123137,2403880.5379046495
Species0.root,999.9990000000004,2,OH^-1,520,100,69.34919210658417,54.53160438954481,0.6934919210658417,caseB_focused_1p0Gy_s_10s_full,6,excretory,Excretory system,OH⁻,Focused X-ray response,Focused beam,Focused beam: 1 Gy/s × 10 s,1.0,10.0,10.0,211809414.0866549,3.393560941108689e-11,0.0042623371231369995,374.8817645261936,0.0004262337123137,1468881.1747478468
Species0.root,999.9990000000004,3,e_aq^-1,1140,100,152.03476731058834,244.2005636883398,1.5203476731058834,caseB_focused_1p0Gy_s_10s_full,6,excretory,Excretory system,e⁻aq,Focused X-ray response,Focused beam,Focused beam: 1 Gy/s × 10 s,1.0,10.0,10.0,211809414.0866549,3.393560941108689e-11,0.0042623371231369995,374.8817645261936,0.0004262337123137,3220239.4984856634
Species0.root,999.9990000000004,4,H^0,627,100,83.6191220208236,81.47726017889913,0.836191220208236,caseB_focused_1p0Gy_s_10s_full,6,excretory,Excretory system,H•,Focused X-ray response,Focused beam,Focused beam: 1 Gy/s × 10 s,1.0,10.0,10.0,211809414.0866549,3.393560941108689e-11,0.0042623371231369995,374.8817645261936,0.0004262337123137,1771131.724167115
Species0.root,999.9990000000004,5,H_2^0,543,100,72.41656021899075,58.60457810291916,0.7241656021899076,caseB_focused_1p0Gy_s_10s_full,6,excretory,Excretory system,H₂,Focused X-ray response,Focused beam,Focused beam: 1 Gy/s × 10 s,1.0,10.0,10.0,211809414.0866549,3.393560941108689e-11,0.0042623371231369995,374.8817645261936,0.0004262337123137,1533850.9190155396
Species0.root,999.9990000000004,6,H2O2^0,770,100,102.69014985013423,112.79825017563378,1.0269014985013425,caseB_focused_1p0Gy_s_10s_full,6,excretory,Excretory system,H₂O₂,Focused X-ray response,Focused beam,Focused beam: 1 Gy/s × 10 s,1.0,10.0,10.0,211809414.0866549,3.393560941108689e-11,0.0042623371231369995,374.8817645261936,0.0004262337123137,2175074.047222773
Species0.root,999.9990000000004,9,°O^0,181,100,24.138853406330263,8.377164275106198,0.2413885340633026,caseB_focused_1p0Gy_s_10s_full,6,excretory,Excretory system,O•,Focused X-ray response,Focused beam,Focused beam: 1 Gy/s × 10 s,1.0,10.0,10.0,211809414.0866549,3.393560941108689e-11,0.0042623371231369995,374.8817645261936,0.0004262337123137,511283.6396718467
Species0.root,999.9990000000004,0,H3O^1,7371,100,209.3887606584856,450.32620287212535,2.093887606584856,caseC_diffuse_0p19Gy_s_20s_full,1,body,Residual body envelope,H₃O⁺,Diffuse dose-response,Diffuse field,Diffuse field: 0.19 Gy/s × 20 s,0.19,20.0,3.8,175677416724.51172,2.8146625219749348e-08,3.5352365154806082,3.8948803124787204,0.9303253988106864,3678487656.3629823
Species0.root,999.9990000000004,1,°OH^0,4963,100,130.5226685465111,184.06709157371017,1.3052266854651111,caseC_diffuse_0p19Gy_s_20s_full,1,body,Residual body envelope,•OH,Diffuse dose-response,Diffuse field,Diffuse field: 0.19 Gy/s × 20 s,0.19,20.0,3.8,175677416724.51172,2.8146625219749348e-08,3.5352365154806082,3.8948803124787204,0.9303253988106864,2292988523.424075
Species0.root,999.9990000000004,2,OH^-1,2566,100,77.5038616631875,63.07640957794691,0.7750386166318749,caseC_diffuse_0p19Gy_s_20s_full,1,body,Residual body envelope,OH⁻,Diffuse dose-response,Diffuse field,Diffuse field: 0.19 Gy/s × 20 s,0.19,20.0,3.8,175677416724.51172,2.8146625219749348e-08,3.5352365154806082,3.8948803124787204,0.9303253988106864,1361567820.3162696
Species0.root,999.9990000000004,3,e_aq^-1,4921,100,137.47737820682858,199.4202202935059,1.3747737820682857,caseC_diffuse_0p19Gy_s_20s_full,1,body,Residual body envelope,e⁻aq,Diffuse dose-response,Diffuse field,Diffuse field: 0.19 Gy/s × 20 s,0.19,20.0,3.8,175677416724.51172,2.8146625219749348e-08,3.5352365154806082,3.8948803124787204,0.9303253988106864,2415167066.1434326
Species0.root,999.9990000000004,4,H^0,2572,100,76.72640794579567,61.53526077371729,0.7672640794579567,caseC_diffuse_0p19Gy_s_20s_full,1,body,Residual body envelope,H•,Diffuse dose-response,Diffuse field,Diffuse field: 0.19 Gy/s × 20 s,0.19,20.0,3.8,175677416724.51172,2.8146625219749348e-08,3.5352365154806082,3.8948803124787204,0.9303253988106864,1347909714.2468433
Species0.root,999.9990000000004,5,H_2^0,2419,100,75.19936084534258,59.70355344029425,0.7519936084534258,caseC_diffuse_0p19Gy_s_20s_full,1,body,Residual body envelope,H₂,Diffuse dose-response,Diffuse field,Diffuse field: 0.19 Gy/s × 20 s,0.19,20.0,3.8,175677416724.51172,2.8146625219749348e-08,3.5352365154806082,3.8948803124787204,0.9303253988106864,1321082945.264418
Species0.root,999.9990000000004,6,H2O2^0,2933,100,92.44888855994505,90.02878673463916,0.9244888855994504,caseC_diffuse_0p19Gy_s_20s_full,1,body,Residual body envelope,H₂O₂,Diffuse dose-response,Diffuse field,Diffuse field: 0.19 Gy/s × 20 s,0.19,20.0,3.8,175677416724.51172,2.8146625219749348e-08,3.5352365154806082,3.8948803124787204,0.9303253988106864,1624118192.1263409
Species0.root,999.9990000000004,9,°O^0,693,100,21.79479148268892,5.732852579381575,0.2179479148268892,caseC_diffuse_0p19Gy_s_20s_full,1,body,Residual body envelope,O•,Diffuse dose-response,Diffuse field,Diffuse field: 0.19 Gy/s × 20 s,0.19,20.0,3.8,175677416724.51172,2.8146625219749348e-08,3.5352365154806082,3.8948803124787204,0.9303253988106864,382885266.572818
Species0.root,999.9990000000004,0,H3O^1,7588,100,203.47283246731809,421.4876818693349,2.0347283246731807,caseC_diffuse_0p19Gy_s_20s_full,2,nervous,Nervous system,H₃O⁺,Diffuse dose-response,Diffuse field,Diffuse field: 0.19 Gy/s × 20 s,0.19,20.0,3.8,1669419294.092466,2.674704585343723e-10,0.03359448333292852,16.56368953024352,0.0088406535086654,33968147.23445848
Species0.root,999.9990000000004,1,°OH^0,5110,100,135.94770723592586,192.39037897965036,1.3594770723592586,caseC_diffuse_0p19Gy_s_20s_full,2,nervous,Nervous system,•OH,Diffuse dose-response,Diffuse field,Diffuse field: 0.19 Gy/s × 20 s,0.19,20.0,3.8,1669419294.092466,2.674704585343723e-10,0.03359448333292852,16.56368953024352,0.0088406535086654,22695372.54472886
Species0.root,999.9990000000004,2,OH^-1,2786,100,75.06620534698456,58.18349551964277,0.7506620534698456,caseC_diffuse_0p19Gy_s_20s_full,2,nervous,Nervous system,OH⁻,Diffuse dose-response,Diffuse field,Diffuse field: 0.19 Gy/s × 20 s,0.19,20.0,3.8,1669419294.092466,2.674704585343723e-10,0.03359448333292852,16.56368953024352,0.0088406535086654,12531697.154056307
Species0.root,999.9990000000004,3,e_aq^-1,4920,100,131.6754199304796,179.1407321784218,1.316754199304796,caseC_diffuse_0p19Gy_s_20s_full,2,nervous,Nervous system,e⁻aq,Diffuse dose-response,Diffuse field,Diffuse field: 0.19 Gy/s × 20 s,0.19,20.0,3.8,1669419294.092466,2.674704585343723e-10,0.03359448333292852,16.56368953024352,0.0088406535086654,21982148.65896703
Species0.root,999.9990000000004,4,H^0,2844,100,76.31059370415085,60.448498115716376,0.7631059370415084,caseC_diffuse_0p19Gy_s_20s_full,2,nervous,Nervous system,H•,Diffuse dose-response,Diffuse field,Diffuse field: 0.19 Gy/s × 20 s,0.19,20.0,3.8,1669419294.092466,2.674704585343723e-10,0.03359448333292852,16.56368953024352,0.0088406535086654,12739437.747336049
Species0.root,999.9990000000004,5,H_2^0,2794,100,75.34809871036602,58.436139134523685,0.7534809871036602,caseC_diffuse_0p19Gy_s_20s_full,2,nervous,Nervous system,H₂,Diffuse dose-response,Diffuse field,Diffuse field: 0.19 Gy/s × 20 s,0.19,20.0,3.8,1669419294.092466,2.674704585343723e-10,0.03359448333292852,16.56368953024352,0.0088406535086654,12578756.97602687
Species0.root,999.9990000000004,6,H2O2^0,3343,100,90.46744915081575,83.83171547933037,0.9046744915081576,caseC_diffuse_0p19Gy_s_20s_full,2,nervous,Nervous system,H₂O₂,Diffuse dose-response,Diffuse field,Diffuse field: 0.19 Gy/s × 20 s,0.19,20.0,3.8,1669419294.092466,2.674704585343723e-10,0.03359448333292852,16.56368953024352,0.0088406535086654,15102810.509970091
Species0.root,999.9990000000004,9,°O^0,719,100,19.26540635382953,4.268663961832393,0.1926540635382952,caseC_diffuse_0p19Gy_s_20s_full,2,nervous,Nervous system,O•,Diffuse dose-response,Diffuse field,Diffuse field: 0.19 Gy/s × 20 s,0.19,20.0,3.8,1669419294.092466,2.674704585343723e-10,0.03359448333292852,16.56368953024352,0.0088406535086654,3216204.107561459
Species0.root,999.9990000000004,0,H3O^1,11123,100,225.3055190169215,517.1552510484148,2.253055190169215,caseC_diffuse_0p19Gy_s_20s_full,3,bodywall,Body wall muscle,H₃O⁺,Diffuse dose-response,Diffuse field,Diffuse field: 0.19 Gy/s × 20 s,0.19,20.0,3.8,3898331257.1065483,6.245815251727958e-10,0.07844789197449303,3.7269981153983145,0.0206441820985508,87831554.7182279
Species0.root,999.9990000000004,1,°OH^0,7518,100,143.11396982207356,216.0741928932012,1.4311396982207356,caseC_diffuse_0p19Gy_s_20s_full,3,bodywall,Body wall muscle,•OH,Diffuse dose-response,Diffuse field,Diffuse field: 0.19 Gy/s × 20 s,0.19,20.0,3.8,3898331257.1065483,6.245815251727958e-10,0.07844789197449303,3.7269981153983145,0.0206441820985508,55790566.188599266
Species0.root,999.9990000000004,2,OH^-1,3840,100,80.31322351051185,67.05213046910438,0.8031322351051184,caseC_diffuse_0p19Gy_s_20s_full,3,bodywall,Body wall muscle,OH⁻,Diffuse dose-response,Diffuse field,Diffuse field: 0.19 Gy/s × 20 s,0.19,20.0,3.8,3898331257.1065483,6.245815251727958e-10,0.07844789197449303,3.7269981153983145,0.0206441820985508,31308754.957001284
Species0.root,999.9990000000004,3,e_aq^-1,7417,100,149.7743472626248,233.06328682348948,1.497743472626248,caseC_diffuse_0p19Gy_s_20s_full,3,bodywall,Body wall muscle,e⁻aq,Diffuse dose-response,Diffuse field,Diffuse field: 0.19 Gy/s × 20 s,0.19,20.0,3.8,3898331257.1065483,6.245815251727958e-10,0.07844789197449303,3.7269981153983145,0.0206441820985508,58387001.94466209
Species0.root,999.9990000000004,4,H^0,3781,100,77.43255994136655,63.302176145256325,0.7743255994136655,caseC_diffuse_0p19Gy_s_20s_full,3,bodywall,Body wall muscle,H•,Diffuse dose-response,Diffuse field,Diffuse field: 0.19 Gy/s × 20 s,0.19,20.0,3.8,3898331257.1065483,6.245815251727958e-10,0.07844789197449303,3.7269981153983145,0.0206441820985508,30185776.873720564
Species0.root,999.9990000000004,5,H_2^0,3388,100,70.27377922308868,51.50695616011804,0.7027377922308868,caseC_diffuse_0p19Gy_s_20s_full,3,bodywall,Body wall muscle,H₂,Diffuse dose-response,Diffuse field,Diffuse field: 0.19 Gy/s × 20 s,0.19,20.0,3.8,3898331257.1065483,6.245815251727958e-10,0.07844789197449303,3.7269981153983145,0.0206441820985508,27395047.010037135
Species0.root,999.9990000000004,6,H2O2^0,4201,100,89.93939197154319,84.16679712936985,0.8993939197154319,caseC_diffuse_0p19Gy_s_20s_full,3,bodywall,Body wall muscle,H₂O₂,Diffuse dose-response,Diffuse field,Diffuse field: 0.19 Gy/s × 20 s,0.19,20.0,3.8,3898331257.1065483,6.245815251727958e-10,0.07844789197449303,3.7269981153983145,0.0206441820985508,35061354.29678246
Species0.root,999.9990000000004,9,°O^0,960,100,19.98983006439684,4.877223281063476,0.1998983006439684,caseC_diffuse_0p19Gy_s_20s_full,3,bodywall,Body wall muscle,O•,Diffuse dose-response,Diffuse field,Diffuse field: 0.19 Gy/s × 20 s,0.19,20.0,3.8,3898331257.1065483,6.245815251727958e-10,0.07844789197449303,3.7269981153983145,0.0206441820985508,7792697.936428642
Species0.root,999.9990000000004,0,H3O^1,9969,100,215.4815974342227,471.172213539255,2.154815974342227,caseC_diffuse_0p19Gy_s_20s_full,4,digestive,Digestive system,H₃O⁺,Diffuse dose-response,Diffuse field,Diffuse field: 0.19 Gy/s × 20 s,0.19,20.0,3.8,2458628286.555647,3.939156792410913e-10,0.04947609464371352,1.0790495736049923,0.0130200249062404,52978915.06839766
Species0.root,999.9990000000004,1,°OH^0,6800,100,146.48554886369465,220.8958535720324,1.4648554886369465,caseC_diffuse_0p19Gy_s_20s_full,4,digestive,Digestive system,•OH,Diffuse dose-response,Diffuse field,Diffuse field: 0.19 Gy/s × 20 s,0.19,20.0,3.8,2458628286.555647,3.939156792410913e-10,0.04947609464371352,1.0790495736049923,0.0130200249062404,36015351.4007909
Species0.root,999.9990000000004,2,OH^-1,3512,100,76.1200234958462,59.45123605212712,0.761200234958462,caseC_diffuse_0p19Gy_s_20s_full,4,digestive,Digestive system,OH⁻,Diffuse dose-response,Diffuse field,Diffuse field: 0.19 Gy/s × 20 s,0.19,20.0,3.8,2458628286.555647,3.939156792410913e-10,0.04947609464371352,1.0790495736049923,0.0130200249062404,18715084.29401679
Species0.root,999.9990000000004,3,e_aq^-1,6591,100,142.36393424299473,207.1751939144405,1.4236393424299474,caseC_diffuse_0p19Gy_s_20s_full,4,digestive,Digestive system,e⁻aq,Diffuse dose-response,Diffuse field,Diffuse field: 0.19 Gy/s × 20 s,0.19,20.0,3.8,2458628286.555647,3.939156792410913e-10,0.04947609464371352,1.0790495736049923,0.0130200249062404,35001999.57151749
Species0.root,999.9990000000004,4,H^0,3631,100,78.72024657939068,63.75069831161231,0.7872024657939067,caseC_diffuse_0p19Gy_s_20s_full,4,digestive,Digestive system,H•,Diffuse dose-response,Diffuse field,Diffuse field: 0.19 Gy/s × 20 s,0.19,20.0,3.8,2458628286.555647,3.939156792410913e-10,0.04947609464371352,1.0790495736049923,0.0130200249062404,19354382.49647253
Species0.root,999.9990000000004,5,H_2^0,3326,100,72.25078500865197,53.636223378240096,0.7225078500865197,caseC_diffuse_0p19Gy_s_20s_full,4,digestive,Digestive system,H₂,Diffuse dose-response,Diffuse field,Diffuse field: 0.19 Gy/s × 20 s,0.19,20.0,3.8,2458628286.555647,3.939156792410913e-10,0.04947609464371352,1.0790495736049923,0.0130200249062404,17763782.37481224
Species0.root,999.9990000000004,6,H2O2^0,4061,100,88.47045864540101,79.48888057246211,0.8847045864540101,caseC_diffuse_0p19Gy_s_20s_full,4,digestive,Digestive system,H₂O₂,Diffuse dose-response,Diffuse field,Diffuse field: 0.19 Gy/s × 20 s,0.19,20.0,3.8,2458628286.555647,3.939156792410913e-10,0.04947609464371352,1.0790495736049923,0.0130200249062404,21751597.21501345
Species0.root,999.9990000000004,9,°O^0,909,100,19.578462190287254,4.313113510763289,0.1957846219028725,caseC_diffuse_0p19Gy_s_20s_full,4,digestive,Digestive system,O•,Diffuse dose-response,Diffuse field,Diffuse field: 0.19 Gy/s × 20 s,0.19,20.0,3.8,2458628286.555647,3.939156792410913e-10,0.04947609464371352,1.0790495736049923,0.0130200249062404,4813616.0948300455
Species0.root,999.9990000000004,0,H3O^1,18730,100,228.830381937379,534.1399572156881,2.28830381937379,caseC_diffuse_0p19Gy_s_20s_full,5,reproductive,Reproductive system,H₃O⁺,Diffuse dose-response,Diffuse field,Diffuse field: 0.19 Gy/s × 20 s,0.19,20.0,3.8,4793615984.386188,7.680219522552458e-10,0.09646411351647037,4.122766642270279,0.0253852930306501,109692497.65682164
Species0.root,999.9990000000004,1,°OH^0,13284,100,157.49261077124496,259.29266141890685,1.5749261077124497,caseC_diffuse_0p19Gy_s_20s_full,5,reproductive,Reproductive system,•OH,Diffuse dose-response,Diffuse field,Diffuse field: 0.19 Gy/s × 20 s,0.19,20.0,3.8,4793615984.386188,7.680219522552458e-10,0.09646411351647037,4.122766642270279,0.0253852930306501,75495909.64157522
Species0.root,999.9990000000004,2,OH^-1,5952,100,76.7680873426036,60.26528068290108,0.767680873426036,caseC_diffuse_0p19Gy_s_20s_full,5,reproductive,Reproductive system,OH⁻,Diffuse dose-response,Diffuse field,Diffuse field: 0.19 Gy/s × 20 s,0.19,20.0,3.8,4793615984.386188,7.680219522552458e-10,0.09646411351647037,4.122766642270279,0.0253852930306501,36799673.05762596
Species0.root,999.9990000000004,3,e_aq^-1,12937,100,154.8655662853988,248.66438974373293,1.548655662853988,caseC_diffuse_0p19Gy_s_20s_full,5,reproductive,Reproductive system,e⁻aq,Diffuse dose-response,Diffuse field,Diffuse field: 0.19 Gy/s × 20 s,0.19,20.0,3.8,4793615984.386188,7.680219522552458e-10,0.09646411351647037,4.122766642270279,0.0253852930306501,74236605.39767064
Species0.root,999.9990000000004,4,H^0,5930,100,76.14111728510161,60.151344835972,0.7614111728510161,caseC_diffuse_0p19Gy_s_20s_full,5,reproductive,Reproductive system,H•,Diffuse dose-response,Diffuse field,Diffuse field: 0.19 Gy/s × 20 s,0.19,20.0,3.8,4793615984.386188,7.680219522552458e-10,0.09646411351647037,4.122766642270279,0.0253852930306501,36499127.68868865
Species0.root,999.9990000000004,5,H_2^0,5197,100,69.89271469502533,50.351569353209136,0.6989271469502534,caseC_diffuse_0p19Gy_s_20s_full,5,reproductive,Reproductive system,H₂,Diffuse dose-response,Diffuse field,Diffuse field: 0.19 Gy/s × 20 s,0.19,20.0,3.8,4793615984.386188,7.680219522552458e-10,0.09646411351647037,4.122766642270279,0.0253852930306501,33503883.435421687
Species0.root,999.9990000000004,6,H2O2^0,6480,100,86.87841243023855,77.24002918647676,0.8687841243023855,caseC_diffuse_0p19Gy_s_20s_full,5,reproductive,Reproductive system,H₂O₂,Diffuse dose-response,Diffuse field,Diffuse field: 0.19 Gy/s × 20 s,0.19,20.0,3.8,4793615984.386188,7.680219522552458e-10,0.09646411351647037,4.122766642270279,0.0253852930306501,41646174.65236872
Species0.root,999.9990000000004,9,°O^0,1429,100,18.369702819102848,3.722448538781028,0.1836970281910284,caseC_diffuse_0p19Gy_s_20s_full,5,reproductive,Reproductive system,O•,Diffuse dose-response,Diffuse field,Diffuse field: 0.19 Gy/s × 20 s,0.19,20.0,3.8,4793615984.386188,7.680219522552458e-10,0.09646411351647037,4.122766642270279,0.0253852930306501,8805730.106207538
Species0.root,999.9990000000004,0,H3O^1,5030,100,195.069186153904,388.4262842201446,1.95069186153904,caseC_diffuse_0p19Gy_s_20s_full,6,excretory,Excretory system,H₃O⁺,Diffuse dose-response,Diffuse field,Diffuse field: 0.19 Gy/s × 20 s,0.19,20.0,3.8,336965058.6674574,5.398775434714394e-11,0.00678090105178584,596.3949068158428,0.0017844476452068,6573149.975656343
Species0.root,999.9990000000004,1,°OH^0,3184,100,123.47918264692451,158.83507653539175,1.2347918264692452,caseC_diffuse_0p19Gy_s_20s_full,6,excretory,Excretory system,•OH,Diffuse dose-response,Diffuse field,Diffuse field: 0.19 Gy/s × 20 s,0.19,20.0,3.8,336965058.6674574,5.398775434714394e-11,0.00678090105178584,596.3949068158428,0.0017844476452068,4160817.0024830606
Species0.root,999.9990000000004,2,OH^-1,1980,100,76.78667765103972,61.23294485429349,0.7678667765103973,caseC_diffuse_0p19Gy_s_20s_full,6,excretory,Excretory system,OH⁻,Diffuse dose-response,Diffuse field,Diffuse field: 0.19 Gy/s × 20 s,0.19,20.0,3.8,336965058.6674574,5.398775434714394e-11,0.00678090105178584,596.3949068158428,0.0017844476452068,2587442.733956174
Species0.root,999.9990000000004,3,e_aq^-1,3163,100,122.66477849001954,156.05722986972688,1.226647784900195,caseC_diffuse_0p19Gy_s_20s_full,6,excretory,Excretory system,e⁻aq,Diffuse dose-response,Diffuse field,Diffuse field: 0.19 Gy/s × 20 s,0.19,20.0,3.8,336965058.6674574,5.398775434714394e-11,0.00678090105178584,596.3949068158428,0.0017844476452068,4133374.428032009
Species0.root,999.9990000000004,4,H^0,1938,100,75.15786933722978,58.92885113918865,0.7515786933722979,caseC_diffuse_0p19Gy_s_20s_full,6,excretory,Excretory system,H•,Diffuse dose-response,Diffuse field,Diffuse field: 0.19 Gy/s × 20 s,0.19,20.0,3.8,336965058.6674574,5.398775434714394e-11,0.00678090105178584,596.3949068158428,0.0017844476452068,2532557.585054073
Species0.root,999.9990000000004,5,H_2^0,2011,100,77.98889331123277,63.14750836560447,0.7798889331123278,caseC_diffuse_0p19Gy_s_20s_full,6,excretory,Excretory system,H₂,Diffuse dose-response,Diffuse field,Diffuse field: 0.19 Gy/s × 20 s,0.19,20.0,3.8,336965058.6674574,5.398775434714394e-11,0.00678090105178584,596.3949068158428,0.0017844476452068,2627953.201002963
Species0.root,999.9990000000004,6,H2O2^0,2372,100,91.98888857993242,86.51781661561347,0.9198888857993244,caseC_diffuse_0p19Gy_s_20s_full,6,excretory,Excretory system,H₂O₂,Diffuse dose-response,Diffuse field,Diffuse field: 0.19 Gy/s × 20 s,0.19,20.0,3.8,336965058.6674574,5.398775434714394e-11,0.00678090105178584,596.3949068158428,0.0017844476452068,3099704.1237091133
Species0.root,999.9990000000004,9,°O^0,541,100,20.98060232788509,5.115027888427864,0.2098060232788509,caseC_diffuse_0p19Gy_s_20s_full,6,excretory,Excretory system,O•,Diffuse dose-response,Diffuse field,Diffuse field: 0.19 Gy/s × 20 s,0.19,20.0,3.8,336965058.6674574,5.398775434714394e-11,0.00678090105178584,596.3949068158428,0.0017844476452068,706972.9894294392
Species0.root,999.9990000000004,0,H3O^1,7371,100,209.3887606584856,450.32620287212535,2.093887606584856,caseC_diffuse_0p38Gy_s_20s_full,1,body,Residual body envelope,H₃O⁺,Diffuse dose-response,Diffuse field,Diffuse field: 0.38 Gy/s × 20 s,0.38,20.0,7.6,351354833449.02344,5.6293250439498695e-08,7.0704730309612165,7.789760624957441,0.9303253988106864,7356975312.725965
Species0.root,999.9990000000004,1,°OH^0,4963,100,130.5226685465111,184.06709157371017,1.3052266854651111,caseC_diffuse_0p38Gy_s_20s_full,1,body,Residual body envelope,•OH,Diffuse dose-response,Diffuse field,Diffuse field: 0.38 Gy/s × 20 s,0.38,20.0,7.6,351354833449.02344,5.6293250439498695e-08,7.0704730309612165,7.789760624957441,0.9303253988106864,4585977046.84815
Species0.root,999.9990000000004,2,OH^-1,2566,100,77.5038616631875,63.07640957794691,0.7750386166318749,caseC_diffuse_0p38Gy_s_20s_full,1,body,Residual body envelope,OH⁻,Diffuse dose-response,Diffuse field,Diffuse field: 0.38 Gy/s × 20 s,0.38,20.0,7.6,351354833449.02344,5.6293250439498695e-08,7.0704730309612165,7.789760624957441,0.9303253988106864,2723135640.6325393
Species0.root,999.9990000000004,3,e_aq^-1,4921,100,137.47737820682858,199.4202202935059,1.3747737820682857,caseC_diffuse_0p38Gy_s_20s_full,1,body,Residual body envelope,e⁻aq,Diffuse dose-response,Diffuse field,Diffuse field: 0.38 Gy/s × 20 s,0.38,20.0,7.6,351354833449.02344,5.6293250439498695e-08,7.0704730309612165,7.789760624957441,0.9303253988106864,4830334132.286865
Species0.root,999.9990000000004,4,H^0,2572,100,76.72640794579567,61.53526077371729,0.7672640794579567,caseC_diffuse_0p38Gy_s_20s_full,1,body,Residual body envelope,H•,Diffuse dose-response,Diffuse field,Diffuse field: 0.38 Gy/s × 20 s,0.38,20.0,7.6,351354833449.02344,5.6293250439498695e-08,7.0704730309612165,7.789760624957441,0.9303253988106864,2695819428.4936867
Species0.root,999.9990000000004,5,H_2^0,2419,100,75.19936084534258,59.70355344029425,0.7519936084534258,caseC_diffuse_0p38Gy_s_20s_full,1,body,Residual body envelope,H₂,Diffuse dose-response,Diffuse field,Diffuse field: 0.38 Gy/s × 20 s,0.38,20.0,7.6,351354833449.02344,5.6293250439498695e-08,7.0704730309612165,7.789760624957441,0.9303253988106864,2642165890.528836
Species0.root,999.9990000000004,6,H2O2^0,2933,100,92.44888855994505,90.02878673463916,0.9244888855994504,caseC_diffuse_0p38Gy_s_20s_full,1,body,Residual body envelope,H₂O₂,Diffuse dose-response,Diffuse field,Diffuse field: 0.38 Gy/s × 20 s,0.38,20.0,7.6,351354833449.02344,5.6293250439498695e-08,7.0704730309612165,7.789760624957441,0.9303253988106864,3248236384.2526817
Species0.root,999.9990000000004,9,°O^0,693,100,21.79479148268892,5.732852579381575,0.2179479148268892,caseC_diffuse_0p38Gy_s_20s_full,1,body,Residual body envelope,O•,Diffuse dose-response,Diffuse field,Diffuse field: 0.38 Gy/s × 20 s,0.38,20.0,7.6,351354833449.02344,5.6293250439498695e-08,7.0704730309612165,7.789760624957441,0.9303253988106864,765770533.145636
Species0.root,999.9990000000004,0,H3O^1,7570,100,202.82742055209133,419.120839756505,2.0282742055209138,caseC_diffuse_0p38Gy_s_20s_full,2,nervous,Nervous system,H₃O⁺,Diffuse dose-response,Diffuse field,Diffuse field: 0.38 Gy/s × 20 s,0.38,20.0,7.6,3338838588.184932,5.349409170687447e-10,0.06718896666585704,33.12737906048704,0.0088406535086654,67720801.84813362
Species0.root,999.9990000000004,1,°OH^0,5105,100,135.9169417399379,192.2153135942181,1.359169417399379,caseC_diffuse_0p38Gy_s_20s_full,2,nervous,Nervous system,•OH,Diffuse dose-response,Diffuse field,Diffuse field: 0.38 Gy/s × 20 s,0.38,20.0,7.6,3338838588.184932,5.349409170687447e-10,0.06718896666585704,33.12737906048704,0.0088406535086654,45380472.98693879
Species0.root,999.9990000000004,2,OH^-1,2753,100,73.91011089936632,56.531022670937006,0.7391011089936632,caseC_diffuse_0p38Gy_s_20s_full,2,nervous,Nervous system,OH⁻,Diffuse dose-response,Diffuse field,Diffuse field: 0.38 Gy/s × 20 s,0.38,20.0,7.6,3338838588.184932,5.349409170687447e-10,0.06718896666585704,33.12737906048704,0.0088406535086654,24677393.032783203
Species0.root,999.9990000000004,3,e_aq^-1,4935,100,132.1861024628711,180.1521829794444,1.321861024628711,caseC_diffuse_0p38Gy_s_20s_full,2,nervous,Nervous system,e⁻aq,Diffuse dose-response,Diffuse field,Diffuse field: 0.38 Gy/s × 20 s,0.38,20.0,7.6,3338838588.184932,5.349409170687447e-10,0.06718896666585704,33.12737906048704,0.0088406535086654,44134805.97248013
Species0.root,999.9990000000004,4,H^0,2864,100,76.77202640726065,61.0850524448611,0.7677202640726065,caseC_diffuse_0p38Gy_s_20s_full,2,nervous,Nervous system,H•,Diffuse dose-response,Diffuse field,Diffuse field: 0.38 Gy/s × 20 s,0.38,20.0,7.6,3338838588.184932,5.349409170687447e-10,0.06718896666585704,33.12737906048704,0.0088406535086654,25632940.426171448
Species0.root,999.9990000000004,5,H_2^0,2788,100,75.19481901089169,58.29147319232221,0.7519481901089169,caseC_diffuse_0p38Gy_s_20s_full,2,nervous,Nervous system,H₂,Diffuse dose-response,Diffuse field,Diffuse field: 0.38 Gy/s × 20 s,0.38,20.0,7.6,3338838588.184932,5.349409170687447e-10,0.06718896666585704,33.12737906048704,0.0088406535086654,25106336.33451471
Species0.root,999.9990000000004,6,H2O2^0,3357,100,90.81560981708608,84.14871988047054,0.9081560981708608,caseC_diffuse_0p38Gy_s_20s_full,2,nervous,Nervous system,H₂O₂,Diffuse dose-response,Diffuse field,Diffuse field: 0.38 Gy/s × 20 s,0.38,20.0,7.6,3338838588.184932,5.349409170687447e-10,0.06718896666585704,33.12737906048704,0.0088406535086654,30321866.246683337
Species0.root,999.9990000000004,9,°O^0,719,100,19.26540635382953,4.268663961832393,0.1926540635382952,caseC_diffuse_0p38Gy_s_20s_full,2,nervous,Nervous system,O•,Diffuse dose-response,Diffuse field,Diffuse field: 0.38 Gy/s × 20 s,0.38,20.0,7.6,3338838588.184932,5.349409170687447e-10,0.06718896666585704,33.12737906048704,0.0088406535086654,6432408.215122918
Species0.root,999.9990000000004,0,H3O^1,11123,100,225.3055190169215,517.1552510484148,2.253055190169215,caseC_diffuse_0p38Gy_s_20s_full,3,bodywall,Body wall muscle,H₃O⁺,Diffuse dose-response,Diffuse field,Diffuse field: 0.38 Gy/s × 20 s,0.38,20.0,7.6,7796662514.213097,1.2491630503455915e-09,0.15689578394898607,7.453996230796629,0.0206441820985508,175663109.4364558
Species0.root,999.9990000000004,1,°OH^0,7518,100,143.11396982207356,216.0741928932012,1.4311396982207356,caseC_diffuse_0p38Gy_s_20s_full,3,bodywall,Body wall muscle,•OH,Diffuse dose-response,Diffuse field,Diffuse field: 0.38 Gy/s × 20 s,0.38,20.0,7.6,7796662514.213097,1.2491630503455915e-09,0.15689578394898607,7.453996230796629,0.0206441820985508,111581132.37719853
Species0.root,999.9990000000004,2,OH^-1,3840,100,80.31322351051185,67.05213046910438,0.8031322351051184,caseC_diffuse_0p38Gy_s_20s_full,3,bodywall,Body wall muscle,OH⁻,Diffuse dose-response,Diffuse field,Diffuse field: 0.38 Gy/s × 20 s,0.38,20.0,7.6,7796662514.213097,1.2491630503455915e-09,0.15689578394898607,7.453996230796629,0.0206441820985508,62617509.91400257
Species0.root,999.9990000000004,3,e_aq^-1,7417,100,149.7743472626248,233.06328682348948,1.497743472626248,caseC_diffuse_0p38Gy_s_20s_full,3,bodywall,Body wall muscle,e⁻aq,Diffuse dose-response,Diffuse field,Diffuse field: 0.38 Gy/s × 20 s,0.38,20.0,7.6,7796662514.213097,1.2491630503455915e-09,0.15689578394898607,7.453996230796629,0.0206441820985508,116774003.88932417
Species0.root,999.9990000000004,4,H^0,3781,100,77.43255994136655,63.302176145256325,0.7743255994136655,caseC_diffuse_0p38Gy_s_20s_full,3,bodywall,Body wall muscle,H•,Diffuse dose-response,Diffuse field,Diffuse field: 0.38 Gy/s × 20 s,0.38,20.0,7.6,7796662514.213097,1.2491630503455915e-09,0.15689578394898607,7.453996230796629,0.0206441820985508,60371553.74744113
Species0.root,999.9990000000004,5,H_2^0,3388,100,70.27377922308868,51.50695616011804,0.7027377922308868,caseC_diffuse_0p38Gy_s_20s_full,3,bodywall,Body wall muscle,H₂,Diffuse dose-response,Diffuse field,Diffuse field: 0.38 Gy/s × 20 s,0.38,20.0,7.6,7796662514.213097,1.2491630503455915e-09,0.15689578394898607,7.453996230796629,0.0206441820985508,54790094.02007427
Species0.root,999.9990000000004,6,H2O2^0,4201,100,89.93939197154319,84.16679712936985,0.8993939197154319,caseC_diffuse_0p38Gy_s_20s_full,3,bodywall,Body wall muscle,H₂O₂,Diffuse dose-response,Diffuse field,Diffuse field: 0.38 Gy/s × 20 s,0.38,20.0,7.6,7796662514.213097,1.2491630503455915e-09,0.15689578394898607,7.453996230796629,0.0206441820985508,70122708.59356491
Species0.root,999.9990000000004,9,°O^0,960,100,19.98983006439684,4.877223281063476,0.1998983006439684,caseC_diffuse_0p38Gy_s_20s_full,3,bodywall,Body wall muscle,O•,Diffuse dose-response,Diffuse field,Diffuse field: 0.38 Gy/s × 20 s,0.38,20.0,7.6,7796662514.213097,1.2491630503455915e-09,0.15689578394898607,7.453996230796629,0.0206441820985508,15585395.872857284
Species0.root,999.9990000000004,0,H3O^1,10024,100,216.94684379151212,477.5343060754684,2.1694684379151217,caseC_diffuse_0p38Gy_s_20s_full,4,digestive,Digestive system,H₃O⁺,Diffuse dose-response,Diffuse field,Diffuse field: 0.38 Gy/s × 20 s,0.38,20.0,7.6,4917256573.111294,7.878313584821826e-10,0.09895218928742704,2.1580991472099846,0.0130200249062404,106678329.36495622
Species0.root,999.9990000000004,1,°OH^0,6803,100,146.09416240995927,219.8217918831352,1.4609416240995927,caseC_diffuse_0p38Gy_s_20s_full,4,digestive,Digestive system,•OH,Diffuse dose-response,Diffuse field,Diffuse field: 0.38 Gy/s × 20 s,0.38,20.0,7.6,4917256573.111294,7.878313584821826e-10,0.09895218928742704,2.1580991472099846,0.0130200249062404,71838248.04035611
Species0.root,999.9990000000004,2,OH^-1,3618,100,78.56284499723867,63.08213921486144,0.7856284499723867,caseC_diffuse_0p38Gy_s_20s_full,4,digestive,Digestive system,OH⁻,Diffuse dose-response,Diffuse field,Diffuse field: 0.38 Gy/s × 20 s,0.38,20.0,7.6,4917256573.111294,7.878313584821826e-10,0.09895218928742704,2.1580991472099846,0.0130200249062404,38631366.596499555
Species0.root,999.9990000000004,3,e_aq^-1,6540,100,141.38635909889166,204.32303295904592,1.4138635909889166,caseC_diffuse_0p38Gy_s_20s_full,4,digestive,Digestive system,e⁻aq,Diffuse dose-response,Diffuse field,Diffuse field: 0.38 Gy/s × 20 s,0.38,20.0,7.6,4917256573.111294,7.878313584821826e-10,0.09895218928742704,2.1580991472099846,0.0130200249062404,69523300.36272988
Species0.root,999.9990000000004,4,H^0,3647,100,79.1150483097373,64.34757697105202,0.791150483097373,caseC_diffuse_0p38Gy_s_20s_full,4,digestive,Digestive system,H•,Diffuse dose-response,Diffuse field,Diffuse field: 0.38 Gy/s × 20 s,0.38,20.0,7.6,4917256573.111294,7.878313584821826e-10,0.09895218928742704,2.1580991472099846,0.0130200249062404,38902899.13330733
Species0.root,999.9990000000004,5,H_2^0,3340,100,72.60983010603253,54.26426263752059,0.7260983010603254,caseC_diffuse_0p38Gy_s_20s_full,4,digestive,Digestive system,H₂,Diffuse dose-response,Diffuse field,Diffuse field: 0.38 Gy/s × 20 s,0.38,20.0,7.6,4917256573.111294,7.878313584821826e-10,0.09895218928742704,2.1580991472099846,0.0130200249062404,35704116.43613828
Species0.root,999.9990000000004,6,H2O2^0,4056,100,88.73381026277104,80.02941096871285,0.8873381026277104,caseC_diffuse_0p38Gy_s_20s_full,4,digestive,Digestive system,H₂O₂,Diffuse dose-response,Diffuse field,Diffuse field: 0.38 Gy/s × 20 s,0.38,20.0,7.6,4917256573.111294,7.878313584821826e-10,0.09895218928742704,2.1580991472099846,0.0130200249062404,43632691.17718212
Species0.root,999.9990000000004,9,°O^0,909,100,19.578462190287254,4.313113510763289,0.1957846219028725,caseC_diffuse_0p38Gy_s_20s_full,4,digestive,Digestive system,O•,Diffuse dose-response,Diffuse field,Diffuse field: 0.38 Gy/s × 20 s,0.38,20.0,7.6,4917256573.111294,7.878313584821826e-10,0.09895218928742704,2.1580991472099846,0.0130200249062404,9627232.189660091
Species0.root,999.9990000000004,0,H3O^1,18743,100,229.08302107837548,536.1194593690254,2.2908302107837546,caseC_diffuse_0p38Gy_s_20s_full,5,reproductive,Reproductive system,H₃O⁺,Diffuse dose-response,Diffuse field,Diffuse field: 0.38 Gy/s × 20 s,0.38,20.0,7.6,9587231968.772375,1.5360439045104916e-09,0.19292822703294074,8.245533284540558,0.0253852930306501,219627206.3185557
Species0.root,999.9990000000004,1,°OH^0,13360,100,157.90908435377565,261.2832655220892,1.5790908435377562,caseC_diffuse_0p38Gy_s_20s_full,5,reproductive,Reproductive system,•OH,Diffuse dose-response,Diffuse field,Diffuse field: 0.38 Gy/s × 20 s,0.38,20.0,7.6,9587231968.772375,1.5360439045104916e-09,0.19292822703294074,8.245533284540558,0.0253852930306501,151391102.16760913
Species0.root,999.9990000000004,2,OH^-1,5870,100,76.1069545768456,58.98505696909035,0.761069545768456,caseC_diffuse_0p38Gy_s_20s_full,5,reproductive,Reproductive system,OH⁻,Diffuse dose-response,Diffuse field,Diffuse field: 0.38 Gy/s × 20 s,0.38,20.0,7.6,9587231968.772375,1.5360439045104916e-09,0.19292822703294074,8.245533284540558,0.0253852930306501,72965502.79650412
Species0.root,999.9990000000004,3,e_aq^-1,13032,100,155.77933819215326,251.668938785316,1.5577933819215326,caseC_diffuse_0p38Gy_s_20s_full,5,reproductive,Reproductive system,e⁻aq,Diffuse dose-response,Diffuse field,Diffuse field: 0.38 Gy/s × 20 s,0.38,20.0,7.6,9587231968.772375,1.5360439045104916e-09,0.19292822703294074,8.245533284540558,0.0253852930306501,149349265.1190015
Species0.root,999.9990000000004,4,H^0,5917,100,75.81879690490797,59.09745559277839,0.7581879690490797,caseC_diffuse_0p38Gy_s_20s_full,5,reproductive,Reproductive system,H•,Diffuse dose-response,Diffuse field,Diffuse field: 0.38 Gy/s × 20 s,0.38,20.0,7.6,9587231968.772375,1.5360439045104916e-09,0.19292822703294074,8.245533284540558,0.0253852930306501,72689239.35205938
Species0.root,999.9990000000004,5,H_2^0,5176,100,69.85797164720339,50.36376971446912,0.6985797164720339,caseC_diffuse_0p38Gy_s_20s_full,5,reproductive,Reproductive system,H₂,Diffuse dose-response,Diffuse field,Diffuse field: 0.38 Gy/s × 20 s,0.38,20.0,7.6,9587231968.772375,1.5360439045104916e-09,0.19292822703294074,8.245533284540558,0.0253852930306501,66974457.90496625
Species0.root,999.9990000000004,6,H2O2^0,6462,100,86.93115835443167,77.35181181180435,0.8693115835443167,caseC_diffuse_0p38Gy_s_20s_full,5,reproductive,Reproductive system,H₂O₂,Diffuse dose-response,Diffuse field,Diffuse field: 0.38 Gy/s × 20 s,0.38,20.0,7.6,9587231968.772375,1.5360439045104916e-09,0.19292822703294074,8.245533284540558,0.0253852930306501,83342918.0458021
Species0.root,999.9990000000004,9,°O^0,1429,100,18.369702819102848,3.722448538781028,0.1836970281910284,caseC_diffuse_0p38Gy_s_20s_full,5,reproductive,Reproductive system,O•,Diffuse dose-response,Diffuse field,Diffuse field: 0.38 Gy/s × 20 s,0.38,20.0,7.6,9587231968.772375,1.5360439045104916e-09,0.19292822703294074,8.245533284540558,0.0253852930306501,17611460.212415077
Species0.root,999.9990000000004,0,H3O^1,4984,100,193.2852532387788,380.66575969668463,1.932852532387788,caseC_diffuse_0p38Gy_s_20s_full,6,excretory,Excretory system,H₃O⁺,Diffuse dose-response,Diffuse field,Diffuse field: 0.38 Gy/s × 20 s,0.38,20.0,7.6,673930117.3349148,1.0797550869428789e-10,0.01356180210357168,1192.7898136316855,0.0017844476452068,13026075.339431891
Species0.root,999.9990000000004,1,°OH^0,3191,100,123.75065069922616,160.75866391242764,1.2375065069922615,caseC_diffuse_0p38Gy_s_20s_full,6,excretory,Excretory system,•OH,Diffuse dose-response,Diffuse field,Diffuse field: 0.38 Gy/s × 20 s,0.38,20.0,7.6,673930117.3349148,1.0797550869428789e-10,0.01356180210357168,1192.7898136316855,0.0017844476452068,8339929.054600153
Species0.root,999.9990000000004,2,OH^-1,1935,100,75.04152588624336,58.376891352345694,0.7504152588624337,caseC_diffuse_0p38Gy_s_20s_full,6,excretory,Excretory system,OH⁻,Diffuse dose-response,Diffuse field,Diffuse field: 0.38 Gy/s × 20 s,0.38,20.0,7.6,673930117.3349148,1.0797550869428789e-10,0.01356180210357168,1192.7898136316855,0.0017844476452068,5057274.4345507035
Species0.root,999.9990000000004,3,e_aq^-1,3162,100,122.62599733969073,155.5834769191668,1.226259973396907,caseC_diffuse_0p38Gy_s_20s_full,6,excretory,Excretory system,e⁻aq,Diffuse dose-response,Diffuse field,Diffuse field: 0.38 Gy/s × 20 s,0.38,20.0,7.6,673930117.3349148,1.0797550869428789e-10,0.01356180210357168,1192.7898136316855,0.0017844476452068,8264135.27754487
Species0.root,999.9990000000004,4,H^0,1990,100,77.1744891543278,62.23158599452168,0.771744891543278,caseC_diffuse_0p38Gy_s_20s_full,6,excretory,Excretory system,H•,Diffuse dose-response,Diffuse field,Diffuse field: 0.38 Gy/s × 20 s,0.38,20.0,7.6,673930117.3349148,1.0797550869428789e-10,0.01356180210357168,1192.7898136316855,0.0017844476452068,5201021.253103824
Species0.root,999.9990000000004,5,H_2^0,1987,100,77.05814570334138,61.32468748916384,0.7705814570334139,caseC_diffuse_0p38Gy_s_20s_full,6,excretory,Excretory system,H₂,Diffuse dose-response,Diffuse field,Diffuse field: 0.38 Gy/s × 20 s,0.38,20.0,7.6,673930117.3349148,1.0797550869428789e-10,0.01356180210357168,1192.7898136316855,0.0017844476452068,5193180.517546382
Species0.root,999.9990000000004,6,H2O2^0,2370,100,91.91132627927482,86.10271879226559,0.9191132627927482,caseC_diffuse_0p38Gy_s_20s_full,6,excretory,Excretory system,H₂O₂,Diffuse dose-response,Diffuse field,Diffuse field: 0.38 Gy/s × 20 s,0.38,20.0,7.6,673930117.3349148,1.0797550869428789e-10,0.01356180210357168,1192.7898136316855,0.0017844476452068,6194181.090379931
Species0.root,999.9990000000004,9,°O^0,541,100,20.98060232788509,5.115027888427864,0.2098060232788509,caseC_diffuse_0p38Gy_s_20s_full,6,excretory,Excretory system,O•,Diffuse dose-response,Diffuse field,Diffuse field: 0.38 Gy/s × 20 s,0.38,20.0,7.6,673930117.3349148,1.0797550869428789e-10,0.01356180210357168,1192.7898136316855,0.0017844476452068,1413945.9788588784
Species0.root,999.9990000000004,0,H3O^1,7371,100,209.3887606584856,450.32620287212535,2.093887606584856,caseC_diffuse_0p56Gy_s_20s_full,1,body,Residual body envelope,H₃O⁺,Diffuse dose-response,Diffuse field,Diffuse field: 0.56 Gy/s × 20 s,0.56,20.0,11.200000000000001,517786070345.9294,8.295847433189283e-08,10.419644466679689,11.479647236779389,0.9303253988106864,10841858355.596159
Species0.root,999.9990000000004,1,°OH^0,4963,100,130.5226685465111,184.06709157371017,1.3052266854651111,caseC_diffuse_0p56Gy_s_20s_full,1,body,Residual body envelope,•OH,Diffuse dose-response,Diffuse field,Diffuse field: 0.56 Gy/s × 20 s,0.56,20.0,11.200000000000001,517786070345.9294,8.295847433189283e-08,10.419644466679689,11.479647236779389,0.9303253988106864,6758281963.776222
Species0.root,999.9990000000004,2,OH^-1,2566,100,77.5038616631875,63.07640957794691,0.7750386166318749,caseC_diffuse_0p56Gy_s_20s_full,1,body,Residual body envelope,OH⁻,Diffuse dose-response,Diffuse field,Diffuse field: 0.56 Gy/s × 20 s,0.56,20.0,11.200000000000001,517786070345.9294,8.295847433189283e-08,10.419644466679689,11.479647236779389,0.9303253988106864,4013041996.7216372
Species0.root,999.9990000000004,3,e_aq^-1,4921,100,137.47737820682858,199.4202202935059,1.3747737820682857,caseC_diffuse_0p56Gy_s_20s_full,1,body,Residual body envelope,e⁻aq,Diffuse dose-response,Diffuse field,Diffuse field: 0.56 Gy/s × 20 s,0.56,20.0,11.200000000000001,517786070345.9294,8.295847433189283e-08,10.419644466679689,11.479647236779389,0.9303253988106864,7118387142.317487
Species0.root,999.9990000000004,4,H^0,2572,100,76.72640794579567,61.53526077371729,0.7672640794579567,caseC_diffuse_0p56Gy_s_20s_full,1,body,Residual body envelope,H•,Diffuse dose-response,Diffuse field,Diffuse field: 0.56 Gy/s × 20 s,0.56,20.0,11.200000000000001,517786070345.9294,8.295847433189283e-08,10.419644466679689,11.479647236779389,0.9303253988106864,3972786526.201223
Species0.root,999.9990000000004,5,H_2^0,2419,100,75.19936084534258,59.70355344029425,0.7519936084534258,caseC_diffuse_0p56Gy_s_20s_full,1,body,Residual body envelope,H₂,Diffuse dose-response,Diffuse field,Diffuse field: 0.56 Gy/s × 20 s,0.56,20.0,11.200000000000001,517786070345.9294,8.295847433189283e-08,10.419644466679689,11.479647236779389,0.9303253988106864,3893718154.4635477
Species0.root,999.9990000000004,6,H2O2^0,2933,100,92.44888855994505,90.02878673463916,0.9244888855994504,caseC_diffuse_0p56Gy_s_20s_full,1,body,Residual body envelope,H₂O₂,Diffuse dose-response,Diffuse field,Diffuse field: 0.56 Gy/s × 20 s,0.56,20.0,11.200000000000001,517786070345.9294,8.295847433189283e-08,10.419644466679689,11.479647236779389,0.9303253988106864,4786874671.530269
Species0.root,999.9990000000004,9,°O^0,693,100,21.79479148268892,5.732852579381575,0.2179479148268892,caseC_diffuse_0p56Gy_s_20s_full,1,body,Residual body envelope,O•,Diffuse dose-response,Diffuse field,Diffuse field: 0.56 Gy/s × 20 s,0.56,20.0,11.200000000000001,517786070345.9294,8.295847433189283e-08,10.419644466679689,11.479647236779389,0.9303253988106864,1128503943.5830426
Species0.root,999.9990000000004,0,H3O^1,7627,100,204.2987258363156,424.7661198480971,2.0429872583631563,caseC_diffuse_0p56Gy_s_20s_full,2,nervous,Nervous system,H₃O⁺,Diffuse dose-response,Diffuse field,Diffuse field: 0.56 Gy/s × 20 s,0.56,20.0,11.200000000000001,4920393708.904112,7.883339830486766e-10,0.09901531929705248,48.81929545755986,0.0088406535086654,100523016.53421335
Species0.root,999.9990000000004,1,°OH^0,5115,100,136.440929779047,193.8084348294057,1.36440929779047,caseC_diffuse_0p56Gy_s_20s_full,2,nervous,Nervous system,•OH,Diffuse dose-response,Diffuse field,Diffuse field: 0.56 Gy/s × 20 s,0.56,20.0,11.200000000000001,4920393708.904112,7.883339830486766e-10,0.09901531929705248,48.81929545755986,0.0088406535086654,67134309.25218506
Species0.root,999.9990000000004,2,OH^-1,2815,100,75.57379703417527,58.73261980899157,0.7557379703417527,caseC_diffuse_0p56Gy_s_20s_full,2,nervous,Nervous system,OH⁻,Diffuse dose-response,Diffuse field,Diffuse field: 0.56 Gy/s × 20 s,0.56,20.0,11.200000000000001,4920393708.904112,7.883339830486766e-10,0.09901531929705248,48.81929545755986,0.0088406535086654,37185283.548495226
Species0.root,999.9990000000004,3,e_aq^-1,4930,100,131.9937216122864,179.6529697977707,1.319937216122864,caseC_diffuse_0p56Gy_s_20s_full,2,nervous,Nervous system,e⁻aq,Diffuse dose-response,Diffuse field,Diffuse field: 0.56 Gy/s × 20 s,0.56,20.0,11.200000000000001,4920393708.904112,7.883339830486766e-10,0.09901531929705248,48.81929545755986,0.0088406535086654,64946107.74359347
Species0.root,999.9990000000004,4,H^0,2829,100,75.97282261461203,59.94307091049981,0.7597282261461202,caseC_diffuse_0p56Gy_s_20s_full,2,nervous,Nervous system,H•,Diffuse dose-response,Diffuse field,Diffuse field: 0.56 Gy/s × 20 s,0.56,20.0,11.200000000000001,4920393708.904112,7.883339830486766e-10,0.09901531929705248,48.81929545755986,0.0088406535086654,37381619.84406251
Species0.root,999.9990000000004,5,H_2^0,2794,100,75.44913776659766,58.60504788140509,0.7544913776659766,caseC_diffuse_0p56Gy_s_20s_full,2,nervous,Nervous system,H₂,Diffuse dose-response,Diffuse field,Diffuse field: 0.56 Gy/s × 20 s,0.56,20.0,11.200000000000001,4920393708.904112,7.883339830486766e-10,0.09901531929705248,48.81929545755986,0.0088406535086654,37123946.28090068
Species0.root,999.9990000000004,6,H2O2^0,3338,100,90.31214223162088,83.42534916377525,0.9031214223162088,caseC_diffuse_0p56Gy_s_20s_full,2,nervous,Nervous system,H₂O₂,Diffuse dose-response,Diffuse field,Diffuse field: 0.56 Gy/s × 20 s,0.56,20.0,11.200000000000001,4920393708.904112,7.883339830486766e-10,0.09901531929705248,48.81929545755986,0.0088406535086654,44437129.64741208
Species0.root,999.9990000000004,9,°O^0,719,100,19.26540635382953,4.268663961832393,0.1926540635382952,caseC_diffuse_0p56Gy_s_20s_full,2,nervous,Nervous system,O•,Diffuse dose-response,Diffuse field,Diffuse field: 0.56 Gy/s × 20 s,0.56,20.0,11.200000000000001,4920393708.904112,7.883339830486766e-10,0.09901531929705248,48.81929545755986,0.0088406535086654,9479338.422286408
Species0.root,999.9990000000004,0,H3O^1,11056,100,223.47663243461864,509.90075612458514,2.2347663243461864,caseC_diffuse_0p56Gy_s_20s_full,3,bodywall,Body wall muscle,H₃O⁺,Diffuse dose-response,Diffuse field,Diffuse field: 0.56 Gy/s × 20 s,0.56,20.0,11.200000000000001,11489818441.99825,1.8408718636671879e-09,0.23121483950376898,10.984836550647666,0.0206441820985508,256770593.27029455
Species0.root,999.9990000000004,1,°OH^0,7494,100,141.65357076303283,211.48515565226376,1.4165357076303282,caseC_diffuse_0p56Gy_s_20s_full,3,bodywall,Body wall muscle,•OH,Diffuse dose-response,Diffuse field,Diffuse field: 0.56 Gy/s × 20 s,0.56,20.0,11.200000000000001,11489818441.99825,1.8408718636671879e-09,0.23121483950376898,10.984836550647666,0.0206441820985508,162757380.97279987
Species0.root,999.9990000000004,2,OH^-1,3728,100,78.17159275243642,63.18923461259455,0.7817159275243643,caseC_diffuse_0p56Gy_s_20s_full,3,bodywall,Body wall muscle,OH⁻,Diffuse dose-response,Diffuse field,Diffuse field: 0.56 Gy/s × 20 s,0.56,20.0,11.200000000000001,11489818441.99825,1.8408718636671879e-09,0.23121483950376898,10.984836550647666,0.0206441820985508,89817740.80473207
Species0.root,999.9990000000004,3,e_aq^-1,7462,100,150.08709143839735,233.4901026535976,1.5008709143839736,caseC_diffuse_0p56Gy_s_20s_full,3,bodywall,Body wall muscle,e⁻aq,Diffuse dose-response,Diffuse field,Diffuse field: 0.56 Gy/s × 20 s,0.56,20.0,11.200000000000001,11489818441.99825,1.8408718636671879e-09,0.23121483950376898,10.984836550647666,0.0206441820985508,172447343.11147755
Species0.root,999.9990000000004,4,H^0,3762,100,78.18986402014409,64.78619442187275,0.7818986402014408,caseC_diffuse_0p56Gy_s_20s_full,3,bodywall,Body wall muscle,H•,Diffuse dose-response,Diffuse field,Diffuse field: 0.56 Gy/s × 20 s,0.56,20.0,11.200000000000001,11489818441.99825,1.8408718636671879e-09,0.23121483950376898,10.984836550647666,0.0206441820985508,89838734.1595987
Species0.root,999.9990000000004,5,H_2^0,3337,100,69.10827443379188,49.762342862767206,0.6910827443379187,caseC_diffuse_0p56Gy_s_20s_full,3,bodywall,Body wall muscle,H₂,Diffuse dose-response,Diffuse field,Diffuse field: 0.56 Gy/s × 20 s,0.56,20.0,11.200000000000001,11489818441.99825,1.8408718636671879e-09,0.23121483950376898,10.984836550647666,0.0206441820985508,79404152.6084058
Species0.root,999.9990000000004,6,H2O2^0,4175,100,90.03911083904171,84.1479198018337,0.9003911083904171,caseC_diffuse_0p56Gy_s_20s_full,3,bodywall,Body wall muscle,H₂O₂,Diffuse dose-response,Diffuse field,Diffuse field: 0.56 Gy/s × 20 s,0.56,20.0,11.200000000000001,11489818441.99825,1.8408718636671879e-09,0.23121483950376898,10.984836550647666,0.0206441820985508,103453303.62195459
Species0.root,999.9990000000004,9,°O^0,960,100,19.98983006439684,4.877223281063476,0.1998983006439684,caseC_diffuse_0p56Gy_s_20s_full,3,bodywall,Body wall muscle,O•,Diffuse dose-response,Diffuse field,Diffuse field: 0.56 Gy/s × 20 s,0.56,20.0,11.200000000000001,11489818441.99825,1.8408718636671879e-09,0.23121483950376898,10.984836550647666,0.0206441820985508,22967951.812631786
Species0.root,999.9990000000004,0,H3O^1,9969,100,215.4815974342227,471.172213539255,2.154815974342227,caseC_diffuse_0p56Gy_s_20s_full,4,digestive,Digestive system,H₃O⁺,Diffuse dose-response,Diffuse field,Diffuse field: 0.56 Gy/s × 20 s,0.56,20.0,11.200000000000001,7246483370.900799,1.1610146335526814e-09,0.14582427894989136,3.1803566379936377,0.0130200249062403,156148381.25422353
Species0.root,999.9990000000004,1,°OH^0,6800,100,146.48554886369465,220.8958535720324,1.4648554886369465,caseC_diffuse_0p56Gy_s_20s_full,4,digestive,Digestive system,•OH,Diffuse dose-response,Diffuse field,Diffuse field: 0.56 Gy/s × 20 s,0.56,20.0,11.200000000000001,7246483370.900799,1.1610146335526814e-09,0.14582427894989136,3.1803566379936377,0.0130200249062403,106150509.39180398
Species0.root,999.9990000000004,2,OH^-1,3512,100,76.1200234958462,59.45123605212712,0.761200234958462,caseC_diffuse_0p56Gy_s_20s_full,4,digestive,Digestive system,OH⁻,Diffuse dose-response,Diffuse field,Diffuse field: 0.56 Gy/s × 20 s,0.56,20.0,11.200000000000001,7246483370.900799,1.1610146335526814e-09,0.14582427894989136,3.1803566379936377,0.0130200249062403,55160248.44552276
Species0.root,999.9990000000004,3,e_aq^-1,6591,100,142.36393424299473,207.1751939144405,1.4236393424299474,caseC_diffuse_0p56Gy_s_20s_full,4,digestive,Digestive system,e⁻aq,Diffuse dose-response,Diffuse field,Diffuse field: 0.56 Gy/s × 20 s,0.56,20.0,11.200000000000001,7246483370.900799,1.1610146335526814e-09,0.14582427894989136,3.1803566379936377,0.0130200249062403,103163788.21078762
Species0.root,999.9990000000004,4,H^0,3631,100,78.72024657939068,63.75069831161231,0.7872024657939067,caseC_diffuse_0p56Gy_s_20s_full,4,digestive,Digestive system,H•,Diffuse dose-response,Diffuse field,Diffuse field: 0.56 Gy/s × 20 s,0.56,20.0,11.200000000000001,7246483370.900799,1.1610146335526814e-09,0.14582427894989136,3.1803566379936377,0.0130200249062403,57044495.7790765
Species0.root,999.9990000000004,5,H_2^0,3326,100,72.25078500865197,53.636223378240096,0.7225078500865197,caseC_diffuse_0p56Gy_s_20s_full,4,digestive,Digestive system,H₂,Diffuse dose-response,Diffuse field,Diffuse field: 0.56 Gy/s × 20 s,0.56,20.0,11.200000000000001,7246483370.900799,1.1610146335526814e-09,0.14582427894989136,3.1803566379936377,0.0130200249062403,52356411.20997253
Species0.root,999.9990000000004,6,H2O2^0,4061,100,88.47045864540101,79.48888057246211,0.8847045864540101,caseC_diffuse_0p56Gy_s_20s_full,4,digestive,Digestive system,H₂O₂,Diffuse dose-response,Diffuse field,Diffuse field: 0.56 Gy/s × 20 s,0.56,20.0,11.200000000000001,7246483370.900799,1.1610146335526814e-09,0.14582427894989136,3.1803566379936377,0.0130200249062403,64109970.73898652
Species0.root,999.9990000000004,9,°O^0,909,100,19.578462190287254,4.313113510763289,0.1957846219028725,caseC_diffuse_0p56Gy_s_20s_full,4,digestive,Digestive system,O•,Diffuse dose-response,Diffuse field,Diffuse field: 0.56 Gy/s × 20 s,0.56,20.0,11.200000000000001,7246483370.900799,1.1610146335526814e-09,0.14582427894989136,3.1803566379936377,0.0130200249062403,14187500.068972658
Species0.root,999.9990000000004,0,H3O^1,18743,100,229.08302107837548,536.1194593690254,2.2908302107837546,caseC_diffuse_0p56Gy_s_20s_full,5,reproductive,Reproductive system,H₃O⁺,Diffuse dose-response,Diffuse field,Diffuse field: 0.56 Gy/s × 20 s,0.56,20.0,11.200000000000001,14128552375.032976,2.2636436487523037e-09,0.28431528194328115,12.151312208796615,0.0253852930306501,323661146.1536611
Species0.root,999.9990000000004,1,°OH^0,13360,100,157.90908435377565,261.2832655220892,1.5790908435377562,caseC_diffuse_0p56Gy_s_20s_full,5,reproductive,Reproductive system,•OH,Diffuse dose-response,Diffuse field,Diffuse field: 0.56 Gy/s × 20 s,0.56,20.0,11.200000000000001,14128552375.032976,2.2636436487523037e-09,0.28431528194328115,12.151312208796615,0.0253852930306501,223102676.8785819
Species0.root,999.9990000000004,2,OH^-1,5870,100,76.1069545768456,58.98505696909035,0.761069545768456,caseC_diffuse_0p56Gy_s_20s_full,5,reproductive,Reproductive system,OH⁻,Diffuse dose-response,Diffuse field,Diffuse field: 0.56 Gy/s × 20 s,0.56,20.0,11.200000000000001,14128552375.032976,2.2636436487523037e-09,0.28431528194328115,12.151312208796615,0.0253852930306501,107528109.38432187
Species0.root,999.9990000000004,3,e_aq^-1,13032,100,155.77933819215326,251.668938785316,1.5577933819215326,caseC_diffuse_0p56Gy_s_20s_full,5,reproductive,Reproductive system,e⁻aq,Diffuse dose-response,Diffuse field,Diffuse field: 0.56 Gy/s × 20 s,0.56,20.0,11.200000000000001,14128552375.032976,2.2636436487523037e-09,0.28431528194328115,12.151312208796615,0.0253852930306501,220093653.85958123
Species0.root,999.9990000000004,4,H^0,5917,100,75.81879690490797,59.09745559277839,0.7581879690490797,caseC_diffuse_0p56Gy_s_20s_full,5,reproductive,Reproductive system,H•,Diffuse dose-response,Diffuse field,Diffuse field: 0.56 Gy/s × 20 s,0.56,20.0,11.200000000000001,14128552375.032976,2.2636436487523037e-09,0.28431528194328115,12.151312208796615,0.0253852930306501,107120984.30829804
Species0.root,999.9990000000004,5,H_2^0,5176,100,69.85797164720339,50.36376971446912,0.6985797164720339,caseC_diffuse_0p56Gy_s_20s_full,5,reproductive,Reproductive system,H₂,Diffuse dose-response,Diffuse field,Diffuse field: 0.56 Gy/s × 20 s,0.56,20.0,11.200000000000001,14128552375.032976,2.2636436487523037e-09,0.28431528194328115,12.151312208796615,0.0253852930306501,98699201.12310818
Species0.root,999.9990000000004,6,H2O2^0,6462,100,86.93115835443167,77.35181181180435,0.8693115835443167,caseC_diffuse_0p56Gy_s_20s_full,5,reproductive,Reproductive system,H₂O₂,Diffuse dose-response,Diffuse field,Diffuse field: 0.56 Gy/s × 20 s,0.56,20.0,11.200000000000001,14128552375.032976,2.2636436487523037e-09,0.28431528194328115,12.151312208796615,0.0253852930306501,122821142.38328734
Species0.root,999.9990000000004,9,°O^0,1429,100,18.369702819102848,3.722448538781028,0.1836970281910284,caseC_diffuse_0p56Gy_s_20s_full,5,reproductive,Reproductive system,O•,Diffuse dose-response,Diffuse field,Diffuse field: 0.56 Gy/s × 20 s,0.56,20.0,11.200000000000001,14128552375.032976,2.2636436487523037e-09,0.28431528194328115,12.151312208796615,0.0253852930306501,25953730.83934854
Species0.root,999.9990000000004,0,H3O^1,5000,100,193.90575164403973,383.6616831173691,1.9390575164403976,caseC_diffuse_0p56Gy_s_20s_full,6,excretory,Excretory system,H₃O⁺,Diffuse dose-response,Diffuse field,Diffuse field: 0.56 Gy/s × 20 s,0.56,20.0,11.200000000000001,993160172.9146115,1.5912180228631901e-10,0.019985813626316164,1757.7955148256422,0.0017844476452068,19257946.983193226
Species0.root,999.9990000000004,1,°OH^0,3171,100,122.97502769265,158.07255988163314,1.2297502769265,caseC_diffuse_0p56Gy_s_20s_full,6,excretory,Excretory system,•OH,Diffuse dose-response,Diffuse field,Diffuse field: 0.56 Gy/s × 20 s,0.56,20.0,11.200000000000001,993160172.9146115,1.5912180228631901e-10,0.019985813626316164,1757.7955148256422,0.0017844476452068,12213389.976741143
Species0.root,999.9990000000004,2,OH^-1,1943,100,75.35177508887381,59.417643865957,0.7535177508887381,caseC_diffuse_0p56Gy_s_20s_full,6,excretory,Excretory system,OH⁻,Diffuse dose-response,Diffuse field,Diffuse field: 0.56 Gy/s × 20 s,0.56,20.0,11.200000000000001,993160172.9146115,1.5912180228631901e-10,0.019985813626316164,1757.7955148256422,0.0017844476452068,7483638.197668883
Species0.root,999.9990000000004,3,e_aq^-1,3170,100,122.9362465423212,156.72649991099425,1.2293624654232118,caseC_diffuse_0p56Gy_s_20s_full,6,excretory,Excretory system,e⁻aq,Diffuse dose-response,Diffuse field,Diffuse field: 0.56 Gy/s × 20 s,0.56,20.0,11.200000000000001,993160172.9146115,1.5912180228631901e-10,0.019985813626316164,1757.7955148256422,0.0017844476452068,12209538.387344502
Species0.root,999.9990000000004,4,H^0,1932,100,74.92518243525694,58.48066580818265,0.7492518243525694,caseC_diffuse_0p56Gy_s_20s_full,6,excretory,Excretory system,H•,Diffuse dose-response,Diffuse field,Diffuse field: 0.56 Gy/s × 20 s,0.56,20.0,11.200000000000001,993160172.9146115,1.5912180228631901e-10,0.019985813626316164,1757.7955148256422,0.0017844476452068,7441270.71430586
Species0.root,999.9990000000004,5,H_2^0,1999,100,77.52351950728706,62.54290936203259,0.7752351950728706,caseC_diffuse_0p56Gy_s_20s_full,6,excretory,Excretory system,H₂,Diffuse dose-response,Diffuse field,Diffuse field: 0.56 Gy/s × 20 s,0.56,20.0,11.200000000000001,993160172.9146115,1.5912180228631901e-10,0.019985813626316164,1757.7955148256422,0.0017844476452068,7699327.203880648
Species0.root,999.9990000000004,6,H2O2^0,2367,100,91.7949828282884,86.08015912795324,0.917949828282884,caseC_diffuse_0p56Gy_s_20s_full,6,excretory,Excretory system,H₂O₂,Diffuse dose-response,Diffuse field,Diffuse field: 0.56 Gy/s × 20 s,0.56,20.0,11.200000000000001,993160172.9146115,1.5912180228631901e-10,0.019985813626316164,1757.7955148256422,0.0017844476452068,9116712.10184367
Species0.root,999.9990000000004,9,°O^0,541,100,20.98060232788509,5.115027888427864,0.2098060232788509,caseC_diffuse_0p56Gy_s_20s_full,6,excretory,Excretory system,O•,Diffuse dose-response,Diffuse field,Diffuse field: 0.56 Gy/s × 20 s,0.56,20.0,11.200000000000001,993160172.9146115,1.5912180228631901e-10,0.019985813626316164,1757.7955148256422,0.0017844476452068,2083709.8635815056
Species0.root,999.9990000000004,0,H3O^1,7329,100,208.0786684389345,445.4011588333148,2.080786684389345,caseC_diffuse_0p74Gy_s_20s_full,1,body,Residual body envelope,H₃O⁺,Diffuse dose-response,Diffuse field,Diffuse field: 0.74 Gy/s × 20 s,0.74,20.0,14.8,684217307242.8352,1.0962369822428695e-07,13.76881590239816,15.169533848601334,0.9303253988106864,14237102621.39625
Species0.root,999.9990000000004,1,°OH^0,4962,100,130.1045121280713,182.9985372364557,1.3010451212807128,caseC_diffuse_0p74Gy_s_20s_full,1,body,Residual body envelope,•OH,Diffuse dose-response,Diffuse field,Diffuse field: 0.74 Gy/s × 20 s,0.74,20.0,14.8,684217307242.8352,1.0962369822428695e-07,13.76881590239816,15.169533848601334,0.9303253988106864,8901975894.841173
Species0.root,999.9990000000004,2,OH^-1,2529,100,76.06062448372816,60.23994061548058,0.7606062448372817,caseC_diffuse_0p74Gy_s_20s_full,1,body,Residual body envelope,OH⁻,Diffuse dose-response,Diffuse field,Diffuse field: 0.74 Gy/s × 20 s,0.74,20.0,14.8,684217307242.8352,1.0962369822428695e-07,13.76881590239816,15.169533848601334,0.9303253988106864,5204199567.146495
Species0.root,999.9990000000004,3,e_aq^-1,4916,100,137.61052316673675,200.28737317683328,1.3761052316673676,caseC_diffuse_0p74Gy_s_20s_full,1,body,Residual body envelope,e⁻aq,Diffuse dose-response,Diffuse field,Diffuse field: 0.74 Gy/s × 20 s,0.74,20.0,14.8,684217307242.8352,1.0962369822428695e-07,13.76881590239816,15.169533848601334,0.9303253988106864,9415550160.942242
Species0.root,999.9990000000004,4,H^0,2634,100,79.42902758378239,66.02805779567973,0.7942902758378239,caseC_diffuse_0p74Gy_s_20s_full,1,body,Residual body envelope,H•,Diffuse dose-response,Diffuse field,Diffuse field: 0.74 Gy/s × 20 s,0.74,20.0,14.8,684217307242.8352,1.0962369822428695e-07,13.76881590239816,15.169533848601334,0.9303253988106864,5434671537.029246
Species0.root,999.9990000000004,5,H_2^0,2380,100,73.73575389187485,57.601879473399634,0.7373575389187486,caseC_diffuse_0p74Gy_s_20s_full,1,body,Residual body envelope,H₂,Diffuse dose-response,Diffuse field,Diffuse field: 0.74 Gy/s × 20 s,0.74,20.0,14.8,684217307242.8352,1.0962369822428695e-07,13.76881590239816,15.169533848601334,0.9303253988106864,5045127897.541903
Species0.root,999.9990000000004,6,H2O2^0,2923,100,92.61224211464466,90.48708838504898,0.9261224211464466,caseC_diffuse_0p74Gy_s_20s_full,1,body,Residual body envelope,H₂O₂,Diffuse dose-response,Diffuse field,Diffuse field: 0.74 Gy/s × 20 s,0.74,20.0,14.8,684217307242.8352,1.0962369822428695e-07,13.76881590239816,15.169533848601334,0.9303253988106864,6336689891.740367
Species0.root,999.9990000000004,9,°O^0,693,100,21.79479148268892,5.732852579381575,0.2179479148268892,caseC_diffuse_0p74Gy_s_20s_full,1,body,Residual body envelope,O•,Diffuse dose-response,Diffuse field,Diffuse field: 0.74 Gy/s × 20 s,0.74,20.0,14.8,684217307242.8352,1.0962369822428695e-07,13.76881590239816,15.169533848601334,0.9303253988106864,1491237354.0204492
Species0.root,999.9990000000004,0,H3O^1,7588,100,203.47283246731809,421.4876818693349,2.0347283246731807,caseC_diffuse_0p74Gy_s_20s_full,2,nervous,Nervous system,H₃O⁺,Diffuse dose-response,Diffuse field,Diffuse field: 0.74 Gy/s × 20 s,0.74,20.0,14.8,6501948829.623289,1.041727049028608e-09,0.13084167192824792,64.51121185463265,0.0088406535086654,132296994.49210143
Species0.root,999.9990000000004,1,°OH^0,5110,100,135.94770723592586,192.39037897965036,1.3594770723592586,caseC_diffuse_0p74Gy_s_20s_full,2,nervous,Nervous system,•OH,Diffuse dose-response,Diffuse field,Diffuse field: 0.74 Gy/s × 20 s,0.74,20.0,14.8,6501948829.623289,1.041727049028608e-09,0.13084167192824792,64.51121185463265,0.0088406535086654,88392503.59525977
Species0.root,999.9990000000004,2,OH^-1,2786,100,75.06620534698456,58.18349551964277,0.7506620534698456,caseC_diffuse_0p74Gy_s_20s_full,2,nervous,Nervous system,OH⁻,Diffuse dose-response,Diffuse field,Diffuse field: 0.74 Gy/s × 20 s,0.74,20.0,14.8,6501948829.623289,1.041727049028608e-09,0.13084167192824792,64.51121185463265,0.0088406535086654,48807662.60000878
Species0.root,999.9990000000004,3,e_aq^-1,4920,100,131.6754199304796,179.1407321784218,1.316754199304796,caseC_diffuse_0p74Gy_s_20s_full,2,nervous,Nervous system,e⁻aq,Diffuse dose-response,Diffuse field,Diffuse field: 0.74 Gy/s × 20 s,0.74,20.0,14.8,6501948829.623289,1.041727049028608e-09,0.13084167192824792,64.51121185463265,0.0088406535086654,85614684.25071369
Species0.root,999.9990000000004,4,H^0,2844,100,76.31059370415085,60.448498115716376,0.7631059370415084,caseC_diffuse_0p74Gy_s_20s_full,2,nervous,Nervous system,H•,Diffuse dose-response,Diffuse field,Diffuse field: 0.74 Gy/s × 20 s,0.74,20.0,14.8,6501948829.623289,1.041727049028608e-09,0.13084167192824792,64.51121185463265,0.0088406535086654,49616757.54225619
Species0.root,999.9990000000004,5,H_2^0,2794,100,75.34809871036602,58.436139134523685,0.7534809871036602,caseC_diffuse_0p74Gy_s_20s_full,2,nervous,Nervous system,H₂,Diffuse dose-response,Diffuse field,Diffuse field: 0.74 Gy/s × 20 s,0.74,20.0,14.8,6501948829.623289,1.041727049028608e-09,0.13084167192824792,64.51121185463265,0.0088406535086654,48990948.22242044
Species0.root,999.9990000000004,6,H2O2^0,3343,100,90.46744915081575,83.83171547933037,0.9046744915081576,caseC_diffuse_0p74Gy_s_20s_full,2,nervous,Nervous system,H₂O₂,Diffuse dose-response,Diffuse field,Diffuse field: 0.74 Gy/s × 20 s,0.74,20.0,14.8,6501948829.623289,1.041727049028608e-09,0.13084167192824792,64.51121185463265,0.0088406535086654,58821472.5125151
Species0.root,999.9990000000004,9,°O^0,719,100,19.26540635382953,4.268663961832393,0.1926540635382952,caseC_diffuse_0p74Gy_s_20s_full,2,nervous,Nervous system,O•,Diffuse dose-response,Diffuse field,Diffuse field: 0.74 Gy/s × 20 s,0.74,20.0,14.8,6501948829.623289,1.041727049028608e-09,0.13084167192824792,64.51121185463265,0.0088406535086654,12526268.629449893
Species0.root,999.9990000000004,0,H3O^1,11123,100,225.3055190169215,517.1552510484148,2.253055190169215,caseC_diffuse_0p74Gy_s_20s_full,3,bodywall,Body wall muscle,H₃O⁺,Diffuse dose-response,Diffuse field,Diffuse field: 0.74 Gy/s × 20 s,0.74,20.0,14.8,15182974369.783398,2.4325806769887834e-09,0.30553389505855183,14.515676870498698,0.0206441820985508,342080792.0604665
Species0.root,999.9990000000004,1,°OH^0,7518,100,143.11396982207356,216.0741928932012,1.4311396982207356,caseC_diffuse_0p74Gy_s_20s_full,3,bodywall,Body wall muscle,•OH,Diffuse dose-response,Diffuse field,Diffuse field: 0.74 Gy/s × 20 s,0.74,20.0,14.8,15182974369.783398,2.4325806769887834e-09,0.30553389505855183,14.515676870498698,0.0206441820985508,217289573.57664976
Species0.root,999.9990000000004,2,OH^-1,3840,100,80.31322351051185,67.05213046910438,0.8031322351051184,caseC_diffuse_0p74Gy_s_20s_full,3,bodywall,Body wall muscle,OH⁻,Diffuse dose-response,Diffuse field,Diffuse field: 0.74 Gy/s × 20 s,0.74,20.0,14.8,15182974369.783398,2.4325806769887834e-09,0.30553389505855183,14.515676870498698,0.0206441820985508,121939361.41147868
Species0.root,999.9990000000004,3,e_aq^-1,7417,100,149.7743472626248,233.06328682348948,1.497743472626248,caseC_diffuse_0p74Gy_s_20s_full,3,bodywall,Body wall muscle,e⁻aq,Diffuse dose-response,Diffuse field,Diffuse field: 0.74 Gy/s × 20 s,0.74,20.0,14.8,15182974369.783398,2.4325806769887834e-09,0.30553389505855183,14.515676870498698,0.0206441820985508,227402007.57394707
Species0.root,999.9990000000004,4,H^0,3781,100,77.43255994136655,63.302176145256325,0.7743255994136655,caseC_diffuse_0p74Gy_s_20s_full,3,bodywall,Body wall muscle,H•,Diffuse dose-response,Diffuse field,Diffuse field: 0.74 Gy/s × 20 s,0.74,20.0,14.8,15182974369.783398,2.4325806769887834e-09,0.30553389505855183,14.515676870498698,0.0206441820985508,117565657.2976485
Species0.root,999.9990000000004,5,H_2^0,3388,100,70.27377922308868,51.50695616011804,0.7027377922308868,caseC_diffuse_0p74Gy_s_20s_full,3,bodywall,Body wall muscle,H₂,Diffuse dose-response,Diffuse field,Diffuse field: 0.74 Gy/s × 20 s,0.74,20.0,14.8,15182974369.783398,2.4325806769887834e-09,0.30553389505855183,14.515676870498698,0.0206441820985508,106696498.88119726
Species0.root,999.9990000000004,6,H2O2^0,4201,100,89.93939197154319,84.16679712936985,0.8993939197154319,caseC_diffuse_0p74Gy_s_20s_full,3,bodywall,Body wall muscle,H₂O₂,Diffuse dose-response,Diffuse field,Diffuse field: 0.74 Gy/s × 20 s,0.74,20.0,14.8,15182974369.783398,2.4325806769887834e-09,0.30553389505855183,14.515676870498698,0.0206441820985508,136554748.3137843
Species0.root,999.9990000000004,9,°O^0,960,100,19.98983006439684,4.877223281063476,0.1998983006439684,caseC_diffuse_0p74Gy_s_20s_full,3,bodywall,Body wall muscle,O•,Diffuse dose-response,Diffuse field,Diffuse field: 0.74 Gy/s × 20 s,0.74,20.0,14.8,15182974369.783398,2.4325806769887834e-09,0.30553389505855183,14.515676870498698,0.0206441820985508,30350507.752406284
Species0.root,999.9990000000004,0,H3O^1,9969,100,215.4815974342227,471.172213539255,2.154815974342227,caseC_diffuse_0p74Gy_s_20s_full,4,digestive,Digestive system,H₃O⁺,Diffuse dose-response,Diffuse field,Diffuse field: 0.74 Gy/s × 20 s,0.74,20.0,14.8,9575710168.69034,1.534197908623186e-09,0.19269636861235645,4.202614128777307,0.0130200249062403,206338932.37165245
Species0.root,999.9990000000004,1,°OH^0,6800,100,146.48554886369465,220.8958535720324,1.4648554886369465,caseC_diffuse_0p74Gy_s_20s_full,4,digestive,Digestive system,•OH,Diffuse dose-response,Diffuse field,Diffuse field: 0.74 Gy/s × 20 s,0.74,20.0,14.8,9575710168.69034,1.534197908623186e-09,0.19269636861235645,4.202614128777307,0.0130200249062403,140270315.98202667
Species0.root,999.9990000000004,2,OH^-1,3512,100,76.1200234958462,59.45123605212712,0.761200234958462,caseC_diffuse_0p74Gy_s_20s_full,4,digestive,Digestive system,OH⁻,Diffuse dose-response,Diffuse field,Diffuse field: 0.74 Gy/s × 20 s,0.74,20.0,14.8,9575710168.69034,1.534197908623186e-09,0.19269636861235645,4.202614128777307,0.0130200249062403,72890328.3030122
Species0.root,999.9990000000004,3,e_aq^-1,6591,100,142.36393424299473,207.1751939144405,1.4236393424299474,caseC_diffuse_0p74Gy_s_20s_full,4,digestive,Digestive system,e⁻aq,Diffuse dose-response,Diffuse field,Diffuse field: 0.74 Gy/s × 20 s,0.74,20.0,14.8,9575710168.69034,1.534197908623186e-09,0.19269636861235645,4.202614128777307,0.0130200249062403,136323577.27854076
Species0.root,999.9990000000004,4,H^0,3631,100,78.72024657939068,63.75069831161231,0.7872024657939067,caseC_diffuse_0p74Gy_s_20s_full,4,digestive,Digestive system,H•,Diffuse dose-response,Diffuse field,Diffuse field: 0.74 Gy/s × 20 s,0.74,20.0,14.8,9575710168.69034,1.534197908623186e-09,0.19269636861235645,4.202614128777307,0.0130200249062403,75380226.56520823
Species0.root,999.9990000000004,5,H_2^0,3326,100,72.25078500865197,53.636223378240096,0.7225078500865197,caseC_diffuse_0p74Gy_s_20s_full,4,digestive,Digestive system,H₂,Diffuse dose-response,Diffuse field,Diffuse field: 0.74 Gy/s × 20 s,0.74,20.0,14.8,9575710168.69034,1.534197908623186e-09,0.19269636861235645,4.202614128777307,0.0130200249062403,69185257.67032082
Species0.root,999.9990000000004,6,H2O2^0,4061,100,88.47045864540101,79.48888057246211,0.8847045864540101,caseC_diffuse_0p74Gy_s_20s_full,4,digestive,Digestive system,H₂O₂,Diffuse dose-response,Diffuse field,Diffuse field: 0.74 Gy/s × 20 s,0.74,20.0,14.8,9575710168.69034,1.534197908623186e-09,0.19269636861235645,4.202614128777307,0.0130200249062403,84716747.04794647
Species0.root,999.9990000000004,9,°O^0,909,100,19.578462190287254,4.313113510763289,0.1957846219028725,caseC_diffuse_0p74Gy_s_20s_full,4,digestive,Digestive system,O•,Diffuse dose-response,Diffuse field,Diffuse field: 0.74 Gy/s × 20 s,0.74,20.0,14.8,9575710168.69034,1.534197908623186e-09,0.19269636861235645,4.202614128777307,0.0130200249062403,18747767.948285297
Species0.root,999.9990000000004,0,H3O^1,18730,100,228.830381937379,534.1399572156881,2.28830381937379,caseC_diffuse_0p74Gy_s_20s_full,5,reproductive,Reproductive system,H₃O⁺,Diffuse dose-response,Diffuse field,Diffuse field: 0.74 Gy/s × 20 s,0.74,20.0,14.8,18669872781.29357,2.991243392994115e-09,0.3757023368536215,16.057091133052666,0.0253852930306501,427223411.92656845
Species0.root,999.9990000000004,1,°OH^0,13284,100,157.49261077124496,259.29266141890685,1.5749261077124497,caseC_diffuse_0p74Gy_s_20s_full,5,reproductive,Reproductive system,•OH,Diffuse dose-response,Diffuse field,Diffuse field: 0.74 Gy/s × 20 s,0.74,20.0,14.8,18669872781.29357,2.991243392994115e-09,0.3757023368536215,16.057091133052666,0.0253852930306501,294036700.7092929
Species0.root,999.9990000000004,2,OH^-1,5952,100,76.7680873426036,60.26528068290108,0.767680873426036,caseC_diffuse_0p74Gy_s_20s_full,5,reproductive,Reproductive system,OH⁻,Diffuse dose-response,Diffuse field,Diffuse field: 0.74 Gy/s × 20 s,0.74,20.0,14.8,18669872781.29357,2.991243392994115e-09,0.3757023368536215,16.057091133052666,0.0253852930306501,143325042.43496424
Species0.root,999.9990000000004,3,e_aq^-1,12937,100,154.8655662853988,248.66438974373293,1.548655662853988,caseC_diffuse_0p74Gy_s_20s_full,5,reproductive,Reproductive system,e⁻aq,Diffuse dose-response,Diffuse field,Diffuse field: 0.74 Gy/s × 20 s,0.74,20.0,14.8,18669872781.29357,2.991243392994115e-09,0.3757023368536215,16.057091133052666,0.0253852930306501,289132042.0751383
Species0.root,999.9990000000004,4,H^0,5930,100,76.14111728510161,60.151344835972,0.7614111728510161,caseC_diffuse_0p74Gy_s_20s_full,5,reproductive,Reproductive system,H•,Diffuse dose-response,Diffuse field,Diffuse field: 0.74 Gy/s × 20 s,0.74,20.0,14.8,18669872781.29357,2.991243392994115e-09,0.3757023368536215,16.057091133052666,0.0253852930306501,142154497.31384
Species0.root,999.9990000000004,5,H_2^0,5197,100,69.89271469502533,50.351569353209136,0.6989271469502534,caseC_diffuse_0p74Gy_s_20s_full,5,reproductive,Reproductive system,H₂,Diffuse dose-response,Diffuse field,Diffuse field: 0.74 Gy/s × 20 s,0.74,20.0,14.8,18669872781.29357,2.991243392994115e-09,0.3757023368536215,16.057091133052666,0.0253852930306501,130488809.16953707
Species0.root,999.9990000000004,6,H2O2^0,6480,100,86.87841243023855,77.24002918647676,0.8687841243023855,caseC_diffuse_0p74Gy_s_20s_full,5,reproductive,Reproductive system,H₂O₂,Diffuse dose-response,Diffuse field,Diffuse field: 0.74 Gy/s × 20 s,0.74,20.0,14.8,18669872781.29357,2.991243392994115e-09,0.3757023368536215,16.057091133052666,0.0253852930306501,162200890.75133076
Species0.root,999.9990000000004,9,°O^0,1429,100,18.369702819102848,3.722448538781028,0.1836970281910284,caseC_diffuse_0p74Gy_s_20s_full,5,reproductive,Reproductive system,O•,Diffuse dose-response,Diffuse field,Diffuse field: 0.74 Gy/s × 20 s,0.74,20.0,14.8,18669872781.29357,2.991243392994115e-09,0.3757023368536215,16.057091133052666,0.0253852930306501,34296001.46628199
Species0.root,999.9990000000004,0,H3O^1,5030,100,195.069186153904,388.4262842201446,1.95069186153904,caseC_diffuse_0p74Gy_s_20s_full,6,excretory,Excretory system,H₃O⁺,Diffuse dose-response,Diffuse field,Diffuse field: 0.74 Gy/s × 20 s,0.74,20.0,14.8,1312390228.4943078,2.102680958783501e-10,0.026409825149060644,2322.801216019598,0.0017844476452068,25600689.378872074
Species0.root,999.9990000000004,1,°OH^0,3184,100,123.47918264692451,158.83507653539175,1.2347918264692452,caseC_diffuse_0p74Gy_s_20s_full,6,excretory,Excretory system,•OH,Diffuse dose-response,Diffuse field,Diffuse field: 0.74 Gy/s × 20 s,0.74,20.0,14.8,1312390228.4943078,2.102680958783501e-10,0.026409825149060644,2322.801216019598,0.0017844476452068,16205287.272828763
Species0.root,999.9990000000004,2,OH^-1,1980,100,76.78667765103972,61.23294485429349,0.7678667765103973,caseC_diffuse_0p74Gy_s_20s_full,6,excretory,Excretory system,OH⁻,Diffuse dose-response,Diffuse field,Diffuse field: 0.74 Gy/s × 20 s,0.74,20.0,14.8,1312390228.4943078,2.102680958783501e-10,0.026409825149060644,2322.801216019598,0.0017844476452068,10077408.542776678
Species0.root,999.9990000000004,3,e_aq^-1,3163,100,122.66477849001954,156.05722986972688,1.226647784900195,caseC_diffuse_0p74Gy_s_20s_full,6,excretory,Excretory system,e⁻aq,Diffuse dose-response,Diffuse field,Diffuse field: 0.74 Gy/s × 20 s,0.74,20.0,14.8,1312390228.4943078,2.102680958783501e-10,0.026409825149060644,2322.801216019598,0.0017844476452068,16098405.667072035
Species0.root,999.9990000000004,4,H^0,1938,100,75.15786933722978,58.92885113918865,0.7515786933722979,caseC_diffuse_0p74Gy_s_20s_full,6,excretory,Excretory system,H•,Diffuse dose-response,Diffuse field,Diffuse field: 0.74 Gy/s × 20 s,0.74,20.0,14.8,1312390228.4943078,2.102680958783501e-10,0.026409825149060644,2322.801216019598,0.0017844476452068,9863645.331263233
Species0.root,999.9990000000004,5,H_2^0,2011,100,77.98889331123277,63.14750836560447,0.7798889331123278,caseC_diffuse_0p74Gy_s_20s_full,6,excretory,Excretory system,H₂,Diffuse dose-response,Diffuse field,Diffuse field: 0.74 Gy/s × 20 s,0.74,20.0,14.8,1312390228.4943078,2.102680958783501e-10,0.026409825149060644,2322.801216019598,0.0017844476452068,10235186.151274698
Species0.root,999.9990000000004,6,H2O2^0,2372,100,91.98888857993242,86.51781661561347,0.9198888857993244,caseC_diffuse_0p74Gy_s_20s_full,6,excretory,Excretory system,H₂O₂,Diffuse dose-response,Diffuse field,Diffuse field: 0.74 Gy/s × 20 s,0.74,20.0,14.8,1312390228.4943078,2.102680958783501e-10,0.026409825149060644,2322.801216019598,0.0017844476452068,12072531.850235496
Species0.root,999.9990000000004,9,°O^0,541,100,20.98060232788509,5.115027888427864,0.2098060232788509,caseC_diffuse_0p74Gy_s_20s_full,6,excretory,Excretory system,O•,Diffuse dose-response,Diffuse field,Diffuse field: 0.74 Gy/s × 20 s,0.74,20.0,14.8,1312390228.4943078,2.102680958783501e-10,0.026409825149060644,2322.801216019598,0.0017844476452068,2753473.748304132
Species0.root,999.9990000000004,0,H3O^1,7134,100,207.9388757033988,443.6458362375493,2.079388757033988,caseD_focused_1p0Gy_s_15s_full,1,body,Residual body envelope,H₃O⁺,Focused extended pulse,Focused beam,Focused beam: 1 Gy/s × 15 s,1.0,15.0,15.0,678765285195.391,1.0875018799104015e-07,13.659102384379194,15.04865904447617,0.9106068256252796,14114169027.002645
Species0.root,999.9990000000004,1,°OH^0,4868,100,130.23626472231973,183.06696418941175,1.3023626472231973,caseD_focused_1p0Gy_s_15s_full,1,body,Residual body envelope,•OH,Focused extended pulse,Focused beam,Focused beam: 1 Gy/s × 15 s,1.0,15.0,15.0,678765285195.391,1.0875018799104015e-07,13.659102384379194,15.04865904447617,0.9106068256252796,8839985536.70278
Species0.root,999.9990000000004,2,OH^-1,2471,100,74.37771451664533,57.91401359825154,0.7437771451664532,caseD_focused_1p0Gy_s_15s_full,1,body,Residual body envelope,OH⁻,Focused extended pulse,Focused beam,Focused beam: 1 Gy/s × 15 s,1.0,15.0,15.0,678765285195.391,1.0875018799104015e-07,13.659102384379194,15.04865904447617,0.9106068256252796,5048501060.607213
Species0.root,999.9990000000004,3,e_aq^-1,4779,100,139.37279451832916,204.48135731341355,1.3937279451832916,caseD_focused_1p0Gy_s_15s_full,1,body,Residual body envelope,e⁻aq,Focused extended pulse,Focused beam,Focused beam: 1 Gy/s × 15 s,1.0,15.0,15.0,678765285195.391,1.0875018799104015e-07,13.659102384379194,15.04865904447617,0.9106068256252796,9460141461.971231
Species0.root,999.9990000000004,4,H^0,2567,100,76.88718118967616,61.65546937964149,0.7688718118967616,caseD_focused_1p0Gy_s_15s_full,1,body,Residual body envelope,H•,Focused extended pulse,Focused beam,Focused beam: 1 Gy/s × 15 s,1.0,15.0,15.0,678765285195.391,1.0875018799104015e-07,13.659102384379194,15.04865904447617,0.9106068256252796,5218834946.808023
Species0.root,999.9990000000004,5,H_2^0,2384,100,74.74895579646949,59.58550591618087,0.7474895579646949,caseD_focused_1p0Gy_s_15s_full,1,body,Residual body envelope,H₂,Focused extended pulse,Focused beam,Focused beam: 1 Gy/s × 15 s,1.0,15.0,15.0,678765285195.391,1.0875018799104015e-07,13.659102384379194,15.04865904447617,0.9106068256252796,5073699629.924829
Species0.root,999.9990000000004,6,H2O2^0,2892,100,93.64924003699888,91.68862575287336,0.9364924003699888,caseD_focused_1p0Gy_s_15s_full,1,body,Residual body envelope,H₂O₂,Focused extended pulse,Focused beam,Focused beam: 1 Gy/s × 15 s,1.0,15.0,15.0,678765285195.391,1.0875018799104015e-07,13.659102384379194,15.04865904447617,0.9106068256252796,6356585312.204517
Species0.root,999.9990000000004,9,°O^0,673,100,21.205754586525565,5.790685571849094,0.2120575458652556,caseD_focused_1p0Gy_s_15s_full,1,body,Residual body envelope,O•,Focused extended pulse,Focused beam,Focused beam: 1 Gy/s × 15 s,1.0,15.0,15.0,678765285195.391,1.0875018799104015e-07,13.659102384379194,15.04865904447617,0.9106068256252796,1439373005.9706492
Species0.root,999.9990000000004,0,H3O^1,13986,100,220.0003064050485,492.0300319577232,2.200003064050485,caseD_focused_1p0Gy_s_15s_full,2,nervous,Nervous system,H₃O⁺,Focused extended pulse,Focused beam,Focused beam: 1 Gy/s × 15 s,1.0,15.0,15.0,23424786410.103615,3.753064544270875e-09,0.471387625275672,232.41667972943242,0.0314258416850448,515346018.7695612
Species0.root,999.9990000000004,1,°OH^0,9706,100,147.93108337049088,228.3278050359711,1.4793108337049088,caseD_focused_1p0Gy_s_15s_full,2,nervous,Nervous system,•OH,Focused extended pulse,Focused beam,Focused beam: 1 Gy/s × 15 s,1.0,15.0,15.0,23424786410.103615,3.753064544270875e-09,0.471387625275672,232.41667972943242,0.0314258416850448,346525403.136898
Species0.root,999.9990000000004,2,OH^-1,4672,100,76.69182923162474,60.28453922076116,0.7669182923162474,caseD_focused_1p0Gy_s_15s_full,2,nervous,Nervous system,OH⁻,Focused extended pulse,Focused beam,Focused beam: 1 Gy/s × 15 s,1.0,15.0,15.0,23424786410.103615,3.753064544270875e-09,0.471387625275672,232.41667972943242,0.0314258416850448,179648971.91509506
Species0.root,999.9990000000004,3,e_aq^-1,9466,100,146.46880761376727,220.62479434786783,1.4646880761376726,caseD_focused_1p0Gy_s_15s_full,2,nervous,Nervous system,e⁻aq,Focused extended pulse,Focused beam,Focused beam: 1 Gy/s × 15 s,1.0,15.0,15.0,23424786410.103615,3.753064544270875e-09,0.471387625275672,232.41667972943242,0.0314258416850448,343100053.40950567
Species0.root,999.9990000000004,4,H^0,4798,100,79.38557956208454,64.51670169880212,0.7938557956208454,caseD_focused_1p0Gy_s_15s_full,2,nervous,Nervous system,H•,Focused extended pulse,Focused beam,Focused beam: 1 Gy/s × 15 s,1.0,15.0,15.0,23424786410.103615,3.753064544270875e-09,0.471387625275672,232.41667972943242,0.0314258416850448,185959024.52841175
Species0.root,999.9990000000004,5,H_2^0,4153,100,70.50839486000045,51.03440125341151,0.7050839486000045,caseD_focused_1p0Gy_s_15s_full,2,nervous,Nervous system,H₂,Focused extended pulse,Focused beam,Focused beam: 1 Gy/s × 15 s,1.0,15.0,15.0,23424786410.103615,3.753064544270875e-09,0.471387625275672,232.41667972943242,0.0314258416850448,165164408.9714758
Species0.root,999.9990000000004,6,H2O2^0,5197,100,87.7513285303389,78.8033628984144,0.8775132853033889,caseD_focused_1p0Gy_s_15s_full,2,nervous,Nervous system,H₂O₂,Focused extended pulse,Focused beam,Focused beam: 1 Gy/s × 15 s,1.0,15.0,15.0,23424786410.103615,3.753064544270875e-09,0.471387625275672,232.41667972943242,0.0314258416850448,205555612.80260202
Species0.root,999.9990000000004,9,°O^0,1159,100,20.1385530121703,4.607117999956021,0.201385530121703,caseD_focused_1p0Gy_s_15s_full,2,nervous,Nervous system,O•,Focused extended pulse,Focused beam,Focused beam: 1 Gy/s × 15 s,1.0,15.0,15.0,23424786410.103615,3.753064544270875e-09,0.471387625275672,232.41667972943242,0.0314258416850448,47174130.29186381
Species0.root,999.9990000000004,0,H3O^1,7561,100,211.14509339927716,454.7170047970933,2.111450933992771,caseD_focused_1p0Gy_s_15s_full,3,bodywall,Body wall muscle,H₃O⁺,Focused extended pulse,Focused beam,Focused beam: 1 Gy/s × 15 s,1.0,15.0,15.0,11713907425.088749,1.87677487693163e-09,0.23572428397596748,11.199076737685981,0.0157149522650645,247333407.73408496
Species0.root,999.9990000000004,1,°OH^0,5047,100,134.25668607453014,189.9223187314108,1.3425668607453014,caseD_focused_1p0Gy_s_15s_full,3,bodywall,Body wall muscle,•OH,Focused extended pulse,Focused beam,Focused beam: 1 Gy/s × 15 s,1.0,15.0,15.0,11713907425.088749,1.87677487693163e-09,0.23572428397596748,11.199076737685981,0.0157149522650645,157267039.18762478
Species0.root,999.9990000000004,2,OH^-1,2746,100,78.453062924328,64.23308083603038,0.78453062924328,caseD_focused_1p0Gy_s_15s_full,3,bodywall,Body wall muscle,OH⁻,Focused extended pulse,Focused beam,Focused beam: 1 Gy/s × 15 s,1.0,15.0,15.0,11713907425.088749,1.87677487693163e-09,0.23572428397596748,11.199076737685981,0.0157149522650645,91899191.63102405
Species0.root,999.9990000000004,3,e_aq^-1,4942,100,137.72255825594007,196.68178811871388,1.3772255825594006,caseD_focused_1p0Gy_s_15s_full,3,bodywall,Body wall muscle,e⁻aq,Focused extended pulse,Focused beam,Focused beam: 1 Gy/s × 15 s,1.0,15.0,15.0,11713907425.088749,1.87677487693163e-09,0.23572428397596748,11.199076737685981,0.0157149522650645,161326929.7756474
Species0.root,999.9990000000004,4,H^0,2636,100,74.80033705672506,59.14239634424764,0.7480033705672505,caseD_focused_1p0Gy_s_15s_full,3,bodywall,Body wall muscle,H•,Focused extended pulse,Focused beam,Focused beam: 1 Gy/s × 15 s,1.0,15.0,15.0,11713907425.088749,1.87677487693163e-09,0.23572428397596748,11.199076737685981,0.0157149522650645,87620422.36479126
Species0.root,999.9990000000004,5,H_2^0,2674,100,74.99283887905403,58.30386330373766,0.7499283887905404,caseD_focused_1p0Gy_s_15s_full,3,bodywall,Body wall muscle,H₂,Focused extended pulse,Focused beam,Focused beam: 1 Gy/s × 15 s,1.0,15.0,15.0,11713907425.088749,1.87677487693163e-09,0.23572428397596748,11.199076737685981,0.0157149522650645,87845917.21738352
Species0.root,999.9990000000004,6,H2O2^0,3193,100,92.56772129755552,88.35431982646963,0.9256772129755552,caseD_focused_1p0Gy_s_15s_full,3,bodywall,Body wall muscle,H₂O₂,Focused extended pulse,Focused beam,Focused beam: 1 Gy/s × 15 s,1.0,15.0,15.0,11713907425.088749,1.87677487693163e-09,0.23572428397596748,11.199076737685981,0.0157149522650645,108432971.78309815
Species0.root,999.9990000000004,9,°O^0,683,100,19.042958310070567,4.424019790466383,0.1904295831007056,caseD_focused_1p0Gy_s_15s_full,3,bodywall,Body wall muscle,O•,Focused extended pulse,Focused beam,Focused beam: 1 Gy/s × 15 s,1.0,15.0,15.0,11713907425.088749,1.87677487693163e-09,0.23572428397596748,11.199076737685981,0.0157149522650645,22306745.074399102
Species0.root,999.9990000000004,0,H3O^1,11780,100,221.61707998160117,502.256269509362,2.216170799816011,caseD_focused_1p0Gy_s_15s_full,4,digestive,Digestive system,H₃O⁺,Focused extended pulse,Focused beam,Focused beam: 1 Gy/s × 15 s,1.0,15.0,15.0,22963957142.762596,3.679231555831163e-09,0.4621141484470545,10.078484941656292,0.0308076098964703,508920512.68016785
Species0.root,999.9990000000004,1,°OH^0,8072,100,143.86588142212116,217.38458831796945,1.4386588142212116,caseD_focused_1p0Gy_s_15s_full,4,digestive,Digestive system,•OH,Focused extended pulse,Focused beam,Focused beam: 1 Gy/s × 15 s,1.0,15.0,15.0,22963957142.762596,3.679231555831163e-09,0.4621141484470545,10.078484941656292,0.0308076098964703,330372993.5283356
Species0.root,999.9990000000004,2,OH^-1,4015,100,77.91549720739764,64.11152873116507,0.7791549720739763,caseD_focused_1p0Gy_s_15s_full,4,digestive,Digestive system,OH⁻,Focused extended pulse,Focused beam,Focused beam: 1 Gy/s × 15 s,1.0,15.0,15.0,22963957142.762596,3.679231555831163e-09,0.4621141484470545,10.078484941656292,0.0308076098964703,178924813.86277178
Species0.root,999.9990000000004,3,e_aq^-1,7902,100,148.48729860631084,233.86501087799695,1.4848729860631085,caseD_focused_1p0Gy_s_15s_full,4,digestive,Digestive system,e⁻aq,Focused extended pulse,Focused beam,Focused beam: 1 Gy/s × 15 s,1.0,15.0,15.0,22963957142.762596,3.679231555831163e-09,0.4621141484470545,10.078484941656292,0.0308076098964703,340985596.1439914
Species0.root,999.9990000000004,4,H^0,3937,100,77.60112545500202,63.53183002685832,0.7760112545500202,caseD_focused_1p0Gy_s_15s_full,4,digestive,Digestive system,H•,Focused extended pulse,Focused beam,Focused beam: 1 Gy/s × 15 s,1.0,15.0,15.0,22963957142.762596,3.679231555831163e-09,0.4621141484470545,10.078484941656292,0.0308076098964703,178202891.91788098
Species0.root,999.9990000000004,5,H_2^0,3544,100,72.49118829902673,54.256474092598985,0.7249118829902673,caseD_focused_1p0Gy_s_15s_full,4,digestive,Digestive system,H₂,Focused extended pulse,Focused beam,Focused beam: 1 Gy/s × 15 s,1.0,15.0,15.0,22963957142.762596,3.679231555831163e-09,0.4621141484470545,10.078484941656292,0.0308076098964703,166468454.13267833
Species0.root,999.9990000000004,6,H2O2^0,4396,100,92.9084127822835,90.07118948351437,0.929084127822835,caseD_focused_1p0Gy_s_15s_full,4,digestive,Digestive system,H₂O₂,Focused extended pulse,Focused beam,Focused beam: 1 Gy/s × 15 s,1.0,15.0,15.0,22963957142.762596,3.679231555831163e-09,0.4621141484470545,10.078484941656292,0.0308076098964703,213354480.93344548
Species0.root,999.9990000000004,9,°O^0,963,100,18.30118892028543,4.042468620617775,0.1830118892028543,caseD_focused_1p0Gy_s_15s_full,4,digestive,Digestive system,O•,Focused extended pulse,Focused beam,Focused beam: 1 Gy/s × 15 s,1.0,15.0,15.0,22963957142.762596,3.679231555831163e-09,0.4621141484470545,10.078484941656292,0.0308076098964703,42026771.80270363
Species0.root,999.9990000000004,0,H3O^1,14212,100,225.9016930894123,519.0565862024996,2.259016930894123,caseD_focused_1p0Gy_s_15s_full,5,reproductive,Reproductive system,H₃O⁺,Focused extended pulse,Focused beam,Focused beam: 1 Gy/s × 15 s,1.0,15.0,15.0,8213204726.524183,1.3159004703095405e-09,0.165278052237405,7.063796220419675,0.011018536815827,185537685.34117764
Species0.root,999.9990000000004,1,°OH^0,9932,100,156.44468266058092,251.53790761090465,1.5644468266058091,caseD_focused_1p0Gy_s_15s_full,5,reproductive,Reproductive system,•OH,Focused extended pulse,Focused beam,Focused beam: 1 Gy/s × 15 s,1.0,15.0,15.0,8213204726.524183,1.3159004703095405e-09,0.165278052237405,7.063796220419675,0.011018536815827,128491220.70674591
Species0.root,999.9990000000004,2,OH^-1,4818,100,77.23186466376913,60.95492225025931,0.7723186466376913,caseD_focused_1p0Gy_s_15s_full,5,reproductive,Reproductive system,OH⁻,Focused extended pulse,Focused beam,Focused beam: 1 Gy/s × 15 s,1.0,15.0,15.0,8213204726.524183,1.3159004703095405e-09,0.165278052237405,7.063796220419675,0.011018536815827,63432111.58947447
Species0.root,999.9990000000004,3,e_aq^-1,9546,100,151.23803173309352,235.40644759318485,1.5123803173309351,caseD_focused_1p0Gy_s_15s_full,5,reproductive,Reproductive system,e⁻aq,Focused extended pulse,Focused beam,Focused beam: 1 Gy/s × 15 s,1.0,15.0,15.0,8213204726.524183,1.3159004703095405e-09,0.165278052237405,7.063796220419675,0.011018536815827,124214891.7060458
Species0.root,999.9990000000004,4,H^0,4668,100,75.5259321688397,58.44568108784537,0.755259321688397,caseD_focused_1p0Gy_s_15s_full,5,reproductive,Reproductive system,H•,Focused extended pulse,Focused beam,Focused beam: 1 Gy/s × 15 s,1.0,15.0,15.0,8213204726.524183,1.3159004703095405e-09,0.165278052237405,7.063796220419675,0.011018536815827,62030994.306425914
Species0.root,999.9990000000004,5,H_2^0,4414,100,71.65160525818825,52.92554634653816,0.7165160525818826,caseD_focused_1p0Gy_s_15s_full,5,reproductive,Reproductive system,H₂,Focused extended pulse,Focused beam,Focused beam: 1 Gy/s × 15 s,1.0,15.0,15.0,8213204726.524183,1.3159004703095405e-09,0.165278052237405,7.063796220419675,0.011018536815827,58848930.29695968
Species0.root,999.9990000000004,6,H2O2^0,5325,100,86.65857126077631,76.42434435560591,0.8665857126077632,caseD_focused_1p0Gy_s_15s_full,5,reproductive,Reproductive system,H₂O₂,Focused extended pulse,Focused beam,Focused beam: 1 Gy/s × 15 s,1.0,15.0,15.0,8213204726.524183,1.3159004703095405e-09,0.165278052237405,7.063796220419675,0.011018536815827,71174458.70728408
Species0.root,999.9990000000004,9,°O^0,1154,100,18.86857296436288,3.903926052319978,0.1886857296436287,caseD_focused_1p0Gy_s_15s_full,5,reproductive,Reproductive system,O•,Focused extended pulse,Focused beam,Focused beam: 1 Gy/s × 15 s,1.0,15.0,15.0,8213204726.524183,1.3159004703095405e-09,0.165278052237405,7.063796220419675,0.011018536815827,15497145.265367154
Species0.root,999.9990000000004,0,H3O^1,1563,100,208.44766781267504,446.0173004816096,2.0844766781267503,caseD_focused_1p0Gy_s_15s_full,6,excretory,Excretory system,H₃O⁺,Focused extended pulse,Focused beam,Focused beam: 1 Gy/s × 15 s,1.0,15.0,15.0,317714121.12998235,5.090341411663034e-11,0.0063935056847055,562.3226467892905,0.0004262337123137,6622676.758069856
Species0.root,999.9990000000004,1,°OH^0,862,100,114.95962229976068,145.80890175651933,1.1495962229976069,caseD_focused_1p0Gy_s_15s_full,6,excretory,Excretory system,•OH,Focused extended pulse,Focused beam,Focused beam: 1 Gy/s × 15 s,1.0,15.0,15.0,317714121.12998235,5.090341411663034e-11,0.0063935056847055,562.3226467892905,0.0004262337123137,3652429.536440319
Species0.root,999.9990000000004,2,OH^-1,511,100,68.14891762781639,53.26880467928463,0.6814891762781639,caseD_focused_1p0Gy_s_15s_full,6,excretory,Excretory system,OH⁻,Focused extended pulse,Focused beam,Focused beam: 1 Gy/s × 15 s,1.0,15.0,15.0,317714121.12998235,5.090341411663034e-11,0.0063935056847055,562.3226467892905,0.0004262337123137,2165187.3470081245
Species0.root,999.9990000000004,3,e_aq^-1,1152,100,153.63513328227873,249.0383315924352,1.5363513328227874,caseD_focused_1p0Gy_s_15s_full,6,excretory,Excretory system,e⁻aq,Focused extended pulse,Focused beam,Focused beam: 1 Gy/s × 15 s,1.0,15.0,15.0,317714121.12998235,5.090341411663034e-11,0.0063935056847055,562.3226467892905,0.0004262337123137,4881205.134546689
Species0.root,999.9990000000004,4,H^0,606,100,80.8184815703654,76.30155995797364,0.8081848157036541,caseD_focused_1p0Gy_s_15s_full,6,excretory,Excretory system,H•,Focused extended pulse,Focused beam,Focused beam: 1 Gy/s × 15 s,1.0,15.0,15.0,317714121.12998235,5.090341411663034e-11,0.0063935056847055,562.3226467892905,0.0004262337123137,2567717.284318832
Species0.root,999.9990000000004,5,H_2^0,552,100,73.61683469775855,60.97010432073046,0.7361683469775855,caseD_focused_1p0Gy_s_15s_full,6,excretory,Excretory system,H₂,Focused extended pulse,Focused beam,Focused beam: 1 Gy/s × 15 s,1.0,15.0,15.0,317714121.12998235,5.090341411663034e-11,0.0063935056847055,562.3226467892905,0.0004262337123137,2338910.793636955
Species0.root,999.9990000000004,6,H2O2^0,769,100,102.55678601916004,112.2468869218582,1.0255678601916003,caseD_focused_1p0Gy_s_15s_full,6,excretory,Excretory system,H₂O₂,Focused extended pulse,Focused beam,Focused beam: 1 Gy/s × 15 s,1.0,15.0,15.0,317714121.12998235,5.090341411663034e-11,0.0063935056847055,562.3226467892905,0.0004262337123137,3258373.913599309
Species0.root,999.9990000000004,9,°O^0,181,100,24.138853406330263,8.377164275106196,0.2413885340633026,caseD_focused_1p0Gy_s_15s_full,6,excretory,Excretory system,O•,Focused extended pulse,Focused beam,Focused beam: 1 Gy/s × 15 s,1.0,15.0,15.0,317714121.12998235,5.090341411663034e-11,0.0063935056847055,562.3226467892905,0.0004262337123137,766925.4595077699
