object,verts,edges,polygons,boundary_edges,nonmanifold_edges,wire_edges,loose_verts,degenerate_faces,min_face_area,bbox_min_x,bbox_min_y,bbox_min_z,bbox_max_x,bbox_max_y,bbox_max_z,extent_x,extent_y,extent_z,problem_score
hyp10,72,140,70,0,0,0,0,0,4.854776489082724e-05,-0.04392397031188011,4.191502571105957,0.164699986577034,0.031636402010917664,4.619907379150391,0.6728226542472839,0.07556037604808807,0.4284048080444336,0.5081226825714111,0
hyp9,67,131,66,0,0,0,0,0,0.0006136881420388818,-0.04399491846561432,3.9937634468078613,0.05617523938417435,0.03170578181743622,4.386119842529297,0.39470210671424866,0.07570070028305054,0.39235639572143555,0.3385268747806549,0
hyp8,58,113,57,0,0,0,0,0,0.002001484390348196,-0.0885942280292511,3.9987785816192627,0.01418264489620924,0.07743505388498306,4.221772193908691,0.1950453668832779,0.16602927446365356,0.2229936122894287,0.18086272478103638,0
hyp11,90,179,90,12,12,0,0,0,0.0007418090826831758,-0.08720945566892624,3.933873176574707,0.03715889900922775,0.07684049010276794,4.205578804016113,0.22250095009803772,0.16404995322227478,0.27170562744140625,0.18534204363822937,24
hyp7,3505,7213,3642,0,0,0,0,16,0.0,-0.28922805190086365,-3.3659322261810303,-0.7076899409294128,0.28723761439323425,4.060296058654785,0.6868481040000916,0.5764656662940979,7.4262285232543945,1.3945380449295044,16
Seam_Cells_Left,348,692,346,0,0,0,0,0,0.0003021304728463292,0.10138000547885895,-3.140291213989258,-0.7496909499168396,0.2933638393878937,3.9959797859191895,0.576723039150238,0.19198383390903473,7.136270999908447,1.3264139890670776,0
hyp5,84,168,84,0,0,0,0,0,0.001087083830498159,-0.10364309698343277,-3.4267659187316895,0.49324169754981995,0.06597325205802917,-3.218651533126831,0.6662936210632324,0.16961634159088135,0.2081143856048584,0.17305192351341248,0
hyp4,110,220,110,0,0,0,0,0,6.400170241249725e-05,-0.08487590402364731,-3.4792392253875732,0.5154469609260559,0.046207260340452194,-3.3637635707855225,0.6684369444847107,0.1310831606388092,0.11547565460205078,0.15298998355865479,0
hyp2,178,356,178,0,0,0,0,0,2.0430593394848984e-06,-0.09233454614877701,-3.5085813999176025,0.4912724494934082,0.04921301454305649,-3.137788772583008,0.6208119988441467,0.1415475606918335,0.3707926273345947,0.12953954935073853,0
hyp1,160,320,160,0,0,0,0,0,3.839478267764207e-06,-0.09407173842191696,-3.498948335647583,0.48033657670021057,0.0516354963183403,-3.1016592979431152,0.6184988617897034,0.14570723474025726,0.3972890377044678,0.1381622850894928,0
Seam_Cells_Right,348,692,346,0,0,0,0,0,0.00030213413992896676,-0.29437389969825745,-3.1402111053466797,-0.7483925819396973,-0.10628318786621094,3.9959800243377686,0.576723039150238,0.1880907118320465,7.136191368103027,1.32511568069458,0
hyp3,96,192,96,0,0,0,0,0,0.0003248891734983772,-0.07167917490005493,-3.529775857925415,0.5217470526695251,0.032678671181201935,-3.261075019836426,0.6770965456962585,0.10435784608125687,0.26870083808898926,0.1553494930267334,0
Cuticle,992,2006,1010,0,0,0,0,0,4.9533402489032596e-05,-0.3074254095554352,-3.5959293842315674,-1.040671944618225,0.3057541251182556,4.625528812408447,1.1547380685806274,0.6131795644760132,8.221458435058594,2.1954100131988525,0
Phar_Gland_g1_R,72,140,70,0,0,0,0,0,4.2303749978600536e-06,-0.07326815277338028,-2.8553109169006348,0.2343115210533142,-0.03042377158999443,-2.520941734313965,0.5612985491752625,0.04284438118338585,0.3343691825866699,0.32698702812194824,0
Phar_Gland_g2_VR,64,124,62,0,0,0,0,0,6.153881713544251e-06,-0.11180375516414642,-2.6000185012817383,0.25448182225227356,-0.01937386579811573,-2.3674745559692383,0.45406147837638855,0.09242989122867584,0.2325439453125,0.199579656124115,0
Phar_Gland_Dorsal_g2,132,260,130,0,0,0,0,0,6.6265206442039926e-06,-0.10025740414857864,-3.41019606590271,0.07091517746448517,0.05753076821565628,-2.353984832763672,0.8505685329437256,0.15778817236423492,1.056211233139038,0.7796533703804016,0
Arcade_Cell_Ant,488,980,491,2,4,0,0,0,8.949358942800245e-08,-0.09109698981046677,-3.5009968280792236,0.487362265586853,0.04823494702577591,-3.1704232692718506,0.6226208806037903,0.13933193683624268,0.33057355880737305,0.13525861501693726,6
Arcade_Cell_Post,456,890,432,52,52,0,0,0,4.645641638489906e-06,-0.09663344919681549,-3.482048749923706,0.4715738296508789,0.05101413652300835,-3.0853829383850098,0.6522747874259949,0.14764758944511414,0.3966658115386963,0.18070095777511597,104
e1VR,84,164,82,0,0,0,0,0,1.5720347690262315e-08,-0.08464497327804565,-3.4650254249572754,0.5149407386779785,-0.03289839252829552,-3.140406370162964,0.5850738286972046,0.05174658074975014,0.3246190547943115,0.07013309001922607,0
e3VR,86,171,87,0,0,0,0,0,5.498618005361777e-09,-0.09171544760465622,-3.4502105712890625,0.5122019052505493,-0.03277122974395752,-3.0868637561798096,0.5840197801589966,0.0589442178606987,0.36334681510925293,0.07181787490844727,0
e2DR,138,273,137,0,0,0,0,0,1.954734329956409e-08,-0.05063549801707268,-3.46146559715271,0.5681338310241699,-0.01918032206594944,-3.248394012451172,0.6362466812133789,0.03145517408847809,0.21307158470153809,0.06811285018920898,0
e2DL,130,257,129,0,0,0,0,0,3.421098782041554e-08,-0.009822556748986244,-3.4636621475219727,0.5400553345680237,0.035553593188524246,-3.248194456100464,0.6050624251365662,0.04537615180015564,0.2154676914215088,0.06500709056854248,0
e3D,96,190,96,0,0,0,0,0,3.1287825663639524e-08,-0.040608327835798264,-3.4458155632019043,0.567272961139679,-0.002191668376326561,-3.081906318664551,0.6430066227912903,0.03841666132211685,0.3639092445373535,0.07573366165161133,0
e1D,108,212,106,0,0,0,0,0,4.6995296543173026e-08,-0.036284189671278,-3.4605722427368164,0.5716375708580017,-0.006453225389122963,-3.139893054962158,0.6418092846870422,0.029830964282155037,0.3206791877746582,0.07017171382904053,0
e2V,142,283,143,0,0,0,0,0,1.3270873289172869e-08,-0.071652352809906,-3.4644663333892822,0.5314502120018005,-0.002319173887372017,-3.2527055740356445,0.5736896395683289,0.06933318078517914,0.2117607593536377,0.04223942756652832,0
pm1,308,628,314,0,0,0,0,0,0.005575597286224365,-0.09085673838853836,-3.4380977153778076,0.46994030475616455,0.04913720116019249,-3.027092218399048,0.6372336149215698,0.13999393582344055,0.41100549697875977,0.16729331016540527,0
pm2VR,152,300,150,0,0,0,0,0,4.410060137161054e-05,-0.06995386630296707,-3.4274797439575195,0.5319138169288635,-0.02645975537598133,-3.219359874725342,0.5893964171409607,0.04349411278963089,0.20811986923217773,0.05748260021209717,0
pm2VL,144,288,146,0,0,0,0,0,0.0003390672500245273,-0.016675185412168503,-3.4274556636810303,0.5326161980628967,0.026845982298254967,-3.220086097717285,0.5909776091575623,0.04352116584777832,0.20736956596374512,0.05836141109466553,0
pm2D,144,284,142,0,0,0,0,0,4.5411336031975225e-05,-0.04000535234808922,-3.4240453243255615,0.5734740495681763,-0.0024872496724128723,-3.214029312133789,0.6328736543655396,0.037518102675676346,0.21001601219177246,0.05939960479736328,0
mc3DR,214,437,225,0,0,0,0,0,1.0623773960105609e-05,-0.1356070637702942,-2.5947818756103516,0.3672960698604584,-0.04066108912229538,-2.368530511856079,0.4619564712047577,0.09494597464799881,0.22625136375427246,0.09466040134429932,0
mc2V,194,398,206,0,0,0,0,0,4.348758466221625e-06,-0.03842288628220558,-2.9302520751953125,0.3527391850948334,-0.004236022010445595,-2.589174509048462,0.4885823726654053,0.03418686240911484,0.3410775661468506,0.1358431875705719,0
mc2DR,194,396,204,0,0,0,0,0,2.307374643351068e-06,-0.10563605278730392,-2.9263439178466797,0.4141789972782135,-0.03879382461309433,-2.5832486152648926,0.5870783925056458,0.0668422281742096,0.3430953025817871,0.17289939522743225,0
mc1V,278,564,288,0,0,0,0,0,7.026603270787746e-06,-0.07837718725204468,-3.4346399307250977,0.4178394079208374,0.02694224938750267,-2.9163782596588135,0.5822516083717346,0.10531944036483765,0.5182616710662842,0.16441220045089722,0
mc1DR,288,582,296,0,0,0,0,0,5.16739055456128e-06,-0.10626943409442902,-3.424346685409546,0.5360380411148071,-0.03019273281097412,-2.9166462421417236,0.6205851435661316,0.0760767012834549,0.5077004432678223,0.08454710245132446,0
pm8,28,56,28,0,0,0,0,0,0.004070112016052008,-0.09871543943881989,-2.381289482116699,0.27868273854255676,0.055978912860155106,-2.3525731563568115,0.43426522612571716,0.1546943485736847,0.028716325759887695,0.1555824875831604,0
mc3V,188,386,200,0,0,0,0,0,2.584278036010801e-06,-0.044486578553915024,-2.6027638912200928,0.23818325996398926,0.0014470145106315613,-2.375532388687134,0.392941951751709,0.045933593064546585,0.22723150253295898,0.15475869178771973,0
pm7VL,142,289,149,0,0,0,0,0,1.179922946903389e-05,-0.015619192272424698,-2.495438575744629,0.24070128798484802,0.10336022824048996,-2.3721096515655518,0.41546574234962463,0.11897942423820496,0.12332892417907715,0.1747644543647766,0
pm7D,154,324,172,0,0,0,0,0,1.2691815754806157e-05,-0.10791824012994766,-2.486119270324707,0.3596346378326416,0.06576396524906158,-2.3643245697021484,0.4911856949329376,0.17368221282958984,0.1217947006225586,0.13155105710029602,0
pm6VL,167,346,181,0,0,0,0,0,2.784168373182183e-06,-0.01839638501405716,-2.602097511291504,0.2485370635986328,0.10087951272726059,-2.4036710262298584,0.4234374463558197,0.11927589774131775,0.1984264850616455,0.1749003827571869,0
pm6D,133,282,151,0,0,0,0,0,2.1858113541384228e-05,-0.10190405696630478,-2.5945332050323486,0.37211188673973083,0.05964735522866249,-2.398249864578247,0.4985552728176117,0.16155141592025757,0.19628334045410156,0.12644338607788086,0
mc3DL,214,437,225,0,0,0,0,0,9.505246453045402e-06,-0.0020482055842876434,-2.5947513580322266,0.3672599494457245,0.09242776036262512,-2.368523120880127,0.4618223309516907,0.09447596967220306,0.2262282371520996,0.09456238150596619,0
pm6VR,153,314,163,0,0,0,0,0,5.273324859444983e-06,-0.143575981259346,-2.6018686294555664,0.24791523814201355,-0.025646481662988663,-2.4036755561828613,0.42368802428245544,0.11792950332164764,0.19819307327270508,0.1757727861404419,0
pm5VL,157,313,158,0,0,0,0,0,9.608163964003325e-06,-0.01761714182794094,-2.9301397800445557,0.353851854801178,0.07034146785736084,-2.584944486618042,0.556911289691925,0.08795861154794693,0.34519529342651367,0.20305943489074707,0
pm5D,170,336,168,0,0,0,0,0,1.4304616342997178e-05,-0.08475510030984879,-2.925726890563965,0.4126434326171875,0.041909072548151016,-2.5809152126312256,0.6144153475761414,0.1266641765832901,0.34481167793273926,0.20177191495895386,0
mc2DL,194,396,204,0,0,0,0,0,3.221107590434258e-06,-0.003924412652850151,-2.926344871520996,0.4141789674758911,0.06308339536190033,-2.5832440853118896,0.5871519446372986,0.06700780987739563,0.34310078620910645,0.17297297716140747,0
pm5VR,137,273,138,0,0,0,0,0,7.387352980003925e-06,-0.11279521882534027,-2.9306600093841553,0.35403043031692505,-0.024831639602780342,-2.5850026607513428,0.5563580989837646,0.08796358108520508,0.3456573486328125,0.2023276686668396,0
pm4VL,106,211,107,0,0,0,0,0,1.7885982742882334e-05,-0.016075029969215393,-3.0520524978637695,0.4347493350505829,0.07133246213197708,-2.9188625812530518,0.5676541328430176,0.08740749210119247,0.13318991661071777,0.1329047977924347,0
pm4D,102,207,108,0,5,0,0,0,1.4324298717838246e-05,-0.08488952368497849,-3.0441486835479736,0.5306961536407471,0.040893714874982834,-2.9155640602111816,0.625775158405304,0.12578323483467102,0.128584623336792,0.09507900476455688,5
e3VL,86,171,87,0,0,0,0,0,5.498894228850304e-09,-0.009947014972567558,-3.4502108097076416,0.5122019648551941,0.0489971898496151,-3.0868639945983887,0.5840198397636414,0.058944202959537506,0.36334681510925293,0.07181787490844727,0
e1VL,84,164,82,0,0,0,0,0,1.572035834840335e-08,-0.009819849394261837,-3.4650256633758545,0.5149407982826233,0.04192672297358513,-3.140406370162964,0.5850738883018494,0.05174657329916954,0.3246192932128906,0.07013309001922607,0
Phar_Gland_g1_L,308,636,330,0,0,0,0,0,8.889265359357523e-07,-0.014234507456421852,-2.8548388481140137,0.23369485139846802,0.03198247402906418,-2.5206680297851562,0.5619797110557556,0.04621697962284088,0.3341708183288574,0.3282848596572876,0
Phar_Gland_g2_VL,64,124,62,0,0,0,0,0,6.034111720509827e-06,-0.019244996830821037,-2.6024017333984375,0.2512209117412567,0.06147421523928642,-2.3606410026550293,0.46341148018836975,0.08071921020746231,0.2417607307434082,0.21219056844711304,0
pm4VR,106,212,108,0,0,0,0,0,1.2912637430417817e-05,-0.11385707557201385,-3.052168846130371,0.4345461130142212,-0.0258730910718441,-2.918781280517578,0.5676870346069336,0.08798398077487946,0.13338756561279297,0.1331409215927124,0
pm3VL,199,411,214,0,0,0,0,0,1.2704581422440242e-06,-0.018467675894498825,-3.4233973026275635,0.47180187702178955,0.04924149066209793,-3.0449821949005127,0.5930374264717102,0.06770916283130646,0.3784151077270508,0.12123554944992065,0
pm3D,163,327,166,0,0,0,0,0,3.356608885951573e-06,-0.06831275671720505,-3.4181878566741943,0.5462155342102051,0.0272904671728611,-3.043527364730835,0.6307184100151062,0.09560322761535645,0.3746604919433594,0.08450287580490112,0
mc1DL,288,582,296,0,0,0,0,0,7.027333595033269e-06,-0.011400636285543442,-3.4245314598083496,0.5360471606254578,0.06312760710716248,-2.91666579246521,0.6203347444534302,0.07452824711799622,0.5078656673431396,0.08428758382797241,0
pm3VR,192,395,205,0,0,0,0,0,4.341704425314674e-06,-0.091921366751194,-3.4233155250549316,0.4700348675251007,-0.02372094988822937,-3.0454277992248535,0.5930395126342773,0.06820041686296463,0.3778877258300781,0.12300464510917664,0
pm7VR,140,298,160,0,0,0,0,0,2.098982258758042e-05,-0.14610514044761658,-2.4956512451171875,0.24086791276931763,-0.02522648498415947,-2.373274564743042,0.41516080498695374,0.12087865173816681,0.12237668037414551,0.1742928922176361,0
mu_bod_VL22,357,722,367,0,0,0,0,0,9.054769907379523e-05,-0.01550709456205368,2.205369234085083,-0.28067001700401306,0.1206074059009552,3.33240008354187,-0.10999362915754318,0.13611450791358948,1.127030849456787,0.17067638039588928,0
mu_bod_VL20,359,728,371,0,0,0,0,0,0.00015058762801345438,-0.02001575380563736,1.2952841520309448,-0.1514693945646286,0.13440416753292084,2.425621271133423,0.09627287089824677,0.1544199287891388,1.130337119102478,0.24774226546287537,0
mu_bod_VL18,297,600,305,0,0,0,0,0,0.00016142107779160142,-0.018604137003421783,0.511478066444397,-0.2519470155239105,0.15306629240512848,1.5114920139312744,0.14554361999034882,0.17167043685913086,1.0000139474868774,0.39749062061309814,0
mu_bod_VL16,191,387,198,0,0,0,0,0,0.00018306147831026465,-0.01818922907114029,-0.15746694803237915,-0.5978816151618958,0.1524449586868286,0.5110418200492859,-0.13613231480121613,0.1706341803073883,0.668508768081665,0.4617493152618408,0
mu_bod_VL14,275,557,284,0,0,0,0,0,0.00016261660493910313,-0.020927824079990387,-0.8305208683013916,-0.7184512615203857,0.14152370393276215,0.05694059282541275,-0.3853260278701782,0.16245153546333313,0.8874614834785461,0.3331252336502075,0
mu_bod_VL12,279,565,288,0,0,0,0,0,0.0001296510745305568,-0.018432699143886566,-1.4948009252548218,-0.6792821884155273,0.13592472672462463,-0.614543616771698,-0.45747801661491394,0.1543574333190918,0.8802573084831238,0.2218041718006134,0
mu_bod_VL10,231,468,239,0,0,0,0,0,0.00022325526515487581,-0.024165280163288116,-2.0671145915985107,-0.5335472226142883,0.12840864062309265,-1.2583074569702148,-0.09973687678575516,0.15257391333580017,0.8088071346282959,0.43381035327911377,0
mu_bod_VL8,119,242,125,0,0,0,0,0,0.0055587440729141235,0.01072695106267929,-2.614849090576172,-0.2133769690990448,0.12623196840286255,-1.8206590414047241,0.23530274629592896,0.11550501734018326,0.7941900491714478,0.44867971539497375,0
mu_bod_VL6,79,163,86,0,0,0,0,0,0.004846098832786083,-0.0007507391273975372,-2.9421403408050537,0.15860360860824585,0.0982956662774086,-2.393660068511963,0.3730071783065796,0.09904640913009644,0.5484802722930908,0.21440356969833374,0
mu_bod_VL4,56,112,58,0,0,0,0,0,0.00449560908600688,-0.00889371708035469,-3.151353359222412,0.2973790466785431,0.07768277078866959,-2.7186954021453857,0.45774006843566895,0.08657649159431458,0.43265795707702637,0.16036102175712585,0
mu_bod_VL2,115,234,121,0,0,0,0,0,0.0011776586761698127,-0.013019770383834839,-3.3735716342926025,0.3952358365058899,0.05942629277706146,-2.9663925170898438,0.5356168746948242,0.0724460631608963,0.4071791172027588,0.14038103818893433,0
mu_bod_VL21,112,226,116,0,0,0,0,0,4.656612873077393e-10,0.11302705109119415,2.060378313064575,-0.20581349730491638,0.2146463245153427,2.86160945892334,0.006725937128067017,0.10161927342414856,0.8012311458587646,0.2125394344329834,0
mu_bod_VL19,82,166,86,0,0,0,0,0,0.007015681359916925,0.12769952416419983,1.6505202054977417,-0.05568581074476242,0.22277669608592987,2.2681381702423096,0.1276416778564453,0.09507717192173004,0.6176179647445679,0.18332749605178833,0
mu_bod_VL17,142,286,146,0,0,0,0,0,0.006891951430588961,0.12860150635242462,0.9034294486045837,-0.01900511234998703,0.2180730104446411,1.8539164066314697,0.21612802147865295,0.08947150409221649,0.950486958026886,0.23513314127922058,0
mu_bod_VL15,150,310,162,0,0,0,0,0,4.0209657825585055e-09,0.13261239230632782,0.12116166949272156,-0.46248385310173035,0.2364347130060196,1.124358057975769,0.23340179026126862,0.10382232069969177,1.003196358680725,0.6958856582641602,0
mu_bod_VL13,112,230,120,0,0,0,0,0,1.5425030142068863e-09,0.13399988412857056,-0.47553423047065735,-0.665427029132843,0.2370162159204483,0.3475004732608795,-0.115982785820961,0.10301633179187775,0.8230347037315369,0.5494442582130432,0
mu_bod_VL11,129,262,135,0,0,0,0,0,9.313225746154785e-10,0.12496992945671082,-1.1419357061386108,-0.6663850545883179,0.22879746556282043,-0.2521266043186188,-0.3869865834712982,0.10382753610610962,0.8898091316223145,0.27939847111701965,0
mu_bod_VL9,129,259,132,0,0,0,0,0,0.005652265157550573,0.12196084856987,-1.802870273590088,-0.5845547318458557,0.21183674037456512,-0.9319508671760559,-0.24220219254493713,0.08987589180469513,0.870919406414032,0.3423525393009186,0
mu_bod_VL7,87,175,90,0,0,0,0,0,0.017309553921222687,0.10531432181596756,-2.2841243743896484,-0.28434374928474426,0.21545840799808502,-1.576271891593933,0.07493986189365387,0.11014408618211746,0.7078524827957153,0.3592836260795593,0
mu_bod_VL5,87,175,90,0,0,0,0,0,0.012926667928695679,0.0753246396780014,-2.761673927307129,0.03255182504653931,0.20669196546077728,-2.0600061416625977,0.3254110813140869,0.13136732578277588,0.7016677856445312,0.2928592562675476,0
mu_bod_VL3,74,150,78,0,0,0,0,0,1.9201913392663528e-09,0.04261621832847595,-3.1486222743988037,0.29182010889053345,0.1564428061246872,-2.5486342906951904,0.4805028438568115,0.11382658779621124,0.5999879837036133,0.18868273496627808,0
mu_bod_VL1,109,212,104,16,16,0,0,0,7.450637440342689e-09,0.021788980811834335,-3.3700597286224365,0.4453030824661255,0.11370354145765305,-2.940086841583252,0.5667043328285217,0.09191456437110901,0.42997288703918457,0.12140125036239624,32
mu_bod_VR22,341,692,353,0,0,0,0,0,7.964637916302308e-05,-0.1259705126285553,2.2889630794525146,-0.28031450510025024,-0.01429874449968338,3.3310892581939697,-0.1258498728275299,0.11167176812887192,1.042126178741455,0.15446463227272034,0
mu_bod_VR20,375,760,387,0,0,0,0,0,0.00014232544344849885,-0.1440565139055252,1.2940131425857544,-0.17471274733543396,-0.017104677855968475,2.507845878601074,0.09963474422693253,0.12695184350013733,1.2138327360153198,0.2743474841117859,0
mu_bod_VR18,297,601,306,0,0,0,0,0,7.121734961401671e-05,-0.1514776200056076,0.5087405443191528,-0.2748560309410095,-0.01983427256345749,1.511090636253357,0.1479308307170868,0.1316433548927307,1.002350091934204,0.4227868616580963,0
mu_bod_VR16,191,389,200,0,0,0,0,0,0.0002470131148584187,-0.15637536346912384,-0.157707080245018,-0.5980988144874573,-0.01795438677072525,0.5086826086044312,-0.14756283164024353,0.138420969247818,0.6663897037506104,0.45053598284721375,0
mu_bod_VR14,275,557,284,0,0,0,0,0,0.00011096764501417056,-0.15139657258987427,-0.8306668400764465,-0.7181996703147888,-0.013480126857757568,0.05645819008350372,-0.38248103857040405,0.1379164457321167,0.8871250152587891,0.33571863174438477,0
mu_bod_VR12,287,583,298,0,0,0,0,0,0.00013745305477641523,-0.14643462002277374,-1.4935861825942993,-0.6790242195129395,-0.013407096266746521,-0.6149123907089233,-0.45335373282432556,0.13302752375602722,0.878673791885376,0.2256704866886139,0
mu_bod_VR10,219,444,227,0,0,0,0,0,0.00016012208652682602,-0.13979394733905792,-2.067213773727417,-0.5328127145767212,-0.016144834458827972,-1.2587087154388428,-0.09681915491819382,0.12364911288022995,0.8085050582885742,0.4359935522079468,0
mu_bod_VR8,119,242,125,0,0,0,0,0,0.0062860846519470215,-0.1406273990869522,-2.6148741245269775,-0.21217358112335205,-0.024739187210798264,-1.8210866451263428,0.23814013600349426,0.11588820815086365,0.7937874794006348,0.4503137171268463,0
mu_bod_VR6,63,129,68,0,0,0,0,0,0.005148959346115589,-0.11033051460981369,-2.8565008640289307,0.15978066623210907,-0.025706958025693893,-2.395514488220215,0.34569722414016724,0.0846235603094101,0.4609863758087158,0.18591655790805817,0
mu_bod_VR4,61,125,66,0,0,0,0,0,0.0043806531466543674,-0.10292799770832062,-3.103748321533203,0.26735207438468933,-0.026424646377563477,-2.6373603343963623,0.443305104970932,0.07650335133075714,0.4663879871368408,0.17595303058624268,0
mu_bod_VR2,128,258,132,0,0,0,0,0,0.0011338263284415007,-0.09554483741521835,-3.37619686126709,0.3622470796108246,-0.025033462792634964,-2.88240122795105,0.5371267199516296,0.07051137089729309,0.49379563331604004,0.17487964034080505,0
mu_bod_VR21,129,261,134,0,0,0,0,0,3.284220895238832e-08,-0.23081502318382263,1.9762446880340576,-0.20511826872825623,-0.12253710627555847,2.862276077270508,0.03634299337863922,0.10827791690826416,0.8860313892364502,0.24146126210689545,0
mu_bod_VR19,82,167,87,0,0,0,0,0,3.286853456074823e-08,-0.23289170861244202,1.5683428049087524,-0.03153714910149574,-0.13796408474445343,2.205796003341675,0.1536196768283844,0.09492762386798859,0.6374531984329224,0.18515682220458984,0
mu_bod_VR17,129,260,133,0,0,0,0,0,3.725290298461914e-09,-0.22926530241966248,0.9028453230857849,-0.01268153078854084,-0.13833199441432953,1.7697147130966187,0.21956300735473633,0.09093330800533295,0.8668693900108337,0.23224453628063202,0
mu_bod_VR15,150,310,162,0,0,0,0,0,1.5359772120859816e-08,-0.2467450499534607,0.12055233865976334,-0.4610273241996765,-0.14212343096733093,1.1234934329986572,0.2364172339439392,0.10462161898612976,1.0029411315917969,0.6974445581436157,0
mu_bod_VR13,129,263,136,0,0,0,0,0,8.216202829203212e-09,-0.24763643741607666,-0.5603237152099609,-0.6819910407066345,-0.14411704242229462,0.32591336965560913,-0.11789996176958084,0.10351939499378204,0.8862370848655701,0.5640910863876343,0
mu_bod_VR11,112,228,118,0,0,0,0,0,3.919654822936991e-09,-0.23963817954063416,-1.1425063610076904,-0.6605166792869568,-0.1357603371143341,-0.3383976221084595,-0.4208023250102997,0.10387784242630005,0.804108738899231,0.2397143542766571,0
mu_bod_VR9,273,547,276,0,0,0,0,0,0.0002145730977645144,-0.22410330176353455,-1.8051068782806396,-0.6104061603546143,-0.017188087105751038,-0.9327690601348877,-0.23923300206661224,0.2069152146577835,0.872337818145752,0.3711731433868408,0
mu_bod_VR7,87,175,90,0,0,0,0,0,0.017337951809167862,-0.2271510511636734,-2.284641742706299,-0.2831515371799469,-0.11732348054647446,-1.5771150588989258,0.07791739702224731,0.10982757061719894,0.707526683807373,0.3610689342021942,0
mu_bod_VR5,100,202,104,0,0,0,0,0,0.011912102811038494,-0.22037166357040405,-2.8455686569213867,0.03432539477944374,-0.09127932041883469,-2.059335947036743,0.35759437084198,0.12909233570098877,0.7862327098846436,0.32326897978782654,0
mu_bod_VR3,61,123,64,0,0,0,0,0,0.005767039954662323,-0.16757065057754517,-3.147308349609375,0.3225649297237396,-0.0814281776547432,-2.6314921379089355,0.48356878757476807,0.08614247292280197,0.5158162117004395,0.16100385785102844,0
mu_bod_VR1,102,204,104,0,0,0,0,0,0.0011745654046535492,-0.14165715873241425,-3.3710193634033203,0.4481070041656494,-0.05940207093954086,-2.9609711170196533,0.5690295696258545,0.08225508779287338,0.410048246383667,0.12092256546020508,0
mu_bod_DR23,216,433,219,0,0,0,0,0,0.0025801444426178932,-0.1824055016040802,2.6544172763824463,-0.0788213312625885,-0.05281013250350952,3.9825801849365234,0.21437333524227142,0.12959536910057068,1.3281629085540771,0.29319465160369873,0
mu_bod_DR22,181,370,191,0,0,0,0,0,0.006105897016823292,-0.1262812614440918,2.3116745948791504,0.029505014419555664,-0.026655487716197968,3.3606700897216797,0.31810230016708374,0.09962577372789383,1.0489954948425293,0.2885972857475281,0
mu_bod_DR20,215,505,292,0,0,0,0,0,0.00610532658174634,-0.14443626999855042,1.319175124168396,0.19421890377998352,-0.03531064838171005,2.5367612838745117,0.5224084258079529,0.10912562161684036,1.2175861597061157,0.32818952202796936,0
mu_bod_DR18,163,333,172,0,0,0,0,0,0.006105320528149605,-0.14441965520381927,0.5703749656677246,0.2628786265850067,-0.03660093992948532,1.539740800857544,0.5701038241386414,0.10781871527433395,0.9693658351898193,0.30722519755363464,0
mu_bod_DR16,147,301,156,0,0,0,0,0,0.006091798655688763,-0.1558079719543457,-0.12039671838283539,-0.08712393790483475,-0.03821644186973572,0.7809279561042786,0.44002601504325867,0.11759153008460999,0.9013246893882751,0.5271499752998352,0
mu_bod_DR14,147,301,156,0,0,0,0,0,0.006302557419985533,-0.1518770456314087,-0.8011148571968079,-0.3040090501308441,-0.03599679097533226,0.09046284854412079,0.10438075661659241,0.11588025093078613,0.8915777206420898,0.4083898067474365,0
mu_bod_DR12,165,338,175,0,0,0,0,0,0.0072297994047403336,-0.14681793749332428,-1.5487010478973389,-0.2879972755908966,-0.03318523243069649,-0.5808663368225098,0.040086664259433746,0.11363270878791809,0.9678347110748291,0.32808393239974976,0
mu_bod_DR10,129,263,136,0,0,0,0,0,0.005078138317912817,-0.13859766721725464,-2.117382049560547,-0.10445720702409744,-0.03376557677984238,-1.3183445930480957,0.3938913345336914,0.10483209043741226,0.7990374565124512,0.49834853410720825,0
mu_bod_DR8,131,268,139,0,0,0,0,0,0.00549663370475173,-0.13828204572200775,-2.681274890899658,0.2261134535074234,-0.024206198751926422,-1.8785182237625122,0.5960367321968079,0.11407584697008133,0.802756667137146,0.36992329359054565,0
mu_bod_DR6,61,122,63,0,0,0,0,0,0.004616694524884224,-0.10794302076101303,-2.9170684814453125,0.5025397539138794,-0.022641800343990326,-2.456801176071167,0.6436953544616699,0.0853012204170227,0.4602673053741455,0.14115560054779053,0
mu_bod_DR4,69,140,73,0,0,0,0,0,0.004577935207635164,-0.09773091226816177,-3.1856071949005127,0.5770437717437744,-0.024893183261156082,-2.7035675048828125,0.6668184995651245,0.0728377252817154,0.4820396900177002,0.0897747278213501,0
mu_bod_DR2,89,178,90,8,8,0,0,0,0.0018285360420122743,-0.0899018719792366,-3.3591396808624268,0.6016209125518799,-0.023642241954803467,-3.0396480560302734,0.6755523085594177,0.06625963002443314,0.3194916248321533,0.07393139600753784,16
mu_bod_DR3,61,127,68,0,0,0,0,0,3.261663295006656e-08,-0.16825316846370697,-3.1355490684509277,0.4778746962547302,-0.07946527004241943,-2.6002190113067627,0.640593409538269,0.08878789842128754,0.535330057144165,0.16271871328353882,0
mu_bod_DR5,100,205,107,0,0,0,0,0,3.0121270810923306e-08,-0.22013792395591736,-2.830259084701538,0.2358424961566925,-0.08960317820310593,-2.041656970977783,0.6110792756080627,0.13053473830223083,0.7886021137237549,0.37523677945137024,0
mu_bod_DR7,87,179,94,0,0,0,0,0,1.863554421888125e-09,-0.22726920247077942,-2.268808126449585,-0.08276420086622238,-0.11682705581188202,-1.5337040424346924,0.4246699810028076,0.1104421466588974,0.7351040840148926,0.5074341893196106,0
mu_bod_DR9,113,229,118,0,0,0,0,0,3.850762375634531e-09,-0.22442646324634552,-1.7849903106689453,-0.3436955213546753,-0.13124588131904602,-0.9075198769569397,0.13700911402702332,0.0931805819272995,0.8774704337120056,0.4807046353816986,0
mu_bod_DR11,113,227,116,0,0,0,0,0,0.016688041388988495,-0.24083654582500458,-1.1231262683868408,-0.3968479037284851,-0.13532723486423492,-0.25665751099586487,-0.15388397872447968,0.10550931096076965,0.8664687871932983,0.24296392500400543,0
mu_bod_DR21,113,228,117,0,0,0,0,0,0.015506408177316189,-0.2302379161119461,1.9932434558868408,0.02032621018588543,-0.12199560552835464,2.8645577430725098,0.37972262501716614,0.10824231058359146,0.871314287185669,0.35939642786979675,0
mu_bod_DR19,74,151,79,0,0,0,0,0,0.017275499179959297,-0.2329801470041275,1.5863280296325684,0.22253535687923431,-0.137471541762352,2.2064855098724365,0.4671105146408081,0.09550860524177551,0.6201574802398682,0.2445751577615738,0
mu_bod_DR17,113,233,122,0,0,0,0,0,0.011762985959649086,-0.22935162484645844,0.9272248148918152,0.32934659719467163,-0.1378365308046341,1.7919437885284424,0.5105034708976746,0.09151509404182434,0.8647189736366272,0.18115687370300293,0
mu_bod_DR15,139,281,144,0,0,0,0,0,0.017718389630317688,-0.2477840632200241,0.0676901787519455,-0.038144540041685104,-0.14166107773780823,1.1202995777130127,0.4886469841003418,0.10612298548221588,1.0526094436645508,0.526791512966156,0
mu_bod_DR13,87,178,93,0,0,0,0,0,1.862645149230957e-09,-0.24722042679786682,-0.44765546917915344,-0.2577095031738281,-0.1441616714000702,0.2783229947090149,0.08575628697872162,0.10305875539779663,0.7259784936904907,0.34346580505371094,0
mu_bod_DL22,181,370,191,0,0,0,0,0,0.006185085047036409,0.009091630578041077,2.228569746017456,0.03171432763338089,0.12010286003351212,3.279264450073242,0.35182780027389526,0.11101122945547104,1.0506947040557861,0.32011348009109497,0
mu_bod_DL20,199,408,211,0,0,0,0,0,0.007702402770519257,0.014230992645025253,1.3223636150360107,0.22466835379600525,0.13387592136859894,2.454162836074829,0.522045910358429,0.11964492499828339,1.1317992210388184,0.2973775565624237,0
mu_bod_DL18,163,335,174,0,0,0,0,0,0.006361826788634062,0.014910925179719925,0.569614827632904,0.26187843084335327,0.13289378583431244,1.540329098701477,0.5699678659439087,0.11798286437988281,0.970714271068573,0.3080894351005554,0
mu_bod_DL16,147,301,156,0,0,0,0,0,0.006357028614729643,0.018635481595993042,-0.11946592479944229,-0.08864901959896088,0.14458951354026794,0.7820762395858765,0.43903207778930664,0.1259540319442749,0.9015421867370605,0.5276811122894287,0
mu_bod_DL14,147,301,156,0,0,0,0,0,0.006343943532556295,0.017872557044029236,-0.7999256253242493,-0.30535224080085754,0.14091001451015472,0.09216911345720291,0.10347327589988708,0.12303745746612549,0.8920947313308716,0.40882551670074463,0
mu_bod_DL12,162,332,172,0,0,0,0,0,0.0030123735778033733,0.017246633768081665,-1.516869068145752,-0.2896767854690552,0.13538163900375366,-0.5795261263847351,0.023372070863842964,0.118135005235672,0.9373429417610168,0.3130488693714142,0
mu_bod_DL10,129,262,135,0,0,0,0,0,0.007451427634805441,0.01917850226163864,-2.0881130695343018,-0.11231155693531036,0.1278768926858902,-1.307148814201355,0.37506556510925293,0.10869839042425156,0.7809642553329468,0.4873771071434021,0
mu_bod_DL8,120,245,127,0,0,0,0,0,0.0020927598234266043,0.012142341583967209,-2.60882830619812,0.22407852113246918,0.12684431672096252,-1.8760849237442017,0.5781930088996887,0.11470197141170502,0.7327433824539185,0.35411447286605835,0
mu_bod_DL6,79,161,84,0,0,0,0,0,0.0020927574951201677,0.001398034393787384,-2.9169373512268066,0.49513545632362366,0.0942598432302475,-2.4272191524505615,0.6452375054359436,0.09286180883646011,0.4897181987762451,0.15010204911231995,0
mu_bod_DL4,69,140,73,0,0,0,0,0,0.004586193710565567,-0.007981758564710617,-3.1832845211029053,0.5744578242301941,0.07835880666971207,-2.6998422145843506,0.6665551662445068,0.08634056150913239,0.4834423065185547,0.09209734201431274,0
mu_bod_DL2,86,175,90,2,3,0,0,0,0.001665677409619093,-0.010957827791571617,-3.3576860427856445,0.6002493500709534,0.06102936342358589,-3.0000662803649902,0.675372838973999,0.07198718935251236,0.3576197624206543,0.07512348890304565,5
mu_bod_DL23,216,431,217,0,0,0,0,0,0.002544951159507036,0.04325956851243973,2.653944969177246,-0.08107239007949829,0.17085590958595276,3.981295585632324,0.21398165822029114,0.12759634852409363,1.3273506164550781,0.29505404829978943,0
mu_bod_DL21,113,229,118,1,3,0,0,0,0.011941474862396717,0.11270722001791,1.9933730363845825,0.016310710459947586,0.21991276741027832,2.891950845718384,0.37872570753097534,0.10720554739236832,0.8985778093338013,0.36241498589515686,4
mu_bod_DL19,74,153,80,3,3,0,0,0,1.7824190123860717e-08,0.1277785748243332,1.5868422985076904,0.2212342619895935,0.22354656457901,2.2090699672698975,0.46643126010894775,0.09576798975467682,0.622227668762207,0.24519699811935425,6
mu_bod_DL17,126,254,130,0,0,0,0,0,6.071480207481272e-09,0.12816697359085083,0.8437998294830322,0.31074729561805725,0.21796052157878876,1.8102967739105225,0.5149329900741577,0.08979354798793793,0.9664969444274902,0.20418569445610046,0
mu_bod_DL15,126,254,129,3,3,0,0,0,0.019420523196458817,0.13502955436706543,0.06938596069812775,-0.03650413453578949,0.23664182424545288,1.0613843202590942,0.46106165647506714,0.10161226987838745,0.9919983744621277,0.4975658059120178,6
mu_bod_DL3,61,128,69,0,0,0,0,0,3.532970138664382e-09,0.04368939623236656,-3.131779432296753,0.4754975140094757,0.15089012682437897,-2.596261501312256,0.6399654746055603,0.1072007268667221,0.5355179309844971,0.1644679605960846,0
mu_bod_DL5,100,206,107,3,3,0,0,0,2.9107614096801626e-08,0.06949760019779205,-2.8277485370635986,0.2128218710422516,0.2067929208278656,-2.0120394229888916,0.6103090047836304,0.13729532063007355,0.815709114074707,0.3974871337413788,6
mu_bod_DL7,87,177,92,0,0,0,0,0,5.631421995389019e-09,0.10501614958047867,-2.265380859375,-0.08450177311897278,0.21515347063541412,-1.5303391218185425,0.4235839545726776,0.11013732105493546,0.7350417375564575,0.5080857276916504,0
mu_bod_DL9,113,230,118,3,3,0,0,0,4.778703655006211e-09,0.12159457057714462,-1.782354474067688,-0.35439878702163696,0.21189941465854645,-0.8789005279541016,0.13592727482318878,0.09030484408140182,0.9034539461135864,0.49032604694366455,6
mu_bod_DL11,113,229,118,1,3,0,0,0,5.473433338920586e-05,0.1290404349565506,-1.0929133892059326,-0.39181801676750183,0.22644385695457458,-0.25454750657081604,-0.16099373996257782,0.09740342199802399,0.838365912437439,0.230824276804924,4
mu_bod_DL13,87,178,93,0,0,0,0,0,1.1609474270812825e-08,0.13356523215770721,-0.4455663561820984,-0.2581433653831482,0.23514524102210999,0.26013973355293274,0.0795593336224556,0.10158000886440277,0.7057061195373535,0.3377026915550232,0
mu_bod_VR23,240,480,242,0,0,0,0,0,3.281590821302416e-08,-0.182648167014122,2.6386618614196777,-0.2896268963813782,-0.05280779302120209,3.975594997406006,0.11201424896717072,0.12984037399291992,1.3369331359863281,0.4016411304473877,0
mu_bod_VL23,240,480,242,0,0,0,0,0,1.3970596901557997e-09,0.04236655682325363,2.6392123699188232,-0.2899637520313263,0.17144785821437836,3.975769519805908,0.10912217199802399,0.12908130884170532,1.336557149887085,0.3990859389305115,0
mu_bod_DR1,105,207,103,8,8,0,0,0,0.0016095963073894382,-0.14158493280410767,-3.3620827198028564,0.5551834106445312,-0.056462377309799194,-2.9539899826049805,0.6524953246116638,0.08512255549430847,0.408092737197876,0.09731191396713257,16
mu_bod_DR24,188,385,199,0,0,0,0,0,0.0006729394081048667,-0.10075437277555466,3.144059896469116,0.002904679626226425,-0.010125145316123962,3.9844284057617188,0.1980736404657364,0.0906292274594307,0.8403685092926025,0.19516895711421967,0
mu_bod_DL1,102,205,105,0,0,0,0,0,5.314458206839845e-09,0.022858895361423492,-3.3606975078582764,0.5507532358169556,0.11360789835453033,-2.929576873779297,0.6521506905555725,0.09074900299310684,0.4311206340789795,0.10139745473861694,0
mu_bod_DL24,204,418,216,0,0,0,0,0,0.0013236596714705229,-0.00012339279055595398,3.0579564571380615,-0.00643090158700943,0.09023746848106384,3.983107089996338,0.20304203033447266,0.0903608649969101,0.9251506328582764,0.2094729244709015,0
mu_bod_VR24,304,619,317,0,0,0,0,0,0.00018769677262753248,-0.1005556583404541,3.1212868690490723,-0.31184083223342896,0.0016656070947647095,3.939857244491577,0.022097986191511154,0.10222126543521881,0.8185703754425049,0.3339388072490692,0
Sp_bag_P_4R,40,76,38,0,0,0,0,0,0.008097975514829159,-0.15898510813713074,1.402618169784546,0.09230294078588486,-0.10512486100196838,1.5302215814590454,0.21152587234973907,0.053860247135162354,0.1276034116744995,0.11922293156385422,0
Sp_neck_P_1L,20,36,18,0,0,0,0,0,0.02150985226035118,-0.08954429626464844,1.7466861009597778,0.13495734333992004,-0.058571625500917435,1.7777235507965088,0.1984415054321289,0.030972670763731003,0.031037449836730957,0.06348416209220886,0
Sp_neck_P_1R,20,36,18,0,0,0,0,0,0.02139679528772831,-0.12304675579071045,1.746809720993042,0.13499358296394348,-0.09207378327846527,1.7777318954467773,0.19846558570861816,0.030972972512245178,0.03092217445373535,0.06347200274467468,0
Sp_neck_P_2L,20,37,19,0,0,0,0,0,0.0002999788848683238,-0.08942439407110214,1.737492561340332,0.13674713671207428,-0.05862231180071831,1.7679822444915771,0.20004789531230927,0.030802082270383835,0.030489683151245117,0.06330075860023499,0
Sp_neck_P_3R,20,38,20,0,0,0,0,0,0.00029997556703165174,-0.12301740050315857,1.7160314321517944,0.1372946947813034,-0.09213533252477646,1.7453588247299194,0.2007472813129425,0.03088206797838211,0.029327392578125,0.0634525865316391,0
Sp_neck_P_4L,20,38,20,0,0,0,0,0,0.00034422933822497725,-0.08948288857936859,1.7046549320220947,0.13874566555023193,-0.05860530212521553,1.7350857257843018,0.20233267545700073,0.03087758645415306,0.03043079376220703,0.0635870099067688,0
Sp_neck_P_3L,20,38,20,0,0,0,0,0,0.00029997705132700503,-0.08948279172182083,1.7160314321517944,0.1372946947813034,-0.058600738644599915,1.7453588247299194,0.2007472813129425,0.030882053077220917,0.029327392578125,0.0634525865316391,0
Sp_neck_P_2R,20,37,19,0,0,0,0,0,0.00029997556703165174,-0.12299606204032898,1.7374963760375977,0.1367705762386322,-0.09207367897033691,1.7681058645248413,0.2000841498374939,0.030922383069992065,0.030609488487243652,0.0633135735988617,0
Sp_neck_P_4R,20,38,20,0,0,0,0,0,0.0003442201705183834,-0.12301284074783325,1.7046549320220947,0.13874566555023193,-0.0921352356672287,1.7350857257843018,0.20233267545700073,0.030877605080604553,0.03043079376220703,0.0635870099067688,0
Sp_bag_P_1V,50,96,48,0,0,0,0,0,0.007352439220994711,-0.13142625987529755,1.6537117958068848,0.07677260786294937,-0.0494806170463562,1.7235426902770996,0.15829798579216003,0.08194564282894135,0.06983089447021484,0.08152537792921066,0
Sp_bag_P_2R,40,76,38,0,0,0,0,0,0.0040141805075109005,-0.1588345319032669,1.5981292724609375,0.08808261156082153,-0.10497629642486572,1.6639186143875122,0.1920507401227951,0.053858235478401184,0.06578934192657471,0.10396812856197357,0
Sp_bag_P_3V,40,76,38,0,0,0,0,0,0.005508197005838156,-0.13533948361873627,1.5207220315933228,0.06614254415035248,-0.04488347843289375,1.614072561264038,0.14237579703330994,0.09045600891113281,0.09335052967071533,0.07623325288295746,0
Sp_bag_P_1D,50,96,48,0,0,0,0,0,0.0038119943346828222,-0.13271686434745789,1.6463719606399536,0.15409493446350098,-0.04842862859368324,1.7095853090286255,0.21307247877120972,0.08428823947906494,0.06321334838867188,0.05897754430770874,0
Sp_bag_P_1R,50,96,48,0,0,0,0,0,0.004521268419921398,-0.15545916557312012,1.6477272510528564,0.09919238835573196,-0.10281702876091003,1.719174861907959,0.19598427414894104,0.05264213681221008,0.07144761085510254,0.09679188579320908,0
Sp_bag_P_1L,50,96,48,0,0,0,0,0,0.00374724087305367,-0.0790807381272316,1.6477196216583252,0.09908875077962875,-0.02706974931061268,1.719547152519226,0.19638194143772125,0.05201099067926407,0.07182753086090088,0.0972931906580925,0
Sp_bag_P_2D,40,76,38,0,0,0,0,0,0.0035383987706154585,-0.13643291592597961,1.5988073348999023,0.14817246794700623,-0.04444616660475731,1.653961181640625,0.21352338790893555,0.091986745595932,0.055153846740722656,0.06535091996192932,0
Sp_bag_P_2L,40,76,38,0,0,0,0,0,0.006773454137146473,-0.07624514400959015,1.5986427068710327,0.08961085975170135,-0.022010089829564095,1.663514494895935,0.18994686007499695,0.054235056042671204,0.06487178802490234,0.1003360003232956,0
Sp_bag_P_2V,40,76,38,0,0,0,0,0,0.007798820734024048,-0.13446258008480072,1.6073564291000366,0.06515679508447647,-0.04707343876361847,1.6657265424728394,0.13147178292274475,0.08738914132118225,0.058370113372802734,0.06631498783826828,0
Sp_bag_P_3D,40,76,38,0,0,0,0,0,0.005783115513622761,-0.1364884227514267,1.5148547887802124,0.14791271090507507,-0.04471936076879501,1.6058897972106934,0.22348639369010925,0.09176906198263168,0.09103500843048096,0.07557368278503418,0
Sp_bag_P_3L,40,76,38,0,0,0,0,0,0.007119034416973591,-0.07650969922542572,1.512652039527893,0.08900845795869827,-0.022501375526189804,1.6147184371948242,0.20170550048351288,0.054008323699235916,0.10206639766693115,0.1126970425248146,0
Sp_bag_P_3R,40,76,38,0,0,0,0,0,0.00777377700433135,-0.1588464081287384,1.51268470287323,0.08824083209037781,-0.10504233092069626,1.6146408319473267,0.2017398476600647,0.053804077208042145,0.10195612907409668,0.11349901556968689,0
Sp_bag_P_4D,40,76,38,0,0,0,0,0,0.005817648023366928,-0.1370352953672409,1.407322645187378,0.15204304456710815,-0.04589509963989258,1.521989107131958,0.23347951471805573,0.09114019572734833,0.11466646194458008,0.08143647015094757,0
Sp_bag_P_4L,40,76,38,0,0,0,0,0,0.010417362675070763,-0.0763610228896141,1.4032200574874878,0.09356045722961426,-0.0222738329321146,1.5298162698745728,0.2106868326663971,0.05408719182014465,0.12659621238708496,0.11712637543678284,0
Sp_bag_P_4V,40,76,38,0,0,0,0,0,0.010610731318593025,-0.1345745474100113,1.4103022813796997,0.0697026476264,-0.046387407928705215,1.5276144742965698,0.15186987817287445,0.08818714320659637,0.11731219291687012,0.08216723054647446,0
Sp_bag_A_4V,40,76,38,0,0,0,0,0,0.010610731318593025,0.029313206672668457,-0.37328848242759705,-0.5394527316093445,0.11750034242868423,-0.30123043060302734,-0.4696640372276306,0.08818713575601578,0.0720580518245697,0.06978869438171387,0
Sp_bag_A_4R,40,76,38,0,0,0,0,0,0.010417362675070763,0.005199633538722992,-0.3779675364494324,-0.5152952671051025,0.05928681418299675,-0.3015030026435852,-0.41115832328796387,0.05408718064427376,0.07646453380584717,0.10413694381713867,0
Sp_bag_A_4D,40,76,38,0,0,0,0,0,0.005817648023366928,0.02882089838385582,-0.3777439594268799,-0.45728832483291626,0.11996109038591385,-0.30736204981803894,-0.3879367411136627,0.09114019572734833,0.07038190960884094,0.06935158371925354,0
Sp_bag_A_3L,40,76,38,0,0,0,0,0,0.00777377700433135,0.08796811103820801,-0.4303078055381775,-0.5277718305587769,0.14177218079566956,-0.3695991635322571,-0.42448559403419495,0.05380406975746155,0.06070864200592041,0.10328623652458191,0
Sp_bag_A_3R,40,76,38,0,0,0,0,0,0.007119034416973591,0.005427170544862747,-0.43039196729660034,-0.527002215385437,0.059435490518808365,-0.3695755898952484,-0.4245409369468689,0.05400831997394562,0.06081637740135193,0.10246127843856812,0
Sp_bag_A_3D,40,76,38,0,0,0,0,0,0.005783115513622761,0.027645159512758255,-0.4295620918273926,-0.46842989325523376,0.11941421777009964,-0.3741825819015503,-0.40230900049209595,0.09176905453205109,0.055379509925842285,0.06612089276313782,0
Sp_bag_A_2V,40,76,38,0,0,0,0,0,0.007798820734024048,0.029999230057001114,-0.4584657847881317,-0.5572059750556946,0.11738836765289307,-0.4237709045410156,-0.49672049283981323,0.08738914132118225,0.03469488024711609,0.06048548221588135,0
Sp_bag_A_2R,40,76,38,0,0,0,0,0,0.006773454137146473,0.004935882985591888,-0.4603857398033142,-0.5324434041976929,0.059170935302972794,-0.4230395257472992,-0.43824103474617004,0.054235052317380905,0.037346214056015015,0.09420236945152283,0
Sp_bag_A_2D,40,76,38,0,0,0,0,0,0.0035383987706154585,0.027371957898139954,-0.4591096043586731,-0.47407475113868713,0.11935870349407196,-0.4264490008354187,-0.41419723629951477,0.091986745595932,0.032660603523254395,0.05987751483917236,0
Sp_bag_A_1R,50,96,48,0,0,0,0,0,0.00374724087305367,0.009995538741350174,-0.4961699843406677,-0.5257723331451416,0.062006521970033646,-0.4541906416416168,-0.4354493021965027,0.05201098322868347,0.0419793426990509,0.09032303094863892,0
Sp_bag_A_1L,50,96,48,0,0,0,0,0,0.004521268419921398,0.08574281632900238,-0.49593669176101685,-0.5256643891334534,0.13838495314121246,-0.45418012142181396,-0.4358055889606476,0.05264213681221008,0.04175657033920288,0.08985880017280579,0
Sp_bag_A_1D,50,96,48,0,0,0,0,0,0.0038119943346828222,0.03135441988706589,-0.49436190724372864,-0.47077319025993347,0.11564265191555023,-0.45620328187942505,-0.41827526688575745,0.08428823202848434,0.03815862536430359,0.052497923374176025,0
Sp_bag_A_3V,40,76,38,0,0,0,0,0,0.005508197005838156,0.027809277176856995,-0.4267338514328003,-0.5501986145973206,0.11826527863740921,-0.36988821625709534,-0.4836749732494354,0.09045600146055222,0.056845635175704956,0.06652364134788513,0
Sp_bag_A_2L,40,76,38,0,0,0,0,0,0.0040141805075109005,0.08790208399295807,-0.4605773687362671,-0.5339421033859253,0.14176030457019806,-0.42280372977256775,-0.4361656606197357,0.05385822057723999,0.03777363896369934,0.09777644276618958,0
Sp_bag_A_1V,50,96,48,0,0,0,0,0,0.007352439220994711,0.032406408339738846,-0.49611738324165344,-0.5482723116874695,0.11435204744338989,-0.4547100067138672,-0.4736926555633545,0.08194564282894135,0.041407376527786255,0.07457965612411499,0
Sp_neck_A_4L,20,38,20,0,0,0,0,0,0.0003442201705183834,0.07506101578474045,-0.5086957812309265,-0.49032941460609436,0.105938620865345,-0.4919295907020569,-0.4294055104255676,0.030877605080604553,0.01676619052886963,0.06092390418052673,0
Sp_neck_A_2L,20,37,19,0,0,0,0,0,0.00029997556703165174,0.07499945908784866,-0.529215931892395,-0.49422502517700195,0.10592184215784073,-0.5123217701911926,-0.4335985779762268,0.030922383069992065,0.016894161701202393,0.060626447200775146,0
Sp_neck_A_3R,20,38,20,0,0,0,0,0,0.00029997705132700503,0.041526518762111664,-0.514892041683197,-0.49277564883232117,0.07240857183933258,-0.49883267283439636,-0.4318614602088928,0.030882053077220917,0.01605936884880066,0.060914188623428345,0
Sp_neck_A_4R,20,38,20,0,0,0,0,0,0.00034422933822497725,0.04153108224272728,-0.5086957812309265,-0.49032941460609436,0.07240866124629974,-0.4919295907020569,-0.4294055104255676,0.030877579003572464,0.01676619052886963,0.06092390418052673,0
Sp_neck_A_3L,20,38,20,0,0,0,0,0,0.00029997556703165174,0.07506111264228821,-0.514892041683197,-0.49277564883232117,0.10594318062067032,-0.49883267283439636,-0.4318614602088928,0.03088206797838211,0.01605936884880066,0.060914188623428345,0
Sp_neck_A_2R,20,37,19,0,0,0,0,0,0.0002999788848683238,0.04154809191823006,-0.5291358828544617,-0.4942476749420166,0.07235017418861389,-0.5123185515403748,-0.4336204528808594,0.030802082270383835,0.016817331314086914,0.06062722206115723,0
Sp_neck_A_1L,20,36,18,0,0,0,0,0,0.02139679528772831,0.07499956339597702,-0.5349692702293396,-0.49687495827674866,0.1059725359082222,-0.5178802609443665,-0.43612387776374817,0.030972972512245178,0.017089009284973145,0.06075108051300049,0
Sp_neck_A_1R,20,36,18,0,0,0,0,0,0.02150985226035118,0.041497405618429184,-0.5349631309509277,-0.4968968331813812,0.07247007638216019,-0.5178002119064331,-0.43614664673805237,0.030972670763731003,0.01716291904449463,0.06075018644332886,0
Sp_bag_A_4L,40,76,38,0,0,0,0,0,0.008097975514829159,0.08805066347122192,-0.37817370891571045,-0.5164938569068909,0.14191091060638428,-0.30115389823913574,-0.4103485941886902,0.053860247135162354,0.07701981067657471,0.10614526271820068,0
Gonadal_Sheath_A5D,96,190,96,0,0,0,0,0,0.0001858288305811584,-0.0063874321058392525,-1.0972086191177368,-0.5498276948928833,0.1537143588066101,-0.5311440825462341,-0.4005388021469116,0.1601017862558365,0.5660645365715027,0.14928889274597168,0
Gonadal_Sheath_A4D,64,126,64,0,0,0,0,0,0.0016768303466960788,0.015347371809184551,-1.5567814111709595,-0.4931022822856903,0.14454004168510437,-1.0636624097824097,-0.22079771757125854,0.12919266521930695,0.4931190013885498,0.27230456471443176,0
Gonadal_Sheath_P5D,88,175,89,0,0,0,0,0,0.0009742437396198511,-0.18427333235740662,1.765127182006836,0.040588729083538055,-0.04590345919132233,2.2678632736206055,0.21981140971183777,0.1383698731660843,0.5027360916137695,0.17922267317771912,0
Gonadal_Sheath_P4D,64,126,64,0,0,0,0,0,0.0005247176741249859,-0.17822393774986267,2.2364490032196045,-0.11128915101289749,-0.03621184080839157,2.8235838413238525,0.12333806604146957,0.1420120894908905,0.587134838104248,0.23462721705436707,0
Gonadal_Sheath_P3L,70,138,70,0,0,0,0,0,0.0007439102628268301,-0.08238998800516129,2.8055360317230225,-0.23328861594200134,-0.021581321954727173,3.3512330055236816,-0.021426137536764145,0.06080866605043411,0.5456969738006592,0.2118624746799469,0
Gonadal_Sheath_P2L,92,182,92,0,0,0,0,0,2.7260739443590865e-07,-0.0654301568865776,3.3229074478149414,-0.1781933456659317,-0.016178835183382034,3.540792942047119,-0.006510465405881405,0.04925132170319557,0.21788549423217773,0.17168287932872772,0
Gonadal_Sheath_P1L,204,406,204,0,0,0,0,0,3.7532299757003784e-07,-0.10426317155361176,1.3960416316986084,-0.08389509469270706,-0.017729051411151886,3.5575382709503174,0.40305295586586,0.08653412014245987,2.161496639251709,0.48694804310798645,0
Gonadal_Sheath_A3L,56,110,56,0,0,0,0,0,0.0018135253340005875,0.06809980422258377,-2.0851874351501465,-0.35883602499961853,0.14465096592903137,-1.5007838010787964,0.07536269724369049,0.0765511617064476,0.5844036340713501,0.4341987371444702,0
Gonadal_Sheath_A2L,70,138,70,0,0,0,0,0,1.6221150872297585e-05,0.06501331925392151,-2.279719591140747,-0.04268622025847435,0.13966678082942963,-1.9905794858932495,0.20282772183418274,0.07465346157550812,0.28914010524749756,0.2455139458179474,0
Gonadal_Sheath_A1L,196,391,197,0,0,0,0,0,1.0565027878328692e-05,0.060152120888233185,-2.2988266944885254,-0.4902031719684601,0.15295656025409698,-0.02742110565304756,0.3085382580757141,0.0928044393658638,2.2714056968688965,0.7987414598464966,0
Rachis_P,114,223,110,6,6,0,0,0,0.0010933494195342064,-0.15846195816993713,1.2758091688156128,-0.16262675821781158,-0.036014802753925323,3.541116237640381,0.3869345784187317,0.12244715541601181,2.2653069496154785,0.5495613217353821,12
Rachis_A,102,199,98,6,6,0,0,0,0.0006071163807064295,0.01906565949320793,-2.2696712017059326,-0.4765762686729431,0.15074384212493896,0.0395500473678112,0.2897820472717285,0.13167817890644073,2.3092212677001953,0.7663583159446716,12
Gonadal_Sheath_P4V,48,94,48,0,0,0,0,0,0.0009262526291422546,-0.17822395265102386,2.210441827774048,-0.1890295296907425,-0.03621184080839157,2.8168258666992188,0.04325927421450615,0.1420121192932129,0.6063840389251709,0.23228880763053894,0
Gonadal_Sheath_P3R,70,138,70,0,0,0,0,0,0.0007439121254719794,-0.14733697474002838,2.8055360317230225,-0.23328861594200134,-0.06835567206144333,3.3512330055236816,-0.02142609842121601,0.07898130267858505,0.5456969738006592,0.21186251938343048,0
Gonadal_Sheath_P2R,92,182,92,0,0,0,0,0,4.2595411287038587e-07,-0.11907176673412323,3.3229074478149414,-0.17819346487522125,-0.0654301568865776,3.540787935256958,-0.006622178480029106,0.053641609847545624,0.2178804874420166,0.171571284532547,0
Gonadal_Sheath_P1R,204,406,204,0,0,0,0,0,7.115304470062256e-07,-0.18381720781326294,1.396041989326477,-0.0838824212551117,-0.06514733284711838,3.5573320388793945,0.4030529260635376,0.11866987496614456,2.161290168762207,0.4869353473186493,0
Distal_Tip_Cell_P,36,68,34,0,0,0,0,0,0.0017083778511732817,-0.17496176064014435,1.2876636981964111,0.25370877981185913,-0.036807168275117874,1.4170377254486084,0.3858601450920105,0.13815459609031677,0.12937402725219727,0.13215136528015137,0
Gonadal_Sheath_A4V,48,94,48,0,0,0,0,0,0.0011155251413583755,0.0003369131009094417,-1.5987809896469116,-0.5699365735054016,0.1443016231060028,-1.0814433097839355,-0.2892719805240631,0.1439647078514099,0.5173376798629761,0.2806645929813385,0
Gonadal_Sheath_A3R,56,110,56,0,0,0,0,0,0.0012166585074737668,0.012177549302577972,-2.0851874351501465,-0.35883602499961853,0.07928599417209625,-1.5007838010787964,0.07536272704601288,0.06710844486951828,0.5844036340713501,0.4341987371444702,0
Gonadal_Sheath_A2R,70,138,70,0,0,0,0,0,1.0370661584602203e-05,0.002303812652826309,-2.279719352722168,-0.04268621653318405,0.06893358379602432,-1.9905794858932495,0.20282770693302155,0.06662976741790771,0.28913986682891846,0.245513916015625,0
Gonadal_Sheath_A1R,196,391,197,0,0,0,0,0,1.0565027878328692e-05,0.005824077874422073,-2.2988269329071045,-0.4902031719684601,0.08412555605173111,-0.027421101927757263,0.3085383176803589,0.07830147445201874,2.2714059352874756,0.7987414598464966,0
Distal_Tip_Cell_A,42,80,40,0,0,0,0,0,0.0005559322889894247,0.032314661890268326,-0.0843248963356018,-0.2521437704563141,0.13542793691158295,0.030396493151783943,-0.14164084196090698,0.10311327874660492,0.1147213876247406,0.1105029284954071,0
vm1L_Ant,20,36,18,0,0,0,0,0,0.013530505821108818,0.021013088524341583,0.36454224586486816,-0.22151558101177216,0.15455745160579681,0.5471293926239014,-0.17025786638259888,0.13354435563087463,0.1825871467590332,0.05125771462917328,0
vm2R_Ant,20,36,18,0,0,0,0,0,0.013271680101752281,-0.10382166504859924,0.39398640394210815,-0.28248175978660583,-0.011655982583761215,0.5383912324905396,-0.15294064581394196,0.09216567873954773,0.1444048285484314,0.12954111397266388,0
vm2L_Post,20,36,18,0,0,0,0,0,0.013530467636883259,0.013742487877607346,0.5412086844444275,-0.15239451825618744,0.08625098317861557,0.7043797373771667,-0.09844793379306793,0.07250849902629852,0.16317105293273926,0.05394658446311951,0
um1L_Post,44,84,42,0,0,0,0,0,0.00030221237102523446,-0.0028438642621040344,0.5508852005004883,-0.1473076492547989,0.2351372241973877,0.6419318914413452,0.05228253826498985,0.23798108100891113,0.09104669094085693,0.19959019124507904,0
um1L_Ant,40,76,38,0,0,0,0,0,0.0003143860958516598,-0.004170805215835571,0.3241948187351227,-0.21653559803962708,0.21789680421352386,0.5107317566871643,-0.05585836246609688,0.22206760942935944,0.18653693795204163,0.1606772392988205,0
um1R_Post,40,76,38,0,0,0,0,0,0.0002285573136759922,-0.2559555172920227,0.5169207453727722,-0.15860405564308167,-0.002726912498474121,0.6388252377510071,0.03120710700750351,0.2532286047935486,0.12190449237823486,0.18981117010116577,0
um2L_Post,120,236,118,0,0,0,0,0,0.0007220596889965236,0.0008760616183280945,0.6298713684082031,-0.1563614457845688,0.21946200728416443,0.9977977871894836,0.26176097989082336,0.21858593821525574,0.3679264187812805,0.41812241077423096,0
um2L_Ant,120,236,118,0,0,0,0,0,0.0006629592389799654,0.0008893609046936035,0.10038439184427261,-0.43431711196899414,0.2249036282300949,0.48146408796310425,-0.04377886652946472,0.2240142673254013,0.38107970356941223,0.3905382454395294,0
ut2_Ant,64,128,64,0,0,0,0,0,0.0049457368440926075,-0.2343386560678482,0.07651804387569427,-0.38987264037132263,0.20966830849647522,0.38326629996299744,-0.07664921879768372,0.4440069794654846,0.30674827098846436,0.3132234215736389,0
um2R_Ant,120,236,118,0,0,0,0,0,0.0006868841592222452,-0.2516019940376282,0.10032197833061218,-0.4357350766658783,0.008211255073547363,0.48133060336112976,-0.044660162180662155,0.25981324911117554,0.3810086250305176,0.39107492566108704,0
um1R_Ant,40,76,38,0,0,0,0,0,0.00021047773770987988,-0.25015056133270264,0.32051146030426025,-0.22365887463092804,-0.004034020006656647,0.5241638422012329,-0.07131460309028625,0.2461165487766266,0.20365238189697266,0.15234427154064178,0
um2R_Post,120,236,118,0,0,0,0,0,0.0007406984805129468,-0.24053028225898743,0.6300504207611084,-0.15649312734603882,0.0022883638739585876,0.9971231818199158,0.26177528500556946,0.2428186535835266,0.3670727610588074,0.4182684123516083,0
vulA,40,80,40,0,0,0,0,0,0.012004463002085686,-0.16354063153266907,0.3701224625110626,-0.3259168565273285,0.16583648324012756,0.7473491430282593,-0.033258307725191116,0.32937711477279663,0.37722668051719666,0.2926585376262665,0
vulB1,40,80,40,0,0,0,0,0,0.006292662117630243,-0.15914644300937653,0.4098432660102844,-0.2916373610496521,0.15488657355308533,0.6923655271530151,-0.04324810206890106,0.31403303146362305,0.2825222611427307,0.24838925898075104,0
vulB2,40,80,40,0,0,0,0,0,0.0030414031352847815,-0.15213307738304138,0.44076108932495117,-0.2600507438182831,0.15069712698459625,0.6531157493591309,-0.06866057962179184,0.30283021926879883,0.2123546600341797,0.19139015674591064,0
vulC,40,80,40,0,0,0,0,0,0.00205615465529263,-0.13144177198410034,0.45310652256011963,-0.2435334026813507,0.1305781900882721,0.6368436217308044,-0.07793554663658142,0.26201996207237244,0.18373709917068481,0.1655978560447693,0
vm1R_Ant,24,44,22,0,0,0,0,0,0.013530496507883072,-0.15689316391944885,0.3466046452522278,-0.25146353244781494,-0.020518280565738678,0.5469571352005005,-0.1705695390701294,0.13637489080429077,0.2003524899482727,0.08089399337768555,0
vm1R_Post,24,44,22,0,0,0,0,0,0.013530473224818707,-0.17479535937309265,0.550958514213562,-0.16942688822746277,-0.01910664141178131,0.6707482933998108,-0.03521104156970978,0.15568871796131134,0.11978977918624878,0.134215846657753,0
vm1L_Post,24,44,22,0,0,0,0,0,0.013530462980270386,0.021067962050437927,0.5505790710449219,-0.16991424560546875,0.1575567126274109,0.6716834306716919,-0.02989622950553894,0.13648875057697296,0.12110435962677002,0.1400180160999298,0
vulD,40,80,40,0,0,0,0,0,0.001182895852252841,-0.10930639505386353,0.46697384119033813,-0.22586499154567719,0.10873745381832123,0.6198734045028687,-0.08806024491786957,0.21804384887218475,0.15289956331253052,0.13780474662780762,0
vulE,80,160,80,0,0,0,0,0,0.03990188241004944,-0.2634233236312866,0.4040733277797699,-0.22851330041885376,0.26836249232292175,0.6118948459625244,0.08173349499702454,0.5317858457565308,0.20782151818275452,0.3102467954158783,0
vulF,40,80,40,0,0,0,0,0,0.007722384762018919,-0.05876387283205986,0.5074166655540466,-0.17490766942501068,0.06031505763530731,0.5733357071876526,-0.13215814530849457,0.11907893419265747,0.06591904163360596,0.04274952411651611,0
vm2R_Post,20,36,18,0,0,0,0,0,0.013271796517074108,-0.10148759186267853,0.5414248704910278,-0.15217359364032745,-0.011468984186649323,0.7115099430084229,-0.09960576891899109,0.0900186076760292,0.17008507251739502,0.052567824721336365,0
vm2L_Ant,20,36,18,0,0,0,0,0,0.01353050209581852,0.012530514970421791,0.39673903584480286,-0.3069164752960205,0.09300209581851959,0.5447691679000854,-0.12141188234090805,0.08047158271074295,0.1480301320552826,0.18550458550453186,0
uv2_Post,68,132,66,0,0,0,0,0,0.001014391309581697,-0.24349266290664673,0.5144201517105103,-0.14387087523937225,0.23367094993591309,0.5928617119789124,0.02324286289513111,0.4771636128425598,0.0784415602684021,0.16711373627185822,0
uv1_Post,68,132,66,0,0,0,0,0,0.0010143977124243975,-0.25257205963134766,0.4925003945827484,-0.15078261494636536,0.23872439563274384,0.587531328201294,0.01565288007259369,0.4912964701652527,0.09503093361854553,0.16643549501895905,0
uv3_Post,30,56,28,0,0,0,0,0,0.003094109008088708,-0.061271850019693375,0.5570962429046631,-0.1467331349849701,0.061449479311704636,0.6225430965423584,-0.10158178210258484,0.12272132933139801,0.06544685363769531,0.045151352882385254,0
uv3_Ant,30,56,28,0,0,0,0,0,0.003094109706580639,-0.06107904016971588,0.4661356806755066,-0.20776093006134033,0.06167203187942505,0.5206018686294556,-0.14720596373081207,0.12275107204914093,0.054466187953948975,0.06055496633052826,0
uv2_Ant,68,132,66,0,0,0,0,0,0.0010095183970406651,-0.24029076099395752,0.4064897298812866,-0.17291000485420227,0.22685036063194275,0.537530243396759,-0.034944165498018265,0.46714112162590027,0.1310405135154724,0.1379658430814743,0
uv1_Ant,68,132,66,0,0,0,0,0,0.001006669132038951,-0.2576553523540497,0.41975894570350647,-0.17272821068763733,0.23470503091812134,0.5468631982803345,-0.03187521547079086,0.492360383272171,0.127104252576828,0.14085298776626587,0
du,80,156,78,0,0,0,0,0,0.0017509607132524252,-0.24402044713497162,0.3751572072505951,-0.15258470177650452,0.2189897745847702,0.656635582447052,0.0970846489071846,0.4630102217197418,0.2814783751964569,0.24966934323310852,0
ut3_Post,48,96,48,0,0,0,0,0,0.0026664671022444963,-0.22807784378528595,0.9499772191047668,0.024321764707565308,0.20128372311592102,1.1675758361816406,0.22362329065799713,0.42936158180236816,0.21759861707687378,0.19930152595043182,0
ut2_Post,64,128,64,0,0,0,0,0,0.004729371052235365,-0.23027315735816956,0.7121062278747559,-0.06047387421131134,0.2061995565891266,1.012718677520752,0.24120327830314636,0.43647271394729614,0.3006124496459961,0.3016771674156189,0
ut1_Post,138,276,138,0,0,0,0,0,0.0013491654535755515,-0.23731468617916107,0.5032212734222412,-0.15808866918087006,0.21357397735118866,0.8022302985191345,0.14258378744125366,0.45088866353034973,0.2990090250968933,0.3006724715232849,0
ut1_Ant,128,256,128,0,0,0,0,0,0.0004823391791433096,-0.23713721334934235,0.27718019485473633,-0.28031453490257263,0.20178425312042236,0.5297046303749084,-0.044075727462768555,0.4389214515686035,0.2525244355201721,0.23623880743980408,0
ut3_Ant,64,128,63,4,4,0,0,0,0.004831594415009022,-0.20876163244247437,-0.06199709698557854,-0.4500751793384552,0.20416545867919922,0.1749083548784256,-0.17789556086063385,0.4129270911216736,0.23690545558929443,0.27217960357666016,8
utse,268,536,268,0,0,0,0,0,0.00025961993378587067,-0.2772305905818939,0.08769720792770386,-0.31217437982559204,0.2655096650123596,1.00627863407135,0.34288209676742554,0.5427402257919312,0.9185814261436462,0.6550564765930176,0
ut4_Post,48,96,48,0,0,0,0,0,0.0018764461856335402,-0.21680091321468353,1.1403964757919312,0.06107029318809509,0.002615004777908325,1.3395912647247314,0.25078296661376953,0.21941591799259186,0.1991947889328003,0.18971267342567444,0
ut4_Ant,36,72,36,0,0,0,0,0,0.00412842258810997,-0.08148719370365143,-0.2325686365365982,-0.5134525299072266,0.168356254696846,0.021864399313926697,-0.2565893530845642,0.24984344840049744,0.2544330358505249,0.25686317682266235,0
Sp_Ut_Valve_Post,36,72,36,0,0,0,0,0,0.0030090149957686663,-0.19016316533088684,1.311232566833496,0.08047711849212646,-0.013705112040042877,1.432926893234253,0.2368847131729126,0.17645806074142456,0.12169432640075684,0.15640759468078613,0
Sp_Ut_Valve_Ant,36,72,36,0,0,0,0,0,0.0006019966676831245,0.008422218263149261,-0.3272780478000641,-0.5374124050140381,0.14417888224124908,-0.1807936280965805,-0.3369273543357849,0.13575667142868042,0.14648441970348358,0.20048505067825317,0
Gonadal_Sheath_P5V,78,155,79,0,0,0,0,0,0.00044694499229080975,-0.1825266182422638,1.7686147689819336,-0.040424101054668427,-0.04590252786874771,2.243213415145874,0.15107612311840057,0.13662409782409668,0.47459864616394043,0.1915002167224884,0
Oocyte_Post_8,30,56,28,0,0,0,0,0,0.005478748586028814,-0.11633726209402084,3.1529622077941895,-0.18351492285728455,-0.03021584078669548,3.338855743408203,-0.05377176031470299,0.08612142503261566,0.18589353561401367,0.12974315881729126,0
Oocyte_Post_7,24,44,22,0,0,0,0,0,0.007063080556690693,-0.1197613999247551,2.9751980304718018,-0.20228442549705505,-0.03282816335558891,3.16267991065979,-0.06367412954568863,0.08693324029445648,0.18748188018798828,0.13861030340194702,0
Oocyte_Post_6,24,44,22,0,0,0,0,0,0.008945243433117867,-0.13437102735042572,2.8060898780822754,-0.19318360090255737,-0.03217602148652077,2.981382131576538,-0.04962644353508949,0.10219500958919525,0.1752922534942627,0.14355716109275818,0
Oocyte_Post_5,24,44,22,0,0,0,0,0,0.01150508038699627,-0.16510245203971863,2.5680837631225586,-0.16577382385730743,-0.0390673503279686,2.8145101070404053,-0.005267520900815725,0.12603509426116943,0.24642634391784668,0.16050630807876587,0
Oocyte_Post_4,24,44,22,0,0,0,0,0,0.010987571440637112,-0.17067201435565948,2.3431036472320557,-0.12480868399143219,-0.05190820246934891,2.5810365676879883,0.06985592842102051,0.11876381188631058,0.23793292045593262,0.1946646124124527,0
Oocyte_Post_3,24,44,22,0,0,0,0,0,0.009161079302430153,-0.1720311939716339,2.1664113998413086,-0.05253075435757637,-0.050549011677503586,2.3691771030426025,0.1253911405801773,0.12148217856884003,0.20276570320129395,0.17792189121246338,0
Oocyte_Post_2,24,44,22,0,0,0,0,0,0.007210305891931057,-0.1672634780406952,2.005247116088867,-0.002260502427816391,-0.0593530535697937,2.185912609100342,0.1661241352558136,0.10791042447090149,0.1806654930114746,0.1683846414089203,0
Oocyte_Post_1,24,44,22,0,0,0,0,0,0.007795697543770075,-0.1790047585964203,1.8449000120162964,0.04606122151017189,-0.051733337342739105,2.0233941078186035,0.2060832530260086,0.12727141380310059,0.17849409580230713,0.16002203524112701,0
Oocyte_Ant_10,24,44,22,0,0,0,0,0,0.0030919278506189585,0.012595251202583313,-2.1670947074890137,-0.024041175842285156,0.12164755165576935,-2.00113582611084,0.139837384223938,0.10905230045318604,0.16595888137817383,0.16387856006622314,0
Oocyte_Ant_9,24,44,22,0,0,0,0,0,0.0041589438915252686,0.019160710275173187,-2.054347276687622,-0.12027110159397125,0.12500877678394318,-1.8707082271575928,0.06192268431186676,0.10584806650876999,0.1836390495300293,0.182193785905838,0
Oocyte_Ant_8,24,44,22,0,0,0,0,0,0.004576141480356455,0.025466684252023697,-1.9219824075698853,-0.2082909196615219,0.12771180272102356,-1.7294285297393799,-0.028630860149860382,0.10224512219429016,0.19255387783050537,0.17966005206108093,0
Oocyte_Ant_7,24,44,22,0,0,0,0,0,0.0058914669789373875,0.025969460606575012,-1.7802067995071411,-0.3306848108768463,0.13124601542949677,-1.5275858640670776,-0.11208491027355194,0.10527655482292175,0.2526209354400635,0.21859990060329437,0
Oocyte_Ant_6,24,44,22,0,0,0,0,0,0.006853620521724224,0.018210243433713913,-1.5754040479660034,-0.41876551508903503,0.13195477426052094,-1.3442550897598267,-0.22925890982151031,0.11374452710151672,0.23114895820617676,0.18950660526752472,0
Oocyte_Ant_5,24,44,22,0,0,0,0,0,0.005925072357058525,0.020417340099811554,-1.384414553642273,-0.48060834407806396,0.1405806988477707,-1.2137961387634277,-0.31394752860069275,0.12016335874795914,0.17061841487884521,0.16666081547737122,0
Oocyte_Ant_4,24,44,22,0,0,0,0,0,0.005594993010163307,0.02276763692498207,-1.2509822845458984,-0.5455030798912048,0.1404181718826294,-1.0831788778305054,-0.37347155809402466,0.11765053868293762,0.16780340671539307,0.17203152179718018,0
Oocyte_Ant_3,24,44,22,0,0,0,0,0,0.004972640424966812,0.032228246331214905,-1.1026661396026611,-0.5681588053703308,0.14433033764362335,-0.9310430288314819,-0.43224388360977173,0.11210209131240845,0.1716231107711792,0.13591492176055908,0
Oocyte_Ant_2,24,44,22,0,0,0,0,0,0.005754777695983648,0.02893090806901455,-0.9442237019538879,-0.5857541561126709,0.13779094815254211,-0.7718476057052612,-0.45274215936660767,0.10886003822088242,0.1723760962486267,0.13301199674606323,0
Oocyte_Ant_1,24,44,22,0,0,0,0,0,0.0054878308437764645,0.024936435744166374,-0.7809368371963501,-0.5926670432090759,0.13164351880550385,-0.6076468825340271,-0.44277557730674744,0.10670708119869232,0.173289954662323,0.1498914659023285,0
Gonadal_Sheath_A5V,72,142,72,0,0,0,0,0,0.0002116500400006771,-0.006235853303223848,-1.1102641820907593,-0.6162508130073547,0.1549738496541977,-0.5304127931594849,-0.4378357529640198,0.16120970249176025,0.5798513889312744,0.17841506004333496,0
Pharyn-Intest-Valve,128,256,128,0,0,0,0,0,0.0032355112489312887,-0.10910557955503464,-2.3821122646331787,0.2578417658805847,0.06785859167575836,-2.275731086730957,0.44374772906303406,0.1769641637802124,0.10638117790222168,0.18590596318244934,0
int1DL,70,136,68,0,0,0,0,0,0.0011364881647750735,-0.09274757653474808,-2.351883888244629,-0.09657429903745651,0.05957354977726936,-1.6075364351272583,0.4172748923301697,0.15232113003730774,0.7443474531173706,0.5138491988182068,0
Anus,24,44,20,8,8,0,0,0,2.001248321903404e-05,-0.11577212810516357,3.8027307987213135,-0.0324912928044796,0.06240320950746536,3.9930427074432373,0.03798186033964157,0.17817533016204834,0.19031190872192383,0.07047314941883087,16
int9L,96,188,94,0,0,0,0,0,0.0004576199862640351,-0.034625276923179626,3.047341823577881,-0.22966857254505157,0.13317210972309113,3.8160793781280518,0.09430678188800812,0.16779738664627075,0.7687375545501709,0.3239753544330597,0
int8L,60,116,58,0,0,0,0,0,0.0009477230487391353,0.05907608941197395,2.3809778690338135,-0.17599131166934967,0.15682001411914825,3.069342613220215,0.1940128207206726,0.0977439284324646,0.6883647441864014,0.3700041174888611,0
int7L,60,116,58,0,0,0,0,0,0.0013165604323148727,0.05974471569061279,1.7170915603637695,-0.057280756533145905,0.17361171543598175,2.4399240016937256,0.4069397449493408,0.11386699974536896,0.722832441329956,0.46422049403190613,0
int6L,84,164,82,0,0,0,0,0,0.0021336295176297426,-0.015161745250225067,1.0395336151123047,0.057634178549051285,0.17823904752731323,1.7588145732879639,0.48705577850341797,0.1934008002281189,0.7192809581756592,0.429421603679657,0
int5L,72,140,70,0,0,0,0,0,0.0017294265562668443,-0.015433914959430695,0.3312222957611084,-0.09389913827180862,0.18738412857055664,1.0834009647369385,0.5377753376960754,0.20281803607940674,0.7521786689758301,0.6316744685173035,0
int4V,84,164,82,0,0,0,0,0,0.0013329293578863144,-0.22999270260334015,-0.3135228157043457,-0.5681653618812561,0.20054520666599274,0.41744306683540344,0.12656740844249725,0.4305379092693329,0.7309658527374268,0.6947327852249146,0
int3V,66,129,65,0,0,0,0,0,0.007490677293390036,-0.2215181291103363,-0.9924459457397461,-0.6169387102127075,0.020129568874835968,-0.24529628455638885,-0.3132734000682831,0.24164769053459167,0.747149646282196,0.30366531014442444,0
int2D,72,140,70,0,0,0,0,0,0.0035113138146698475,-0.20580126345157623,-1.7057631015777588,-0.4134090840816498,0.020263589918613434,-0.9525963068008423,0.02575930580496788,0.22606486082077026,0.7531667947769165,0.43916839361190796,0
int1VR,70,137,69,0,0,0,0,0,0.0005691483966074884,-0.20141777396202087,-2.3584725856781006,-0.21806584298610687,-0.02567959576845169,-1.6749261617660522,0.327373206615448,0.17573818564414978,0.6835464239120483,0.5454390645027161,0
int1VL,70,136,68,0,0,0,0,0,0.002947720466181636,-0.09225954115390778,-2.3584141731262207,-0.2180381864309311,0.057366084307432175,-1.6747891902923584,0.32745933532714844,0.14962562918663025,0.6836249828338623,0.5454975366592407,0
int4D,84,164,82,0,0,0,0,0,0.0009216181933879852,-0.2300170511007309,-0.35206931829452515,-0.4268832802772522,0.2004372775554657,0.3863426446914673,0.2043750137090683,0.4304543137550354,0.7384119629859924,0.6312583088874817,0
int6R,84,164,82,0,0,0,0,0,0.0014599012210965157,-0.20324614644050598,1.0403997898101807,0.06516902148723602,0.08219204097986221,1.75929856300354,0.48748376965522766,0.2854381799697876,0.7188987731933594,0.42231476306915283,0
int5R,72,140,70,0,0,0,0,0,0.0024846026208251715,-0.22123026847839355,0.33149266242980957,-0.09369440376758575,-0.01504979282617569,1.0834202766418457,0.5377945899963379,0.20618048310279846,0.7519276142120361,0.6314889788627625,0
Y,48,92,46,0,0,0,0,0,4.668477413360961e-05,-0.03929531201720238,3.924710988998413,-0.025593193247914314,-0.008961178362369537,3.9846243858337402,-0.004560906905680895,0.03033413365483284,0.05991339683532715,0.021032286807894707,0
B,48,92,46,0,0,0,0,0,3.25545588566456e-05,-0.039130330085754395,3.9275174140930176,-0.018526727333664894,-0.008507002145051956,3.9932384490966797,0.007866309955716133,0.03062332794070244,0.06572103500366211,0.026393037289381027,0
U,48,92,46,0,0,0,0,0,4.12974004575517e-05,-0.048604175448417664,3.866525173187256,-0.016376296058297157,-0.012666968628764153,3.929824113845825,0.009892272762954235,0.03593720495700836,0.06329894065856934,0.026268567889928818,0
F,48,92,46,0,0,0,0,0,3.394222949282266e-05,-0.0484277606010437,3.869314193725586,-0.004705930594354868,-0.012512566521763802,3.9332172870635986,0.02653091587126255,0.03591519594192505,0.0639030933380127,0.03123684599995613,0
K,48,92,46,0,0,0,0,0,6.0184964240761474e-05,-0.05686361715197563,3.8118736743927,-0.006772554479539394,-0.03101746365427971,3.875661849975586,0.04571766406297684,0.025846153497695923,0.06378817558288574,0.052490219473838806,0
Kprime,48,92,46,0,0,0,0,0,9.302849503001198e-05,-0.035871028900146484,3.8103301525115967,-0.006768140941858292,-0.014242472127079964,3.874811887741089,0.0457521453499794,0.02162855677306652,0.06448173522949219,0.05252028629183769,0
vpi3_V,60,118,60,0,0,0,0,0,0.00021316425409168005,-0.10786940902471542,-2.369406223297119,0.26447421312332153,0.06472470611333847,-2.2838237285614014,0.35463276505470276,0.1725941151380539,0.08558249473571777,0.09015855193138123,0
vpi3_D,60,118,60,0,0,0,0,0,0.00021316425409168005,-0.10786944627761841,-2.365370750427246,0.3059200048446655,0.06472469866275787,-2.278536319732666,0.43864086270332336,0.17259414494037628,0.08683443069458008,0.13272085785865784,0
vpi2_DL,60,117,59,0,0,0,0,0,0.00016877676534932107,-0.021470393985509872,-2.372305393218994,0.3023132085800171,0.06002812460064888,-2.280451536178589,0.43768370151519775,0.08149851858615875,0.09185385704040527,0.13537049293518066,0
vpi2_V,72,142,72,0,0,0,0,0,0.00012442511797416955,-0.1031750813126564,-2.375187397003174,0.27269870042800903,0.06002814322710037,-2.285801649093628,0.35525286197662354,0.16320322453975677,0.0893857479095459,0.0825541615486145,0
vpi2_DR,60,117,59,0,0,0,0,0,0.00017995746748056263,-0.1031750962138176,-2.372300863265991,0.30234265327453613,-0.02169429510831833,-2.280451536178589,0.4376835525035858,0.08148080110549927,0.09184932708740234,0.13534089922904968,0
vpi1,64,128,64,0,0,0,0,0,0.001210151705890894,-0.09773582220077515,-2.3798203468322754,0.2763368487358093,0.05459107831120491,-2.278127431869507,0.4341129660606384,0.15232689678668976,0.10169291496276855,0.1577761173248291,0
int9R,96,188,94,0,0,0,0,0,0.0003223114472348243,-0.06237521022558212,3.047361373901367,-0.22967073321342468,0.0594915896654129,3.81575608253479,0.0940244272351265,0.12186679989099503,0.7683947086334229,0.3236951529979706,0
int8R,60,116,58,0,0,0,0,0,0.0009312166948802769,-0.04086221009492874,2.381093740463257,-0.175836443901062,0.05969856306910515,3.0691821575164795,0.1938399374485016,0.10056076943874359,0.6880884170532227,0.3696763813495636,0
int2V,60,116,58,0,0,0,0,0,0.0028378143906593323,-0.2055625021457672,-1.7712916135787964,-0.558038592338562,0.020082369446754456,-0.9659759998321533,-0.09726066887378693,0.22564487159252167,0.8053156137466431,0.4607779383659363,0
int1DR,71,136,68,0,0,0,1,0,0.0014923287089914083,-0.2013595551252365,-2.3516135215759277,-0.09446301311254501,-0.026585504412651062,-1.6100064516067505,0.4168119430541992,0.17477405071258545,0.7416070699691772,0.5112749338150024,1
int7R,60,116,58,0,0,0,0,0,0.0015973668778315187,-0.043419480323791504,1.717181921005249,-0.057219989597797394,0.07293201237916946,2.439852237701416,0.406936377286911,0.11635149270296097,0.722670316696167,0.4641563594341278,0
int3D,72,140,70,0,0,0,0,0,0.0018674362218007445,-0.2215181589126587,-0.9781316518783569,-0.4684675633907318,0.02012956142425537,-0.29398736357688904,-0.1842292994260788,0.24164772033691406,0.6841442584991455,0.2842382788658142,0
ALNR,184,364,182,0,0,0,0,0,2.9050484045001213e-06,-0.14150971174240112,-2.74888277053833,-0.3222806453704834,-0.004874657839536667,4.472743511199951,0.5075157880783081,0.13663505017757416,7.221626281738281,0.8297964334487915,0
PLNR,216,428,214,0,0,0,0,0,1.2869295460404828e-05,-0.2493109107017517,-2.7420754432678223,-0.6361825466156006,-0.007943276315927505,4.420924186706543,0.44728004932403564,0.2413676381111145,7.162999629974365,1.0834625959396362,0
CANL,144,284,142,0,0,0,0,0,1.1204509064555168e-05,0.07076318562030792,-2.796511650085449,-2.7371017932891846,0.27048662304878235,4.032481670379639,3.271636724472046,0.19972343742847443,6.828993320465088,6.0087385177612305,0
URYVR,84,164,82,0,0,0,0,0,0.02508687973022461,-0.0939326286315918,-3.4286956787109375,0.3915397822856903,-0.02497725933790207,-2.7298595905303955,0.5589814186096191,0.06895536929368973,0.698836088180542,0.16744163632392883,0
AUAR,140,276,138,0,0,0,0,0,0.0530216209590435,-0.134513720870018,-3.116300106048584,0.19154520332813263,-0.007853568531572819,-2.578066825866699,0.7215211391448975,0.12666015326976776,0.5382332801818848,0.529975950717926,0
PLNL,208,412,206,0,0,0,0,0,1.2219417840242386e-05,-0.009367872029542923,-2.742081642150879,-0.6361827254295349,0.23557671904563904,4.420924663543701,0.4523985683917999,0.24494458734989166,7.16300630569458,1.0885813236236572,0
ALNL,184,364,182,0,0,0,0,0,2.9050761440885253e-06,-0.007372603751718998,-2.7488832473754883,-0.3222805857658386,0.10656477510929108,4.470035552978516,0.5075157880783081,0.1139373779296875,7.218918800354004,0.8297963738441467,0
CANR,144,284,142,0,0,0,0,0,1.1204509064555168e-05,-0.2890830934047699,-2.796511650085449,-2.7371017932891846,-0.07209204137325287,4.032481670379639,3.271636962890625,0.21699105203151703,6.828993320465088,6.0087385177612305,0
URYDR,124,244,122,0,0,0,0,0,0.060512516647577286,-0.0936087891459465,-3.411564350128174,0.42808061838150024,-0.024430546909570694,-2.7211625576019287,0.7235555052757263,0.06917823851108551,0.6904017925262451,0.2954748868942261,0
ALA,314,624,312,0,0,0,0,0,0.10718799382448196,-0.27607500553131104,-2.7619364261627197,-0.8425642848014832,0.26417526602745056,4.0308942794799805,1.4723261594772339,0.540250301361084,6.792830467224121,2.3148903846740723,0
AUAL,140,276,138,0,0,0,0,0,0.05302165076136589,-0.0266859233379364,-3.1187245845794678,0.18880754709243774,0.08655621111392975,-2.5744242668151855,0.7252627611160278,0.11324213445186615,0.5443003177642822,0.5364552140235901,0
URYDL,124,244,122,0,0,0,0,0,0.06051268056035042,-0.01828770339488983,-3.4115641117095947,0.42808055877685547,0.05089052766561508,-2.7211623191833496,0.7235554456710815,0.06917823106050491,0.6904017925262451,0.2954748868942261,0
URYVL,84,164,82,0,0,0,0,0,0.025085806846618652,-0.017740972340106964,-3.4286959171295166,0.3915397822856903,0.05121440440416336,-2.7298598289489746,0.5589814186096191,0.06895537674427032,0.698836088180542,0.16744163632392883,0
OLQVR,84,164,82,0,0,0,0,0,0.15477564930915833,-0.09814897924661636,-3.4954872131347656,0.3983021676540375,-0.03865193575620651,-2.730569839477539,0.5682681798934937,0.05949704349040985,0.7649173736572266,0.16996601223945618,0
IL1VR,88,172,86,0,0,0,0,0,0.05314226076006889,-0.08999265730381012,-3.501326084136963,0.38534238934516907,-0.03865186870098114,-2.725383758544922,0.5723389387130737,0.05134078860282898,0.775942325592041,0.18699654936790466,0
IL1R,116,228,114,0,0,0,0,0,0.05486508086323738,-0.1234157383441925,-3.4941279888153076,0.2504424750804901,-0.04800903797149658,-2.71635103225708,0.7618440389633179,0.07540670037269592,0.7777769565582275,0.5114015340805054,0
NSMR,100,196,98,0,0,0,0,0,7.059722065605456e-06,-0.07383381575345993,-2.944422721862793,0.40682733058929443,0.026307694613933563,-2.596827507019043,0.5370016098022461,0.1001415103673935,0.34759521484375,0.13017427921295166,0
MCR,124,244,122,0,0,0,0,0,1.5208488548523746e-06,-0.08455333113670349,-3.0718274116516113,0.44033798575401306,0.025168627500534058,-2.841524600982666,0.5750674605369568,0.10972195863723755,0.2303028106689453,0.13472947478294373,0
MCL,124,244,122,0,0,0,0,0,1.520859768788796e-06,-0.06590254604816437,-3.0718271732330322,0.44033798575401306,0.04381939023733139,-2.841524600982666,0.5750674605369568,0.10972193628549576,0.2303025722503662,0.13472947478294373,0
OLQDR,100,196,98,0,0,0,0,0,0.03179161995649338,-0.08746828883886337,-3.4917967319488525,0.48113396763801575,-0.03786749765276909,-2.7313966751098633,0.6907958388328552,0.049600791186094284,0.7604000568389893,0.20966187119483948,0
NSML,100,196,98,0,0,0,0,0,7.059730705805123e-06,-0.0636487752199173,-2.944422721862793,0.406827449798584,0.03649274259805679,-2.596827507019043,0.5370016694068909,0.10014151781797409,0.34759521484375,0.13017421960830688,0
IL1DR,380,772,394,0,0,0,0,0,0.007318900432437658,-0.09499231725931168,-3.4113829135894775,0.3393741548061371,-0.024823028594255447,-2.720301389694214,0.7637670040130615,0.07016928493976593,0.6910815238952637,0.42439284920692444,0
AVL,264,524,262,0,0,0,0,0,0.05004701018333435,-0.13383089005947113,-2.806049108505249,-2.55277943611145,0.04931662976741791,3.9624154567718506,3.028242826461792,0.18314751982688904,6.7684645652771,5.581022262573242,0
IL1DL,380,772,394,0,0,0,0,0,0.007318914867937565,-0.017895201221108437,-3.4113829135894775,0.3393741548061371,0.05227408930659294,-2.720301389694214,0.7637670040130615,0.07016929239034653,0.6910815238952637,0.42439284920692444,0
IL1VL,88,172,86,0,0,0,0,0,0.053142011165618896,-0.004066361114382744,-3.501326084136963,0.38534241914749146,0.047274425625801086,-2.725383758544922,0.5723389387130737,0.05134078860282898,0.775942325592041,0.18699651956558228,0
IL1L,116,228,114,0,0,0,0,0,0.05486529693007469,0.0052907876670360565,-3.4941277503967285,0.25044238567352295,0.08069748431444168,-2.716350793838501,0.7618439793586731,0.07540670037269592,0.7777769565582275,0.5114015936851501,0
OLQDL,100,196,98,0,0,0,0,0,0.03179163858294487,-0.004850719124078751,-3.4917967319488525,0.48113393783569336,0.04475004971027374,-2.7313969135284424,0.6907957792282104,0.04960076883435249,0.7603998184204102,0.2096618413925171,0
OLQVL,84,164,82,0,0,0,0,0,0.15477536618709564,-0.004066351801156998,-3.4954872131347656,0.39830219745635986,0.05543072521686554,-2.730569839477539,0.5682681202888489,0.05949707701802254,0.7649173736572266,0.169965922832489,0
GLRVR,72,140,70,0,0,0,0,0,0.0002568551863078028,-0.09001397341489792,-3.493006467819214,0.3256969451904297,-0.03865189105272293,-2.683868408203125,0.6365668773651123,0.05136208236217499,0.8091380596160889,0.3108699321746826,0
GLRDR,80,156,78,0,0,0,0,0,0.0005014026537537575,-0.09617839008569717,-3.491647481918335,0.3152042627334595,-0.03802931681275368,-2.6892077922821045,0.7975503206253052,0.0581490732729435,0.8024396896362305,0.4823460578918457,0
GLRR,88,172,86,0,0,0,0,0,2.588928873592522e-05,-0.1234157383441925,-3.494215965270996,0.3972441852092743,-0.04800902307033539,-2.687351942062378,0.6544338464736938,0.07540671527385712,0.8068640232086182,0.25718966126441956,0
GLRL,88,172,86,0,0,0,0,0,2.588906863820739e-05,0.005290785804390907,-3.494215965270996,0.39724424481391907,0.08069752156734467,-2.687351942062378,0.6544339060783386,0.07540673762559891,0.8068640232086182,0.25718966126441956,0
GLRDL,80,156,78,0,0,0,0,0,0.0005014027119614184,-0.004688937216997147,-3.491647481918335,0.3152041435241699,0.053460150957107544,-2.6892077922821045,0.7975502610206604,0.05814908817410469,0.8024396896362305,0.4823461174964905,0
GLRVL,72,140,70,0,0,0,0,0,0.00025685629225336015,-0.004066359251737595,-3.493006467819214,0.32569706439971924,0.04729573428630829,-2.683868646621704,0.6365669369697571,0.05136209353804588,0.8091378211975098,0.31086987257003784,0
ccDR,58,120,64,0,0,0,0,0,2.1185258447076194e-05,-0.14895349740982056,1.6806594133377075,0.38464972376823425,-0.11035560816526413,1.7615572214126587,0.4316132962703705,0.03859788924455643,0.08089780807495117,0.04696357250213623,0
ccDL,58,120,64,0,0,0,0,0,2.1185258447076194e-05,0.05851446092128754,2.214407205581665,0.2569313943386078,0.09711235761642456,2.3000175952911377,0.31948843598365784,0.038597896695137024,0.08561038970947266,0.06255704164505005,0
ccPL,58,120,64,0,0,0,0,0,2.1185258447076194e-05,0.03698863089084625,0.05031333491206169,-0.4493418335914612,0.07558652758598328,0.1364244967699051,-0.38265401124954224,0.038597896695137024,0.0861111581325531,0.06668782234191895,0
ccAL,58,120,64,0,0,0,0,0,2.1185258447076194e-05,0.03888590261340141,-0.04246588051319122,-0.4918164908885956,0.07748380303382874,0.04356491193175316,-0.42610394954681396,0.03859790042042732,0.08603079617023468,0.06571254134178162,0
ccAR,58,120,64,0,0,0,0,0,2.1185258447076194e-05,-0.08094310015439987,-2.285842180252075,0.04470355063676834,-0.04234519973397255,-2.2005841732025146,0.12056661397218704,0.03859790042042732,0.08525800704956055,0.0758630633354187,0
ccPR,58,120,64,0,0,0,0,0,2.1185258447076194e-05,-0.07348476350307465,-2.21598744392395,-0.011991084553301334,-0.034886863082647324,-2.1320579051971436,0.0590999498963356,0.03859790042042732,0.08392953872680664,0.07109103351831436,0
Head_Mesodermal_Cell,152,304,152,0,0,0,0,0,0.01304999552667141,-0.11815442144870758,-2.490046262741089,-0.09058009088039398,0.0759865790605545,-1.9924638271331787,0.48491671681404114,0.19414100050926208,0.49758243560791016,0.5754967927932739,0
Excretory_Duct_Cell,36,68,34,0,0,0,0,0,1.176294608740136e-05,-0.042630329728126526,-2.6121861934661865,0.1907842606306076,-0.000934164971113205,-2.5275330543518066,0.28500062227249146,0.04169616475701332,0.08465313911437988,0.09421636164188385,0
Excretory_Pore_Cell,32,60,30,0,0,0,0,0,1.8802573322318494e-05,-0.04222690686583519,-2.705092191696167,0.19751694798469543,0.002667440101504326,-2.548603057861328,0.3097478747367859,0.044894345104694366,0.15648913383483887,0.11223092675209045,0
Excretory_Gland_Cell,104,208,104,0,0,0,0,0,2.0312918422860093e-05,-0.09469430148601532,-2.7000246047973633,0.16635407507419586,0.05602477118372917,-2.3450562953948975,0.32394981384277344,0.1507190763950348,0.3549683094024658,0.15759573876857758,0
Excretory_Cell,292,580,290,0,0,0,0,0,5.2649770623247605e-06,-0.2775096595287323,-3.4958503246307373,-0.9629002213478088,0.2653903067111969,3.978046417236328,0.9078730344772339,0.5428999662399292,7.4738969802856445,1.8707733154296875,0
rect_VR,32,60,30,0,0,0,0,0,4.8612928367219865e-05,-0.116301991045475,3.795718193054199,-0.04803655296564102,-0.02451375499367714,3.8575093746185303,0.04339650273323059,0.09178823232650757,0.061791181564331055,0.09143305569887161,0
rect_D,56,108,54,0,0,0,0,0,1.936519765877165e-05,-0.0678938701748848,3.7915573120117188,0.01969541609287262,-0.0002910047769546509,3.8608145713806152,0.11143898218870163,0.06760286539793015,0.06925725936889648,0.09174356609582901,0
Sph_mu,136,278,142,0,0,0,0,0,0.004874874372035265,-0.12854546308517456,3.751481056213379,-0.08649170398712158,0.060098037123680115,3.8246214389801025,0.08596878498792648,0.18864350020885468,0.07314038276672363,0.17246049642562866,0
virR,28,52,26,0,0,0,0,0,0.018648069351911545,-0.07432704418897629,3.810375690460205,-0.01517446432262659,-0.036088552325963974,3.826216220855713,0.06438533216714859,0.038238491863012314,0.015840530395507812,0.0795597955584526,0
virL,28,52,26,0,0,0,0,0,0.022038662806153297,-0.03659918159246445,3.810375690460205,-0.01505993027240038,0.00158754363656044,3.826216220855713,0.06429998576641083,0.03818672522902489,0.015840530395507812,0.07935991883277893,0
rect_VL,32,60,30,0,0,0,0,0,4.8612939281156287e-05,-0.042577315121889114,3.7947168350219727,-0.05072396993637085,0.03578314185142517,3.859119415283203,0.04034622386097908,0.07836045324802399,0.06440258026123047,0.09107019007205963,0
mu_int_R,210,427,219,0,0,0,0,0,3.5018290418520337e-06,-0.09312967211008072,3.217118978500366,-0.20664308965206146,0.05528751388192177,3.795142650604248,0.07237988710403442,0.14841718971729279,0.5780236721038818,0.2790229916572571,0
mu_int_L,208,421,215,0,0,0,0,0,4.024755071441177e-06,-0.01673606038093567,3.2098515033721924,-0.20828095078468323,0.14480863511562347,3.800443172454834,0.06989313662052155,0.16154469549655914,0.5905916690826416,0.27817410230636597,0
mu_anal,76,148,74,0,0,0,0,0,0.012244528159499168,-0.07693731039762497,3.9226675033569336,-0.013727109879255295,0.017996368929743767,4.005824565887451,0.14565284550189972,0.09493368119001389,0.08315706253051758,0.1593799591064453,0
SIAVR,204,404,202,0,0,0,0,0,8.584564056945965e-05,-0.2493109554052353,-2.8035707473754883,-0.9243618249893188,-0.0608440525829792,3.9718081951141357,0.45656999945640564,0.1884669065475464,6.775379180908203,1.3809318542480469,0
SDQR,84,164,82,0,0,0,0,0,3.9013225432427134e-06,-0.1509016752243042,-2.784914255142212,-0.1480255424976349,0.04785875976085663,-1.2298202514648438,0.6038023233413696,0.19876043498516083,1.5550940036773682,0.7518278360366821,0
SDQL,144,284,142,0,0,0,0,0,4.0085124055622146e-06,-0.08562341332435608,-2.7484567165374756,-0.3968154788017273,0.2378372699022293,2.254995584487915,0.9156715273857117,0.3234606981277466,5.003452301025391,1.312487006187439,0
BDUR,88,172,86,0,0,0,0,0,1.351619266642956e-05,-0.20813485980033875,-2.8679921627044678,-0.18145927786827087,-0.02741210162639618,-1.8347091674804688,0.5801793336868286,0.18072275817394257,1.033282995223999,0.7616386413574219,0
PVNR,332,660,330,0,0,0,0,0,3.427384172027814e-06,-0.1286012828350067,-2.8064866065979004,-2.6465024948120117,0.04931662604212761,4.129987716674805,3.2165684700012207,0.17791791260242462,6.936474323272705,5.863070964813232,0
PVWR,68,132,66,0,0,0,0,0,1.5148498277994804e-05,-0.2874315679073334,3.5253303050994873,-0.3410787880420685,0.24674399197101593,4.072976589202881,0.19309677183628082,0.5341755747795105,0.5476462841033936,0.5341755747795105,0
PVCR,244,484,242,0,0,0,0,0,1.5238765627145767e-05,-0.1247539073228836,-2.754673957824707,-0.6502827405929565,-0.013084692880511284,4.049065589904785,0.5339186191558838,0.11166921257972717,6.803739547729492,1.1842013597488403,0
LUAR,60,116,57,4,4,0,0,0,3.664639007183723e-05,-0.07136686891317368,3.5071890354156494,-0.23145277798175812,-0.012854155153036118,4.047729015350342,0.04988407716155052,0.05851271376013756,0.5405399799346924,0.28133684396743774,8
PVPL,208,412,206,0,0,0,0,0,6.160888005979359e-06,-0.12730766832828522,-2.7546730041503906,-0.6551051139831543,0.04931662976741791,3.6908416748046875,0.5339181423187256,0.17662429809570312,6.445514678955078,1.1890232563018799,0
RIPR,140,276,138,0,0,0,0,0,0.021134760230779648,-0.08642437309026718,-3.4089608192443848,0.37809622287750244,0.07998260110616684,-2.718970537185669,0.7206623554229736,0.16640697419643402,0.6899902820587158,0.3425661325454712,0
URBR,56,108,54,0,0,0,0,0,0.08901666104793549,-0.12133671343326569,-3.40766978263855,0.37875881791114807,-0.06263528019189835,-2.732085943222046,0.6849262118339539,0.05870143324136734,0.6755838394165039,0.3061673939228058,0
AIBR,132,260,130,0,0,0,0,0,0.12750570476055145,-0.09099353849887848,-2.7789628505706787,0.2651752233505249,0.049807555973529816,-2.6411733627319336,0.5357884764671326,0.1408011019229889,0.13778948783874512,0.27061325311660767,0
ADAR,84,164,82,0,0,0,0,0,0.16727066040039062,-0.13558179140090942,-2.810307025909424,0.0674428790807724,-0.023804791271686554,-2.329289674758911,0.6365644931793213,0.11177700012922287,0.4810173511505127,0.5691215991973877,0
MI,80,156,78,0,0,0,0,0,4.970564077666495e-06,-0.0703008696436882,-2.9623732566833496,0.4597519040107727,0.02752917818725109,-2.887035608291626,0.582170844078064,0.09783004969358444,0.07533764839172363,0.12241894006729126,0
I6,104,204,102,0,0,0,0,0,1.8247123989567626e-06,-0.06291836500167847,-2.8586652278900146,0.3902233839035034,0.03109588474035263,-2.427924394607544,0.5262424945831299,0.0940142497420311,0.4307408332824707,0.13601911067962646,0
I5,376,760,380,0,0,0,0,0,2.7880851121153682e-06,-0.0714477151632309,-2.8963332176208496,0.279512494802475,0.02874881960451603,-2.4093165397644043,0.5612221956253052,0.10019653290510178,0.4870166778564453,0.2817097008228302,0
I4,172,340,170,0,0,0,0,0,4.2465048863959964e-06,-0.051733262836933136,-2.894298791885376,0.3873329758644104,0.010778360068798065,-2.5264198780059814,0.515734076499939,0.0625116229057312,0.36787891387939453,0.12840110063552856,0
I3,60,116,58,0,0,0,0,0,5.900381438550539e-06,-0.03180111199617386,-3.419626235961914,0.5468281507492065,-0.00916071143001318,-2.8983771800994873,0.636570155620575,0.022640399634838104,0.5212490558624268,0.08974200487136841,0
I2R,128,252,126,0,0,0,0,0,1.0871310678339796e-06,-0.06956598907709122,-3.4075193405151367,0.5034443736076355,0.00830763578414917,-2.8594040870666504,0.6247622966766357,0.07787362486124039,0.5481152534484863,0.12131792306900024,0
I1R,112,220,110,0,0,0,0,0,1.2507269957495737e-06,-0.08380229026079178,-3.4092185497283936,0.5060747861862183,-0.02355276234447956,-2.8746583461761475,0.6291106939315796,0.06024952977895737,0.5345602035522461,0.12303590774536133,0
PVNL,392,780,390,0,0,0,0,0,6.9473467192437965e-06,-0.12627308070659637,-2.8060600757598877,-2.6463327407836914,0.04931661859154701,4.129889011383057,3.2165064811706543,0.1755896955728531,6.935949325561523,5.862839221954346,0
PVCL,236,468,234,0,0,0,0,0,1.5239202184602618e-05,-0.12494298070669174,-2.754673480987549,-0.656489908695221,0.04931662604212761,4.049065589904785,0.533918559551239,0.17425960302352905,6.803739070892334,1.19040846824646,0
PVQL,256,508,254,0,0,0,0,0,1.5243887901306152e-05,-0.018724514171481133,-2.754678726196289,-0.6662779450416565,0.13387426733970642,4.05113410949707,0.5541486740112305,0.1525987833738327,6.805812835693359,1.2204265594482422,0
DVC,256,508,255,0,4,0,0,0,6.963076430110959e-06,-0.12883615493774414,-2.755131721496582,-0.6513321399688721,0.04931662604212761,3.995535135269165,0.5354965329170227,0.17815278470516205,6.750666618347168,1.18682861328125,4
DVA,256,508,255,0,4,0,0,0,7.0748883445048705e-06,-2.638826608657837,-2.8401565551757812,-2.7164804935455322,2.6198935508728027,4.009702205657959,3.2177679538726807,5.258720397949219,6.84985876083374,5.934248447418213,4
PVT,240,476,238,0,0,0,0,0,4.9398654482502025e-06,-0.12512272596359253,-2.754887580871582,-0.664519727230072,0.04931662231683731,3.613879442214966,0.5334690809249878,0.17443934082984924,6.368766784667969,1.197988748550415,0
PVPR,200,396,198,0,0,0,0,0,6.161513738334179e-06,-0.09148447960615158,-2.7546732425689697,-0.6627419590950012,0.13387426733970642,3.5887291431427,0.5339183211326599,0.2253587543964386,6.34340238571167,1.1966602802276611,0
PVWL,68,132,66,0,0,0,0,0,1.5148510101425927e-05,-0.2772616446018219,3.5253303050994873,-0.35536837577819824,0.2813754975795746,4.078799724578857,0.20326876640319824,0.5586371421813965,0.5534694194793701,0.5586371421813965,0
LUAL,60,116,57,4,4,0,0,0,3.664496398414485e-05,-0.016235405579209328,3.5071890354156494,-0.23145276308059692,0.046165935695171356,4.047729015350342,0.04988410323858261,0.062401339411735535,0.5405399799346924,0.28133687376976013,8
PVQR,252,500,250,0,0,0,0,0,1.523829996585846e-05,-0.12040054798126221,-2.7546796798706055,-0.6706568002700806,-0.012374505400657654,4.0511474609375,0.5541488528251648,0.10802604258060455,6.8058271408081055,1.2248055934906006,0
BDUL,88,172,86,0,0,0,0,0,1.3516435501514934e-05,-0.015306144952774048,-2.867992401123047,-0.18145933747291565,0.16541661322116852,-1.8347092866897583,0.5801794528961182,0.18072275817394257,1.0332831144332886,0.7616387605667114,0
I1L,112,220,110,0,0,0,0,0,1.2507263136285474e-06,-0.017355112358927727,-3.4091649055480957,0.505998969078064,0.04199271276593208,-2.874765157699585,0.62924724817276,0.05934782326221466,0.5343997478485107,0.12324827909469604,0
I2L,128,252,126,0,0,0,0,0,1.087127657228848e-06,-0.05106151103973389,-3.4075191020965576,0.5034443140029907,0.026812128722667694,-2.859403610229492,0.6247621774673462,0.07787363976240158,0.5481154918670654,0.12131786346435547,0
RIVR,104,204,102,0,0,0,0,0,0.10357142984867096,-0.0960211232304573,-2.7650411128997803,0.3574870824813843,0.0498863160610199,-2.6343812942504883,0.5337944626808167,0.1459074318408966,0.130659818649292,0.17630738019943237,0
AVJR,232,460,230,0,0,0,0,0,0.13824966549873352,-0.11693930625915527,-2.824512243270874,-0.9666897654533386,0.049316637217998505,3.969007968902588,0.5335553288459778,0.16625595092773438,6.793519973754883,1.5002450942993164,0
RICR,104,204,103,0,4,0,0,0,0.13177768886089325,-0.10647452622652054,-2.79101300239563,0.25382688641548157,0.04864214360713959,-2.570681571960449,0.5356984734535217,0.15511667728424072,0.22033143043518066,0.28187158703804016,4
SIBVR,268,532,267,0,4,0,0,0,5.491243791766465e-05,-0.09193520247936249,-2.8194198608398438,-0.9243618845939636,0.23557671904563904,3.9766154289245605,0.5355732440948486,0.32751190662384033,6.796035289764404,1.459935188293457,4
SIADR,208,412,207,0,4,0,0,0,0.00014295779692474753,-0.09298472851514816,-2.795137643814087,-0.5299010276794434,0.23856033384799957,3.9777820110321045,0.6279062032699585,0.33154505491256714,6.772919654846191,1.1578072309494019,4
AIAR,60,116,58,0,0,0,0,0,0.00017835083417594433,-0.09203486144542694,-2.7868053913116455,0.31807053089141846,-0.023804787546396255,-2.616706609725952,0.5565730333328247,0.06823007762432098,0.17009878158569336,0.23850250244140625,0
SAADL,152,300,151,0,4,0,0,0,7.863179052947089e-05,-0.10217549651861191,-3.289494276046753,0.22637218236923218,0.04931662231683731,-2.429410696029663,0.6536279916763306,0.15149211883544922,0.8600835800170898,0.4272558093070984,4
RIBR,132,260,130,0,0,0,0,0,0.26059767603874207,-0.10296076536178589,-2.809847593307495,0.32528403401374817,-0.023804768919944763,-2.5854339599609375,0.5341553092002869,0.07915599644184113,0.22441363334655762,0.2088712751865387,0
AVKR,260,516,259,0,4,0,0,0,0.09756875038146973,-0.1269841194152832,-2.9360649585723877,-1.961928129196167,0.05013041943311691,3.961076498031616,1.8615790605545044,0.1771145462989807,6.897141456604004,3.823507308959961,4
AVKL,260,516,259,0,4,0,0,0,0.09756851196289062,-0.09148449450731277,-2.9357717037200928,-1.940585970878601,0.13387425243854523,3.8735010623931885,1.7962146997451782,0.2253587543964386,6.809272766113281,3.7368006706237793,4
AVFL,264,524,262,0,0,0,0,0,0.09370134025812149,-0.12883614003658295,-2.933377742767334,-1.9555339813232422,0.04931662231683731,3.961076498031616,1.8613479137420654,0.17815276980400085,6.894454002380371,3.8168818950653076,0
AVFR,268,532,266,0,0,0,0,0,0.09370116889476776,-0.13024525344371796,-2.9322845935821533,-1.9518829584121704,0.04755793511867523,3.961076259613037,1.8613476753234863,0.1778031885623932,6.8933610916137695,3.813230514526367,0
AVAR,232,460,231,0,4,0,0,0,0.09756845235824585,-0.13024526834487915,-2.9359610080718994,-1.9615793228149414,0.05097430944442749,3.961076021194458,1.8615792989730835,0.18121957778930664,6.897037029266357,3.8231587409973145,4
AVBR,268,532,268,0,8,0,0,0,0.07006464153528214,-0.13142843544483185,-2.9313857555389404,-1.9462993144989014,0.04786498099565506,3.9610748291015625,1.861579179763794,0.1792934238910675,6.892460823059082,3.8078784942626953,8
AVDL,232,460,231,0,4,0,0,0,0.09756803512573242,-0.1286012828350067,-2.936913013458252,-1.9647612571716309,0.04957520589232445,3.9610776901245117,1.8615789413452148,0.17817649245262146,6.897990703582764,3.8263401985168457,4
AVBL,268,532,268,0,8,0,0,0,0.07006451487541199,-0.13106726109981537,-2.9370832443237305,-1.9653253555297852,0.04994548112154007,3.9610748291015625,1.8615795373916626,0.18101274967193604,6.898158073425293,3.826904773712158,8
AVAL,232,460,231,0,4,0,0,0,0.09756851196289062,-0.12078181654214859,-2.9371325969696045,-1.965491533279419,0.062122542411088943,3.9610750675201416,1.861579179763794,0.18290436267852783,6.898207664489746,3.827070713043213,4
AVDR,232,460,231,0,4,0,0,0,0.09756875038146973,-0.12385140359401703,-2.9351673126220703,-1.958930253982544,0.049283139407634735,3.961075782775879,1.8615790605545044,0.17313453555107117,6.896243095397949,3.820509433746338,4
SAADR,152,300,151,0,4,0,0,0,7.863263454055414e-05,-0.09081344306468964,-3.289494037628174,0.2263721525669098,0.060678645968437195,-2.429410457611084,0.6536279320716858,0.15149208903312683,0.8600835800170898,0.427255779504776,4
RIR,108,212,106,0,0,0,0,0,0.00011502558481879532,-0.1305602788925171,-2.7643728256225586,0.3587527275085449,0.049316659569740295,-2.637578010559082,0.5326917767524719,0.17987693846225739,0.12679481506347656,0.173939049243927,0
SIBDR,212,420,211,0,4,0,0,0,0.00022392041864804924,-0.09230808168649673,-2.8282370567321777,-0.9752224683761597,0.2402752935886383,3.916936159133911,1.1220144033432007,0.33258336782455444,6.745173454284668,2.0972368717193604,4
AVER,140,276,138,0,0,0,0,0,0.00023912584583740681,-0.09016229212284088,-2.846369504928589,-1.4210220575332642,0.03541161119937897,0.2943854331970215,1.4938757419586182,0.12557390332221985,3.1407549381256104,2.914897918701172,0
RIAR,108,212,106,0,0,0,0,0,0.12085393071174622,-0.09155594557523727,-2.820761203765869,0.3689417839050293,0.049245163798332214,-2.655724287033081,0.5341292023658752,0.1408011019229889,0.16503691673278809,0.16518741846084595,0
SAAVR,152,300,150,0,0,0,0,0,0.09672311693429947,-0.15310263633728027,-3.296659231185913,0.21066638827323914,0.07505820691585541,-2.376502513885498,0.6488885879516602,0.22816084325313568,0.920156717300415,0.438222199678421,0
AINR,72,140,71,0,4,0,0,0,0.08166646957397461,-0.09369026869535446,-2.7844173908233643,0.310922771692276,0.04641865938901901,-2.5905954837799072,0.5357071757316589,0.14010892808437347,0.19382190704345703,0.22478440403938293,4
AVHR,232,460,230,0,0,0,0,0,0.16826358437538147,-0.12339018285274506,-2.8246376514434814,-0.9701091051101685,0.044088371098041534,3.969261646270752,0.5373647809028625,0.1674785614013672,6.7938995361328125,1.5074739456176758,0
URXR,88,172,86,0,0,0,0,0,0.08833800256252289,-0.08429200202226639,-3.409834146499634,0.23402462899684906,-0.040541015565395355,-2.685392141342163,0.8581539988517761,0.04375098645687103,0.7244420051574707,0.6241293549537659,0
RIS,92,180,91,0,4,0,0,0,0.00018810716574080288,-0.13281941413879395,-2.770542621612549,0.26670101284980774,0.0493166446685791,-2.478086233139038,0.5355732440948486,0.18213605880737305,0.29245638847351074,0.2688722312450409,4
RIPL,140,276,138,0,0,0,0,0,0.021134817972779274,-0.12270085513591766,-3.408961057662964,0.37809619307518005,0.04370613768696785,-2.718970775604248,0.7206623554229736,0.16640698909759521,0.6899902820587158,0.3425661623477936,0
URBL,56,108,54,0,0,0,0,0,0.08901628851890564,0.019917063415050507,-3.40766978263855,0.37875887751579285,0.07861849665641785,-2.732086181640625,0.6849262118339539,0.05870143324136734,0.6755836009979248,0.306167334318161,0
ADAL,84,164,82,0,0,0,0,0,0.16727161407470703,-0.018913470208644867,-2.810307025909424,0.06744303554296494,0.0928635224699974,-2.329289674758911,0.6365646719932556,0.11177699267864227,0.4810173511505127,0.5691216588020325,0
RID,288,572,286,0,0,0,0,0,0.17695513367652893,-0.04601580277085304,-2.818688154220581,-0.9406387805938721,0.08473102003335953,3.9848811626434326,1.1480200290679932,0.13074682652950287,6.803569316864014,2.0886588096618652,0
URXL,88,172,86,0,0,0,0,0,0.10822083055973053,-0.002177216112613678,-3.4098339080810547,0.2340247482061386,0.04157376289367676,-2.685392141342163,0.8581538796424866,0.043750979006290436,0.7244417667388916,0.6241291165351868,0
RIVL,104,204,102,0,0,0,0,0,0.10357064753770828,-0.09260456264019012,-2.7650411128997803,0.35748714208602905,0.05330290645360947,-2.6343815326690674,0.5337945222854614,0.145907461643219,0.1306595802307129,0.17630738019943237,0
AVHL,232,460,230,0,0,0,0,0,0.18672558665275574,-0.13024528324604034,-2.8248848915100098,-0.9738609790802002,0.0484200194478035,3.9692599773406982,0.5373647809028625,0.17866531014442444,6.794144630432129,1.511225700378418,0
AVJL,236,468,234,0,0,0,0,0,0.13825298845767975,-0.12685629725456238,-2.824132204055786,-0.9609397649765015,0.040980953723192215,3.969008684158325,0.533555269241333,0.1678372472524643,6.793140888214111,1.4944950342178345,0
AINL,72,140,71,0,4,0,0,0,0.0816664770245552,-0.09148448705673218,-2.784417152404785,0.31092268228530884,0.048624396324157715,-2.590595006942749,0.5357071161270142,0.1401088833808899,0.19382214546203613,0.22478443384170532,4
SAAVL,152,300,150,0,0,0,0,0,0.09395569562911987,-0.1391410082578659,-3.2773499488830566,0.1300412267446518,0.14677263796329498,-2.394010543823242,0.7360137701034546,0.2859136462211609,0.8833394050598145,0.6059725284576416,0
RIAL,108,212,106,0,0,0,0,0,0.1505599170923233,-0.09148446470499039,-2.82167649269104,0.3689050078392029,0.04931662604212761,-2.653348684310913,0.5341318249702454,0.1408010870218277,0.16832780838012695,0.16522681713104248,0
AVEL,140,276,138,0,0,0,0,0,0.000264222762780264,-0.09148451685905457,-2.9265666007995605,-1.0762683153152466,0.034089431166648865,0.29648903012275696,0.8308433294296265,0.12557394802570343,3.223055601119995,1.907111644744873,0
SIBDL,212,420,211,0,4,0,0,0,0.00018042558804154396,-0.2472153902053833,-2.838582754135132,-2.0517287254333496,0.04931662231683731,3.9170212745666504,2.448248863220215,0.29653200507164,6.755603790283203,4.4999775886535645,4
RIBL,132,260,130,0,0,0,0,0,0.26059821248054504,-0.01891346275806427,-2.809847831726074,0.32528403401374817,0.060242533683776855,-2.5854341983795166,0.5341553092002869,0.07915599644184113,0.22441363334655762,0.2088712751865387,0
AIZL,92,180,90,0,0,0,0,0,0.14056801795959473,-0.021493569016456604,-2.772028684616089,0.25590968132019043,0.06404373794794083,-2.5570621490478516,0.5339753031730652,0.08553730696439743,0.2149665355682373,0.27806562185287476,0
RICL,104,204,103,0,4,0,0,0,0.1317782700061798,-0.09148447960615158,-2.79101300239563,0.2538268268108368,0.06363217532634735,-2.57068133354187,0.535698413848877,0.15511664748191833,0.22033166885375977,0.28187158703804016,4
AIYR,60,116,58,0,0,0,0,0,0.0001783519983291626,-0.1253696233034134,-2.769178628921509,0.2803138792514801,-0.023804813623428345,-2.4931349754333496,0.5339721441268921,0.10156480967998505,0.2760436534881592,0.253658264875412,0
AIMR,64,124,62,0,0,0,0,0,0.00015408266335725784,-0.14332999289035797,-2.8312594890594482,0.21222424507141113,-0.023804791271686554,-2.5037128925323486,0.5342303514480591,0.11952520161867142,0.3275465965270996,0.32200610637664795,0
AIBL,132,260,130,0,0,0,0,0,0.1275050938129425,-0.09148447215557098,-2.778963327407837,0.2651752829551697,0.04931661859154701,-2.641173839569092,0.5357885956764221,0.1408010870218277,0.13778948783874512,0.27061331272125244,0
RIGL,60,116,58,0,0,0,0,0,0.0001783519983291626,-0.018913453444838524,-2.776686429977417,0.14556218683719635,0.04931662231683731,-2.2840723991394043,0.5339721441268921,0.06823007762432098,0.4926140308380127,0.38840997219085693,0
SABD,168,332,166,0,0,0,0,0,0.00020089067402295768,-0.10215583443641663,-3.298440933227539,0.022028382867574692,0.08164229989051819,-2.1983211040496826,0.6531954407691956,0.18379813432693481,1.1001198291778564,0.6311670541763306,0
AVG,208,412,206,0,0,0,0,0,9.214261808665469e-05,-0.1249263659119606,-2.434778928756714,-0.9763401746749878,-0.005526075139641762,4.48325777053833,0.9157190322875977,0.11940029263496399,6.918036460876465,1.8920592069625854,0
RIFL,64,124,62,0,0,0,0,0,0.00017834757454693317,-0.018913455307483673,-2.775481700897217,0.16948853433132172,0.04931662604212761,-2.3549342155456543,0.5339722037315369,0.06823007762432098,0.4205474853515625,0.36448365449905396,0
RIGR,60,116,58,0,0,0,0,0,0.0001783524639904499,-0.09203486144542694,-2.774350166320801,0.18897663056850433,-0.02380478009581566,-2.373237371444702,0.5339720845222473,0.06823007762432098,0.40111279487609863,0.3449954390525818,0
RIFR,64,124,62,0,0,0,0,0,0.00017835223115980625,-0.09148447215557098,-2.7730553150177,0.22890542447566986,-0.02108391933143139,-2.4201297760009766,0.5360025763511658,0.07040055096149445,0.35292553901672363,0.3070971369743347,0
SABVR,56,108,54,0,0,0,0,0,0.00011278728925390169,-0.08994898200035095,-3.367957353591919,0.2255537211894989,-0.0722389966249466,-2.4338040351867676,0.5389236807823181,0.017709985375404358,0.9341533184051514,0.3133699595928192,0
SABVL,56,108,54,0,0,0,0,0,0.00011278743477305397,0.02429281920194626,-3.367957353591919,0.22555367648601532,0.042002804577350616,-2.4338037967681885,0.5389236807823181,0.017709985375404358,0.9341535568237305,0.3133699893951416,0
AIML,64,124,62,0,0,0,0,0,0.00017835013568401337,-0.01891346275806427,-2.7696168422698975,0.2737552523612976,0.10061174631118774,-2.502108335494995,0.5339720845222473,0.11952520906925201,0.26750850677490234,0.2602168321609497,0
AIYL,60,116,58,0,0,0,0,0,0.0001783485058695078,-0.01891344040632248,-2.769178628921509,0.2803138792514801,0.08265136182308197,-2.4931352138519287,0.5339721441268921,0.10156480222940445,0.2760434150695801,0.253658264875412,0
SIADL,208,412,207,0,4,0,0,0,0.0001429492112947628,-0.24569037556648254,-2.795137405395508,-0.5299006700515747,0.04984554275870323,3.977672576904297,0.6262248754501343,0.2955359220504761,6.772809982299805,1.156125545501709,4
AIAL,60,116,58,0,0,0,0,0,0.00017835036851465702,-0.018913455307483673,-2.7868051528930664,0.31807059049606323,0.04931662231683731,-2.616706609725952,0.5565731525421143,0.06823007762432098,0.17009854316711426,0.23850256204605103,0
SIAVL,204,404,202,0,0,0,0,0,8.584250463172793e-05,0.018125832080841064,-2.803570508956909,-0.9243614673614502,0.23537006974220276,3.9718105792999268,0.45657095313072205,0.2172442376613617,6.775381088256836,1.3809324502944946,0
SIBVL,268,532,267,0,4,0,0,0,5.4914780776016414e-05,-0.2493109107017517,-2.819420099258423,-0.9243617057800293,0.04931661859154701,3.9766151905059814,0.5355732440948486,0.2986275255680084,6.796035289764404,1.459934949874878,4
RIH,128,252,126,0,0,0,0,0,8.862451795721427e-05,-0.09148448705673218,-2.765714406967163,0.33759191632270813,0.04931662231683731,-2.6472349166870117,0.5327364802360535,0.1408011019229889,0.11847949028015137,0.19514456391334534,0
VA11,48,92,46,0,0,0,0,0,7.310242381208809e-06,-0.028386315330863,2.5352606773376465,-0.3165220320224762,-0.002749156206846237,3.5067780017852783,-0.13243262469768524,0.025637159124016762,0.9715173244476318,0.18408940732479095,0
HSNR,188,372,186,0,0,0,0,0,4.207254733046284e-06,-0.22827734053134918,-2.7959060668945312,-1.3766788244247437,0.049790382385253906,0.7511155009269714,1.7021801471710205,0.2780677080154419,3.5470216274261475,3.0788588523864746,0
DD6,160,316,158,0,0,0,0,0,4.7462081056437455e-06,-0.2034696638584137,2.4229485988616943,-0.7965207099914551,0.01356339082121849,4.040597438812256,0.8158817291259766,0.21703305840492249,1.6176488399505615,1.6124024391174316,0
DD4,200,396,198,0,0,0,0,0,7.225887202366721e-06,-0.27470430731773376,-0.2632259726524353,-1.0215595960617065,0.01954742521047592,1.9555392265319824,1.150259017944336,0.2942517399787903,2.2187652587890625,2.171818733215332,0
DD3,160,316,158,0,0,0,0,0,5.543421593756648e-06,-0.25093984603881836,-1.4491064548492432,-1.217988133430481,0.020451106131076813,0.19309164583683014,0.4127653241157532,0.2713909447193146,1.642198085784912,1.630753517150879,0
DD5,148,292,146,0,0,0,0,0,4.570575583784375e-06,-0.257210910320282,1.4599010944366455,-0.5532093644142151,0.016409236937761307,2.88698410987854,0.7654582262039185,0.2736201584339142,1.4270830154418945,1.3186676502227783,0
DD2,128,252,126,0,0,0,0,0,4.6228642531787045e-06,-0.2522958517074585,-2.0096704959869385,-0.5656409859657288,0.01298024132847786,-1.152686357498169,0.209007129073143,0.26527610421180725,0.8569841384887695,0.774648129940033,0
DB7,132,260,130,0,0,0,0,0,7.644352081115358e-06,-0.23119741678237915,2.565626382827759,-0.40648671984672546,0.010076703503727913,3.8413643836975098,0.22366784512996674,0.24127411842346191,1.275738000869751,0.630154550075531,0
DB6,148,292,146,0,0,0,0,0,7.644785910088103e-06,-0.25618261098861694,1.6595032215118408,-0.3923259675502777,0.012677842751145363,3.5807394981384277,0.49081951379776,0.26886045932769775,1.921236276626587,0.8831454515457153,0
DA9,128,252,126,0,0,0,0,0,4.406292191561079e-06,-0.06996539235115051,2.559784412384033,-0.5783184170722961,0.009593711234629154,4.094364166259766,0.8675357699394226,0.07955910265445709,1.5345797538757324,1.4458541870117188,0
DA7,184,364,182,0,0,0,0,0,7.644353900104761e-06,-0.028238538652658463,-0.8093976974487305,-1.9190490245819092,0.1911720335483551,3.097350597381592,1.5521138906478882,0.21941056847572327,3.9067482948303223,3.471162796020508,0
DA6,232,460,230,0,0,0,0,0,7.64344531489769e-06,-0.13383114337921143,-1.5014859437942505,-1.653074026107788,0.26065683364868164,2.3479599952697754,1.7723091840744019,0.39448797702789307,3.8494458198547363,3.4253830909729004,0
DA5,188,372,184,8,8,0,0,0,2.8584894607774913e-05,-0.1338309645652771,-2.189413070678711,-1.3382291793823242,0.24851173162460327,1.067022442817688,1.5547685623168945,0.38234269618988037,3.2564353942871094,2.8929977416992188,16
AS11,100,196,98,0,0,0,0,0,8.455296665488277e-06,-0.21688054502010345,2.3643224239349365,-0.44329023361206055,0.016479067504405975,3.2232744693756104,0.4771879017353058,0.23335960507392883,0.8589520454406738,0.920478105545044,0
AS10,96,188,93,4,4,0,0,0,9.082144060812425e-06,-0.21879157423973083,1.8022907972335815,-0.4608933627605438,0.014377344399690628,2.852970838546753,0.6902611255645752,0.23316891491413116,1.0506800413131714,1.1511545181274414,8
AS9,100,196,98,0,0,0,0,0,1.1259043276368175e-05,-0.2588389217853546,1.175452709197998,-0.3048414885997772,0.00987868383526802,2.3696601390838623,0.6517461538314819,0.26871761679649353,1.1942074298858643,0.9565876722335815,0
AS8,116,228,113,4,4,0,0,0,8.245428034570068e-06,-0.2592178285121918,-0.00714169442653656,-0.42435550689697266,0.01566265895962715,1.9139254093170166,0.662843644618988,0.2748804986476898,1.9210671186447144,1.0871992111206055,8
AS7,108,212,106,0,0,0,0,0,8.610890290583484e-06,-0.26068931818008423,-0.23683509230613708,-0.4965953826904297,0.011639023199677467,1.2987971305847168,0.5603586435317993,0.27232834696769714,1.5356322526931763,1.056954026222229,0
AS6,96,188,94,0,0,0,0,0,1.1420113878557459e-05,-0.2768687903881073,-0.8623448014259338,-0.874966025352478,0.020818542689085007,0.37466302514076233,0.3631136417388916,0.2976873219013214,1.2370078563690186,1.2380796670913696,0
AS5,104,204,102,0,0,0,0,0,1.1419429938541725e-05,-0.2724079191684723,-1.306586503982544,-0.9900931715965271,0.021921638399362564,0.057569779455661774,0.4257354736328125,0.29432955384254456,1.3641562461853027,1.4158287048339844,0
AS4,100,196,98,0,0,0,0,0,1.1419764632591978e-05,-0.2508395314216614,-1.846704363822937,-0.814777672290802,0.01522531732916832,-0.8111953139305115,0.38367509841918945,0.26606485247612,1.0355091094970703,1.1984527111053467,0
AS3,88,172,86,0,0,0,0,0,7.664059012313373e-06,-0.2533358633518219,-2.096727132797241,-0.477334201335907,0.01788041740655899,-1.3653935194015503,0.3806823492050171,0.2712162733078003,0.7313336133956909,0.8580165505409241,0
AS2,92,180,90,0,0,0,0,0,1.1419670045142993e-05,-0.2522958815097809,-2.4354770183563232,-0.16553542017936707,0.014377336949110031,-1.8726516962051392,0.5285189151763916,0.26667320728302,0.5628253221511841,0.694054365158081,0
VD13,112,220,110,0,0,0,0,0,3.4453687476343475e-06,-0.1800116002559662,3.351257562637329,-0.28517788648605347,0.01291610673069954,3.8923089504241943,0.23834562301635742,0.19292770326137543,0.5410513877868652,0.5235235095024109,0
VD12,116,228,114,0,0,0,0,0,5.062810032541165e-06,-0.21963107585906982,2.742804527282715,-0.4538937211036682,0.012734802439808846,3.5465824604034424,0.31495174765586853,0.23236587643623352,0.8037779331207275,0.7688454389572144,0
VD11,116,228,114,0,0,0,0,0,3.4452764339221176e-06,-0.24027352035045624,2.258021116256714,-0.40930303931236267,0.012591484934091568,3.0543646812438965,0.39871859550476074,0.2528650164604187,0.7963435649871826,0.8080216646194458,0
VD10,116,228,114,0,0,0,0,0,3.918847141903825e-06,-0.2642175555229187,1.8700488805770874,-0.2567564845085144,0.01161959394812584,2.528676748275757,0.49118876457214355,0.27583715319633484,0.6586278676986694,0.747945249080658,0
VD9,112,220,110,0,0,0,0,0,4.2253127503499854e-06,-0.2556506395339966,1.2670072317123413,-0.18812867999076843,0.010309642180800438,2.113219738006592,0.667733371257782,0.2659602761268616,0.8462125062942505,0.855862021446228,0
VD8,144,284,142,0,0,0,0,0,2.938386387540959e-06,-0.25963664054870605,0.3869592845439911,-0.34105390310287476,0.014204565435647964,1.571225643157959,0.7575803399085999,0.2738412022590637,1.1842663288116455,1.0986342430114746,0
VD7,132,260,130,0,0,0,0,0,6.9532229645119514e-06,-0.2751474976539612,-0.29493632912635803,-0.6358645558357239,0.013563379645347595,0.7092651128768921,0.3984450101852417,0.28871089220046997,1.0042014122009277,1.0343096256256104,0
VD6,116,228,114,0,0,0,0,0,3.631320169006358e-06,-0.26837873458862305,-0.8732281923294067,-0.9200279712677002,0.011999895796179771,0.16709670424461365,0.12289328873157501,0.28037863969802856,1.0403249263763428,1.0429213047027588,0
VD5,116,228,114,0,0,0,0,0,4.990160505258245e-06,-0.24910804629325867,-1.4196367263793945,-0.8682451844215393,0.016333257779479027,-0.488386869430542,0.0024763718247413635,0.26544129848480225,0.9312498569488525,0.8707215785980225,0
VD4,116,228,114,0,0,0,0,0,5.209613391343737e-06,-0.25371453166007996,-1.8432008028030396,-0.5433551669120789,0.013690145686268806,-1.1781799793243408,0.0934097170829773,0.2674046754837036,0.6650208234786987,0.6367648839950562,0
VD3,104,204,102,0,0,0,0,0,4.921654635836603e-06,-0.2522958517074585,-2.2294375896453857,-0.25199195742607117,0.011539090424776077,-1.62899649143219,0.3464638292789459,0.26383495330810547,0.6004410982131958,0.5984557867050171,0
DB5,212,420,210,0,0,0,0,0,7.645680852874648e-06,-0.1338241696357727,0.04767512530088425,-1.0775420665740967,0.26571279764175415,3.5557167530059814,1.2772088050842285,0.39953696727752686,3.5080416202545166,2.354750871658325,0
DB4,244,484,242,0,0,0,0,0,7.64465585234575e-06,-0.13383091986179352,-1.0499296188354492,-1.5797960758209229,0.23762956261634827,3.5407679080963135,1.0211482048034668,0.371460497379303,4.590697288513184,2.6009442806243896,0
DA8,128,252,126,0,0,0,0,0,3.3295273169642314e-06,-0.01768944412469864,2.5597851276397705,-0.5780295133590698,0.03679145127534866,4.091514587402344,0.8664841055870056,0.0544808954000473,1.5317294597625732,1.4445135593414307,0
DA4,152,300,150,0,0,0,0,0,7.643038770765997e-06,-0.0270118098706007,-2.711163282394409,-0.9705356955528259,0.258079469203949,-0.09919485449790955,0.7900240421295166,0.2850912809371948,2.611968517303467,1.7605597972869873,0
DA3,124,244,122,0,0,0,0,0,7.643053322681226e-06,-0.029186416417360306,-2.7057487964630127,-0.944977343082428,0.23717452585697174,-0.8914451003074646,1.125185489654541,0.26636093854904175,1.8143036365509033,2.070162773132324,0
DA2,120,236,118,0,0,0,0,0,5.425878043752164e-06,-0.2522958517074585,-2.7201621532440186,-0.25421345233917236,0.015215598046779633,-1.7438220977783203,0.6069233417510986,0.2675114572048187,0.9763400554656982,0.861136794090271,0
VC5,120,236,118,0,0,0,0,0,1.2362413599475985e-06,-0.03608373552560806,0.5323090553283691,-0.1795722395181656,0.013210936449468136,0.6928610801696777,-0.05481446161866188,0.04929467290639877,0.1605520248413086,0.124757781624794,0
URAVR,84,164,82,0,0,0,0,0,0.1082514077425003,-0.2609485387802124,-3.4240715503692627,0.3719951808452606,0.18367600440979004,-2.7191460132598877,0.5639282464981079,0.44462454319000244,0.704925537109375,0.1919330656528473,0
M5,196,388,194,0,0,0,0,0,3.1174797641142504e-06,-0.09483551234006882,-2.5563385486602783,0.2978530824184418,0.05661718174815178,-2.4060142040252686,0.44898074865341187,0.1514526903629303,0.15032434463500977,0.1511276662349701,0
M3R,120,236,118,0,0,0,0,0,2.70816985903366e-06,-0.09355267882347107,-2.977783441543579,0.45766857266426086,-0.028008021414279938,-2.8134028911590576,0.578349232673645,0.06554465740919113,0.16438055038452148,0.12068066000938416,0
M2R,68,132,66,0,0,0,0,0,1.084898212866392e-05,-0.1049080565571785,-3.00920033454895,0.36010247468948364,-0.03275066986680031,-2.4843101501464844,0.6037031412124634,0.07215738296508789,0.5248901844024658,0.24360066652297974,0
M1,100,196,98,0,0,0,0,0,2.395194087512209e-06,-0.048218920826911926,-3.4033825397491455,0.42606934905052185,0.0018818066455423832,-2.5039026737213135,0.599746584892273,0.05010072886943817,0.899479866027832,0.1736772358417511,0
DVB,92,180,90,0,0,0,0,0,6.895221304148436e-06,-0.15734244883060455,0.9454147815704346,-0.2648558020591736,0.12474186718463898,3.955200433731079,0.05816007778048515,0.28208431601524353,3.0097856521606445,0.32301586866378784,0
VA12,36,68,34,0,0,0,0,0,1.0938286322925705e-05,-0.013944641686975956,2.60408878326416,-0.5974718928337097,0.011473978869616985,3.6543803215026855,0.18624980747699738,0.02541862055659294,1.0502915382385254,0.7837216854095459,0
PDA,112,220,110,0,0,0,0,0,7.52805317461025e-06,-0.0711415633559227,2.5597848892211914,-0.06363578140735626,0.012009518221020699,4.05972957611084,0.2218865305185318,0.08315107971429825,1.4999446868896484,0.28552231192588806,0
PDB,140,276,138,0,0,0,0,0,4.07657853429555e-06,-0.0711415633559227,2.5597848892211914,-0.0949871689081192,0.01043427363038063,4.42479133605957,0.42523080110549927,0.08157584071159363,1.865006446838379,0.5202179551124573,0
VB11,68,132,66,0,0,0,0,0,7.583888418594142e-06,-0.03096381202340126,2.2730371952056885,-0.26427599787712097,-0.005900818854570389,3.8216915130615234,-0.10511724650859833,0.02506299316883087,1.548654317855835,0.15915875136852264,0
VA10,64,124,62,0,0,0,0,0,7.64477408665698e-06,-0.03078012727200985,1.0443122386932373,-0.2670176029205322,-0.0060845063999295235,3.116753101348877,0.04231053590774536,0.02469561994075775,2.0724408626556396,0.3093281388282776,0
VB10,80,156,78,0,0,0,0,0,7.64375272410689e-06,-0.03061600774526596,1.7586033344268799,-0.2642759382724762,-0.006248729303479195,3.817626953125,0.007832005620002747,0.024367278441786766,2.05902361869812,0.27210795879364014,0
VA9,100,196,98,0,0,0,0,0,7.643547178304289e-06,-0.13383089005947113,0.25881052017211914,-0.38371241092681885,-0.005290336906909943,2.5211222171783447,0.044731125235557556,0.1285405457019806,2.2623116970062256,0.4284435510635376,0
VC6,56,108,54,0,0,0,0,0,7.166025625338079e-06,-0.029530219733715057,0.8159555196762085,-0.3679889738559723,-0.007334310561418533,2.071187973022461,0.2579081356525421,0.022195909172296524,1.2552324533462524,0.6258971095085144,0
VB9,76,148,74,0,0,0,0,0,7.64407104725251e-06,-0.03099280409514904,1.2004514932632446,-0.2642759680747986,-0.005871829576790333,3.835085391998291,0.04471605643630028,0.025120973587036133,2.634634017944336,0.30899202823638916,0
VA8,108,212,106,0,0,0,0,0,7.643041499250103e-06,-0.13383089005947113,-0.4599400758743286,-0.6600534915924072,-0.0053041959181427956,2.0571999549865723,0.04742499440908432,0.1285266876220703,2.5171399116516113,0.7074784636497498,0
VB8,104,204,102,0,0,0,0,0,6.663743079116102e-06,-0.13180500268936157,0.566757321357727,-0.2642759680747986,-0.006063404493033886,3.822375535964966,0.04180487245321274,0.1257416009902954,3.255618095397949,0.3060808479785919,0
VA7,112,220,110,0,0,0,0,0,7.643200660822913e-06,-0.13383089005947113,-1.1392312049865723,-0.7886022329330444,-0.00631717499345541,1.5394437313079834,0.13107869029045105,0.12751372158527374,2.6786749362945557,0.9196809530258179,0
VB7,104,204,102,0,0,0,0,0,7.643334356544074e-06,-0.13372118771076202,-0.14162778854370117,-0.5732278823852539,-0.013084664940834045,3.3149337768554688,0.04473109543323517,0.12063652276992798,3.45656156539917,0.6179589629173279,0
VA6,108,212,106,0,0,0,0,0,7.643100616405718e-06,-0.13383090496063232,-1.731132984161377,-0.6700577735900879,-0.004666781052947044,0.9526069164276123,0.0063439905643463135,0.12916412949562073,2.6837399005889893,0.6764017343521118,0
VC3,247,487,243,3,3,0,0,0,2.930299058956365e-11,-0.13383090496063232,-2.385134220123291,-1.261573076248169,0.030036335811018944,1.2530410289764404,1.3560576438903809,0.16386723518371582,3.6381752490997314,2.61763072013855,6
VB6,116,228,114,0,0,0,0,0,7.642944183317013e-06,-0.13383089005947113,-0.9415600895881653,-0.6700725555419922,-0.006422096863389015,2.527062177658081,0.044731080532073975,0.12740878760814667,3.4686222076416016,0.7148036360740662,0
VA5,72,140,70,0,0,0,0,0,7.642975106136873e-06,-0.0306986216455698,-2.147531509399414,-0.7205190062522888,-0.006166049279272556,0.20815210044384003,0.015983112156391144,0.02453257143497467,2.3556835651397705,0.7365021109580994,0
VC2,112,220,110,0,0,0,0,0,6.834197392890928e-06,-0.13383091986179352,-2.54758882522583,-0.9733566641807556,0.002460152842104435,0.6921839714050293,0.5298352241516113,0.13629107177257538,3.2397727966308594,1.5031919479370117,0
VB5,120,236,118,0,0,0,0,0,7.643257958989125e-06,-0.13383089005947113,-1.6723285913467407,-0.670056939125061,-0.00656626932322979,1.9354157447814941,0.044731199741363525,0.1272646188735962,3.6077442169189453,0.7147881388664246,0
VA4,76,148,74,0,0,0,0,0,7.643401659152005e-06,-0.03150800243020058,-2.8336193561553955,-0.8165068626403809,-0.0053566256538033485,-0.5128040909767151,0.2867746353149414,0.026151377707719803,2.320815324783325,1.1032814979553223,0
VC1,120,236,118,0,0,0,0,0,6.834129180788295e-06,-0.13383089005947113,-2.72696590423584,-1.4232767820358276,0.004379658959805965,0.6918238997459412,1.5779597759246826,0.13821054995059967,3.418789863586426,3.0012364387512207,0
VB4,120,236,118,0,0,0,0,0,7.643000571988523e-06,-0.14068444073200226,-2.06199049949646,-1.6321661472320557,-0.013598880730569363,1.2196048498153687,1.6144205331802368,0.12708556652069092,3.281595230102539,3.246586799621582,0
VA3,72,140,70,0,0,0,0,0,7.64307606004877e-06,-0.027256594970822334,-3.158811092376709,-0.8467627763748169,-0.002225923351943493,-1.2043063640594482,0.6884520649909973,0.025030672550201416,1.9545047283172607,1.535214900970459,0
DB3,208,412,206,0,0,0,0,0,7.643192475370597e-06,-0.2522958517074585,-2.03733229637146,-2.7369179725646973,0.01861387863755226,3.584012508392334,2.675640344619751,0.27090972661972046,5.621344566345215,5.412558555603027,0
VB3,112,220,110,0,0,0,0,0,6.834231498942245e-06,-0.13383089005947113,-2.3354392051696777,-1.4772931337356567,-0.007226797752082348,0.6918168067932129,1.4488228559494019,0.1266040951013565,3.0272560119628906,2.9261159896850586,0
VA2,60,116,58,0,0,0,0,0,7.64307060308056e-06,-0.031028658151626587,-3.1635727882385254,-0.42611756920814514,-0.0058360835537314415,-1.8586468696594238,0.6068716049194336,0.02519257366657257,1.3049259185791016,1.0329891443252563,0
HSNL,188,372,186,0,0,0,0,0,4.2069123082910664e-06,-0.09148448705673218,-2.7959065437316895,-1.3734021186828613,0.18658320605754852,0.749686598777771,1.7021803855895996,0.2780677080154419,3.54559326171875,3.075582504272461,0
VC4,120,236,118,0,0,0,0,0,1.2362394272713573e-06,-0.03608373552560806,0.3846072554588318,-0.26467207074165344,0.01321092527359724,0.5462020039558411,-0.12708234786987305,0.04929466173052788,0.16159474849700928,0.1375897228717804,0
M4,212,420,210,0,0,0,0,0,3.265233090132824e-06,-0.09002603590488434,-2.9374799728393555,0.3457029461860657,0.04982682690024376,-2.5313122272491455,0.5894659757614136,0.1398528665304184,0.40616774559020996,0.2437630295753479,0
M2L,68,132,66,0,0,0,0,0,1.0848953024833463e-05,-0.009967569261789322,-3.009200096130371,0.36010241508483887,0.06218981742858887,-2.4843101501464844,0.6037031412124634,0.07215738296508789,0.5248899459838867,0.2436007261276245,0
M3L,120,236,118,0,0,0,0,0,2.7081753160018707e-06,-0.014710210263729095,-2.977783203125,0.4576685428619385,0.05083444342017174,-2.8134026527404785,0.5783491730690002,0.06554464995861053,0.16438055038452148,0.12068063020706177,0
SMBVR,232,460,230,0,0,0,0,0,8.585663454141468e-05,-0.24850818514823914,-2.8031325340270996,-0.9243615865707397,-0.028046680614352226,3.972086191177368,0.4610605239868164,0.22046150267124176,6.775218963623047,1.3854221105575562,0
RMFR,112,220,110,0,0,0,0,0,0.00010551116429269314,-0.09155330061912537,-2.8163771629333496,0.32668399810791016,0.049629297107458115,-2.5900485515594482,0.5339869260787964,0.14118260145187378,0.22632861137390137,0.20730292797088623,0
RMGR,80,156,78,0,0,0,0,0,0.1378404051065445,-0.13403980433940887,-2.8276114463806152,0.0707504078745842,-0.031002461910247803,-2.306920289993286,0.6227322220802307,0.10303734242916107,0.5206911563873291,0.5519818067550659,0
URADR,92,180,90,0,0,0,0,0,0.10201450437307358,-0.25118130445480347,-3.410111665725708,0.5065003633499146,0.17302045226097107,-2.7365057468414307,0.6112773418426514,0.42420175671577454,0.6736059188842773,0.10477697849273682,0
RMER,72,144,73,0,4,0,0,0,0.1223515123128891,-0.09864318370819092,-2.7548904418945312,0.37563732266426086,0.04892904311418533,-2.7297170162200928,0.5335338115692139,0.14757221937179565,0.025173425674438477,0.157896488904953,4
RMHR,112,220,110,0,0,0,0,0,0.00010272082727169618,-0.09182588011026382,-2.7664647102355957,0.3370308578014374,0.058424368500709534,-2.6420340538024902,0.5335478782653809,0.15025025606155396,0.12443065643310547,0.19651702046394348,0
SMBDR,188,372,186,0,0,0,0,0,0.00019916951714549214,-0.08802530914545059,-2.794779062271118,-0.5268340110778809,0.23774069547653198,3.92598032951355,0.6283804178237915,0.325765997171402,6.720759391784668,1.1552144289016724,0
SMDDR,192,380,190,0,0,0,0,0,0.00013430201215669513,-0.09148342162370682,-2.79477858543396,-0.5268340706825256,0.23790867626667023,3.9259800910949707,0.6283804178237915,0.32939210534095764,6.720758438110352,1.155214548110962,0
RMDDR,64,124,62,0,0,0,0,0,0.00014294248830992728,-0.09104123711585999,-2.7648229598999023,0.3649939000606537,0.05015282332897186,-2.6633412837982178,0.5335479974746704,0.14119406044483185,0.10148167610168457,0.16855409741401672,0
RMDR,72,140,70,0,0,0,0,0,0.1723141223192215,-0.09025581181049347,-2.7768290042877197,0.3855493664741516,0.04925382882356644,-2.6773178577423096,0.5337042808532715,0.1395096480846405,0.09951114654541016,0.14815491437911987,0
RMDVR,72,140,70,0,0,0,0,0,0.1250404268503189,-0.09763165563344955,-2.8259377479553223,0.36274486780166626,0.04930108040571213,-2.658518075942993,0.5340981483459473,0.14693273603916168,0.1674196720123291,0.171353280544281,0
SMDVR,208,412,206,0,0,0,0,0,0.07055908441543579,-0.09571453928947449,-2.8311660289764404,-2.8469021320343018,0.23537001013755798,3.972006320953369,3.3084795475006104,0.33108454942703247,6.8031721115112305,6.155381679534912,0
RIMR,148,292,146,0,0,0,0,0,0.022241149097681046,-0.09122089296579361,-2.769601821899414,0.2603166401386261,0.04958021640777588,-2.5948712825775146,0.5335387587547302,0.1408011019229889,0.17473053932189941,0.2732221186161041,0
RMED,124,248,124,0,0,0,0,0,0.05840776860713959,-0.09289548546075821,-2.7727017402648926,0.11619698256254196,0.11999115347862244,-1.6719599962234497,0.6065994501113892,0.21288663148880005,1.1007417440414429,0.4904024600982666,0
RMEL,72,144,73,0,4,0,0,0,0.12235143780708313,-0.09148447960615158,-2.7548906803131104,0.37563735246658325,0.056087739765644073,-2.729717254638672,0.5335338115692139,0.14757221937179565,0.025173425674438477,0.15789645910263062,4
RMEV,264,524,262,0,0,0,0,0,0.06920245289802551,-0.15176309645175934,-2.7552521228790283,-0.6700577139854431,0.04938001185655594,3.9612274169921875,0.5320911407470703,0.20114311575889587,6.716479301452637,1.2021489143371582,0
SMDVL,208,412,206,0,0,0,0,0,0.07054734975099564,-0.2493109405040741,-2.8311657905578613,-2.8469018936157227,0.05403192341327667,3.9720053672790527,3.308478832244873,0.30334287881851196,6.803171157836914,6.155380725860596,0
RMDVL,72,140,70,0,0,0,0,0,0.12504033744335175,-0.09148447960615158,-2.825937271118164,0.3627447485923767,0.055448248982429504,-2.658517599105835,0.5340980291366577,0.1469327211380005,0.1674196720123291,0.171353280544281,0
RMDL,72,140,70,0,0,0,0,0,0.17231395840644836,-0.09148450195789337,-2.776829242706299,0.3855494260787964,0.04802513122558594,-2.6773180961608887,0.5337043404579163,0.1395096331834793,0.09951114654541016,0.14815491437911987,0
RIML,148,292,146,0,0,0,0,0,0.022241029888391495,-0.09148448705673218,-2.769601821899414,0.2603166699409485,0.049316614866256714,-2.5948715209960938,0.5335386991500854,0.1408011019229889,0.1747303009033203,0.27322202920913696,0
VD2,100,196,98,0,0,0,0,0,9.187722753267735e-05,-0.016831647604703903,-2.495267391204834,0.0032405112870037556,0.20081397891044617,-2.02583384513855,0.5100040435791016,0.21764563024044037,0.4694335460662842,0.5067635178565979,0
DA1,108,212,106,0,0,0,0,0,0.00020809241686947644,-0.01976969465613365,-3.0202956199645996,-0.014300516806542873,0.20081397891044617,-2.0078046321868896,0.8302106261253357,0.22058367729187012,1.01249098777771,0.8445111513137817,0
VD1,132,260,130,0,0,0,0,0,9.504185436526313e-05,-0.20551517605781555,-2.6788876056671143,0.01952546462416649,0.007732019759714603,-2.1946797370910645,0.5833251476287842,0.21324719488620758,0.4842078685760498,0.5637996792793274,0
AS1,88,172,86,0,0,0,0,0,0.0002907084417529404,-0.2488553524017334,-2.9540464878082275,0.028200849890708923,0.01528109610080719,-2.130842924118042,0.6364784240722656,0.2641364336013794,0.8232035636901855,0.6082775592803955,0
DB1,256,508,254,0,0,0,0,0,0.00020249441149644554,-0.10638146102428436,-3.2464771270751953,-2.9412620067596436,0.01842283084988594,3.5694169998168945,3.5320558547973633,0.12480428814888,6.81589412689209,6.473318099975586,0
DD1,120,236,118,0,0,0,0,0,0.00020250961824785918,-0.0767526626586914,-2.5702295303344727,-0.19666314125061035,0.21679355204105377,-1.7154797315597534,0.5432616472244263,0.293546199798584,0.8547497987747192,0.7399247884750366,0
VA1,80,156,78,0,0,0,0,0,0.00019058494945056736,-0.10860427469015121,-3.1650123596191406,-0.029782798141241074,0.08137688040733337,-2.3202271461486816,0.5665943026542664,0.18998116254806519,0.844785213470459,0.5963770747184753,0
DB2,220,436,218,0,0,0,0,0,0.00020251338719390333,-0.01830516941845417,-2.4994394779205322,-0.8393979072570801,0.18969909846782684,3.5880095958709717,0.7480140924453735,0.20800426602363586,6.087449073791504,1.5874119997024536,0
VB1,136,268,134,0,0,0,0,0,0.00014296561130322516,-0.046976350247859955,-2.809934616088867,-0.7292683720588684,0.049737632274627686,0.18038292229175568,0.45241841673851013,0.09671398252248764,2.9903175830841064,1.1816867589950562,0
VB2,124,244,122,0,0,0,0,0,0.00010147957800654694,-0.03933100774884224,-3.0705301761627197,-0.7277445793151855,-0.010465661063790321,0.2621631324291229,0.38636183738708496,0.028865346685051918,3.332693338394165,1.1141064167022705,0
RMFL,112,220,110,0,0,0,0,0,0.00010551098239375278,-0.09186595678329468,-2.8163774013519287,0.32668396830558777,0.04931661859154701,-2.5900487899780273,0.5339869260787964,0.1411825716495514,0.22632861137390137,0.20730295777320862,0
SMBDL,188,372,186,0,0,0,0,0,0.00019916979363188148,-0.2472153604030609,-2.794778823852539,-0.5268340110778809,0.04931661859154701,3.9259798526763916,0.6283804178237915,0.2965319752693176,6.720758438110352,1.1552144289016724,0
SMDDL,192,380,190,0,0,0,0,0,0.00013430060062091798,-0.2472154051065445,-2.794778823852539,-0.5268340110778809,0.04931661859154701,3.9259796142578125,0.6283803582191467,0.2965320348739624,6.720758438110352,1.1552143096923828,0
RMHL,112,220,110,0,0,0,0,0,0.00010272085637552664,-0.10093363374471664,-2.7664647102355957,0.33703088760375977,0.04931662231683731,-2.6420340538024902,0.5335479378700256,0.15025025606155396,0.12443065643310547,0.19651705026626587,0
RMDDL,64,124,62,0,0,0,0,0,0.00014294289576355368,-0.09187745302915573,-2.7648231983184814,0.3649939000606537,0.04931662231683731,-2.6633412837982178,0.5335479974746704,0.14119407534599304,0.10148191452026367,0.16855409741401672,0
RMGL,80,156,78,0,0,0,0,0,0.1378398984670639,-0.011715762317180634,-2.8276114463806152,0.07075050473213196,0.09132157266139984,-2.3069205284118652,0.6227323412895203,0.10303733497858047,0.52069091796875,0.5519818067550659,0
URAVL,84,164,82,0,0,0,0,0,0.10825048387050629,-0.21880461275577545,-3.4239795207977295,0.3719524145126343,0.2465105950832367,-2.718479871749878,0.5638585090637207,0.46531522274017334,0.7054996490478516,0.19190609455108643,0
URADL,92,180,90,0,0,0,0,0,0.10346544533967972,-0.20817714929580688,-3.4100944995880127,0.5065003633499146,0.23291979730129242,-2.7399704456329346,0.6112773418426514,0.4410969614982605,0.6701240539550781,0.10477697849273682,0
SMBVL,232,460,230,0,0,0,0,0,8.584537135902792e-05,-0.013770464807748795,-2.8031327724456787,-0.9243614673614502,0.2374296933412552,3.972086191177368,0.4610605835914612,0.2512001693248749,6.775218963623047,1.3854219913482666,0
PVM,148,292,146,0,0,0,0,0,4.116487616556697e-06,-0.13383089005947113,-1.5666370391845703,-1.297049880027771,0.2574801743030548,1.9180266857147217,1.0279890298843384,0.39131104946136475,3.484663724899292,2.3250389099121094,0
PVDR,6995,13987,6938,224,224,0,0,504,0.0,-0.28984612226486206,-2.641572952270508,-1.7811627388000488,-0.01323382556438446,3.8737237453460693,1.5787408351898193,0.2766122817993164,6.515296936035156,3.359903573989868,952
PDER,212,420,210,0,0,0,0,0,4.030402578791836e-06,-0.2823106348514557,-2.5431721210479736,-1.1256191730499268,-0.012942299246788025,3.7836458683013916,0.6847902536392212,0.26936835050582886,6.326817989349365,1.810409426689148,0
AVM,168,332,166,0,0,0,0,0,2.5271783670177683e-06,-0.2198072075843811,-3.171368360519409,-0.72892165184021,0.0300387442111969,-0.5354709625244141,0.5027823448181152,0.249845951795578,2.635897397994995,1.2317039966583252,0
ALMR,128,252,126,0,0,0,0,0,4.243383045832161e-06,-0.2563832700252533,-3.068502426147461,-0.3892608880996704,-0.07594910264015198,-0.37214580178260803,0.5659933090209961,0.18043416738510132,2.6963565349578857,0.9552541971206665,0
PVR,304,604,302,0,0,0,0,0,1.451005937269656e-05,-0.13383087515830994,-2.7548866271972656,-0.6700575947761536,0.04931662231683731,4.419902324676514,0.5334693193435669,0.18314749002456665,7.174788951873779,1.2035269737243652,0
PLMR,180,356,178,0,0,0,0,0,1.358107510895934e-05,-0.28229984641075134,0.490924596786499,-0.25001150369644165,-0.020448092371225357,4.254462242126465,0.28327757120132446,0.2618517577648163,3.763537645339966,0.5332890748977661,0
PHCR,100,196,98,0,0,0,0,0,1.4069168173591606e-05,-0.0730309784412384,3.605661392211914,-0.19006451964378357,-0.007640013471245766,4.418710231781006,0.41932448744773865,0.06539096683263779,0.8130488395690918,0.6093890070915222,0
PHBR,80,156,78,0,0,0,0,0,9.46166710491525e-06,-0.07132166624069214,3.511103630065918,-0.2287811040878296,-0.008953947573900223,4.232712268829346,0.17418837547302246,0.062367718666791916,0.7216086387634277,0.40296947956085205,0
PHAR,80,156,78,0,0,0,0,0,9.461609806749038e-06,-0.07201666384935379,3.511103630065918,-0.2287810742855072,-0.009648935869336128,4.232712268829346,0.1741802990436554,0.06236772984266281,0.7216086387634277,0.4029613733291626,0
PVDL,6999,13995,6942,224,224,0,0,504,0.0,-0.13383084535598755,-2.6415724754333496,-1.7811630964279175,0.2761906683444977,3.873724937438965,1.5787413120269775,0.41002151370048523,6.5152974128723145,3.3599042892456055,952
IL2VR,84,164,82,0,0,0,0,0,0.06821923702955246,-0.09245587140321732,-3.5044360160827637,0.3793797492980957,-0.03865189850330353,-2.7222752571105957,0.5687958598136902,0.05380397289991379,0.782160758972168,0.18941611051559448,0
FLPR,192,380,190,0,0,0,0,0,5.946123565081507e-05,-0.16191352903842926,-3.5169694423675537,0.13875633478164673,-0.020397692918777466,-2.237408399581909,0.5918490290641785,0.1415158361196518,1.2795610427856445,0.45309269428253174,0
BAGR,124,244,122,0,0,0,0,0,0.06490058451890945,-0.1239495649933815,-3.5055058002471924,0.3824671506881714,0.048153094947338104,-2.719611644744873,0.5922146439552307,0.1721026599407196,0.7858941555023193,0.20974749326705933,0
IL2R,88,172,86,0,0,0,0,0,0.0815124586224556,-0.12341371178627014,-3.5005524158477783,0.4481704831123352,-0.048009004443883896,-2.737002372741699,0.5934297442436218,0.07540470361709595,0.7635500431060791,0.14525926113128662,0
AWCR,156,308,154,0,0,0,0,0,0.1228744313120842,-0.12298858165740967,-3.4943413734436035,-0.00989435613155365,0.043022505939006805,-2.595923900604248,0.9264645576477051,0.16601109504699707,0.8984174728393555,0.9363589286804199,0
AWBR,144,284,142,0,0,0,0,0,0.20484590530395508,-0.1234157457947731,-3.499065399169922,0.26404738426208496,-0.02319062501192093,-2.5895907878875732,0.7847861647605896,0.10022512078285217,0.9094746112823486,0.5207387804985046,0
AWAR,144,284,142,0,0,0,0,0,0.1104130744934082,-0.1234157383441925,-3.4942739009857178,0.22038452327251434,-0.023205101490020752,-2.5831828117370605,0.8247292041778564,0.10021063685417175,0.9110910892486572,0.6043446660041809,0
ASKR,144,284,142,0,0,0,0,0,0.12166434526443481,-0.12341181933879852,-3.4943501949310303,0.11502356082201004,-0.023204714059829712,-2.5756800174713135,0.8914379477500916,0.10020710527896881,0.9186701774597168,0.7764143943786621,0
ASIR,156,308,154,0,0,0,0,0,0.11834541708230972,-0.1234157532453537,-3.4943180084228516,0.16563673317432404,-0.023203816264867783,-2.5720901489257812,0.8722103834152222,0.10021193325519562,0.9222278594970703,0.7065736651420593,0
ASER,176,348,174,0,0,0,0,0,0.11360935121774673,-0.12314577400684357,-3.494345188140869,0.028273455798625946,0.04903620481491089,-2.5802621841430664,0.93077552318573,0.17218197882175446,0.9140830039978027,0.9025020599365234,0
ASHR,144,284,142,0,0,0,0,0,0.11775869876146317,-0.1234157532453537,-3.494349956512451,0.019426889717578888,-0.023204714059829712,-2.582345962524414,0.9327127933502197,0.10021103918552399,0.9120039939880371,0.9132859110832214,0
ADLR,140,276,138,0,0,0,0,0,0.07888631522655487,-0.1234157532453537,-3.5086617469787598,0.36498233675956726,-0.023804787546396255,-2.6407835483551025,0.6446744203567505,0.09961096942424774,0.8678781986236572,0.2796920835971832,0
ADFR,140,276,138,0,0,0,0,0,0.09297895431518555,-0.12341572344303131,-3.523191452026367,0.2661108672618866,-0.023204710334539413,-2.622004985809326,0.6446741819381714,0.1002110093832016,0.901186466217041,0.3785633146762848,0
ADER,132,260,130,0,0,0,0,0,0.045614659786224365,-0.20996053516864777,-2.8179690837860107,0.14786280691623688,-0.022071152925491333,-2.389284372329712,0.49117225408554077,0.18788938224315643,0.42868471145629883,0.3433094620704651,0
PQR,96,188,94,0,0,0,0,0,5.416600288299378e-06,-0.016201799735426903,3.6056618690490723,-0.19006451964378357,0.04616592824459076,4.162528991699219,0.13064730167388916,0.06236772984266281,0.5568671226501465,0.32071182131767273,0
PHCL,100,196,98,0,0,0,0,0,1.4069168173591606e-05,-0.016201799735426903,3.605661392211914,-0.19006450474262238,0.04616593196988106,4.418709754943848,0.41932445764541626,0.06236772984266281,0.8130483627319336,0.6093889474868774,0
PHBL,80,156,78,0,0,0,0,0,9.461640729568899e-06,-0.016201801598072052,3.511103630065918,-0.22878113389015198,0.04616592451930046,4.232712268829346,0.17418837547302246,0.06236772611737251,0.7216086387634277,0.40296950936317444,0
PHAL,80,156,78,0,0,0,0,0,9.461638001084793e-06,-0.016201797872781754,3.511103630065918,-0.22878116369247437,0.04616592824459076,4.232712745666504,0.174180269241333,0.06236772611737251,0.7216091156005859,0.4029614329338074,0
PLML,180,356,178,0,0,0,0,0,1.3580951417679898e-05,0.008983181789517403,0.4909236431121826,-0.2500115633010864,0.2708349823951721,4.254461288452148,0.28327763080596924,0.26185178756713867,3.763537645339966,0.5332891941070557,0
PDEL,208,412,206,0,0,0,0,0,4.030390300613362e-06,-0.13383090496063232,-2.543172597885132,-1.1256189346313477,0.2682977020740509,3.7836453914642334,0.6847903728485107,0.4021286070346832,6.326817989349365,1.8104093074798584,0
ALML,128,252,126,0,0,0,0,0,4.243411240167916e-06,0.03323085606098175,-3.0685017108917236,-0.3892608880996704,0.24173663556575775,-0.3721455931663513,0.5659931898117065,0.208505779504776,2.6963560581207275,0.955254077911377,0
IL2VL,84,164,82,0,0,0,0,0,0.06821896135807037,-0.004066351801156998,-3.5044357776641846,0.3793797791004181,0.049737632274627686,-2.7222752571105957,0.5687958598136902,0.05380398407578468,0.7821605205535889,0.1894160807132721,0
CEPDR,128,252,126,0,0,0,0,0,0.08423445373773575,-0.09260428696870804,-3.4958102703094482,0.4597945511341095,-0.03786751627922058,-2.735226631164551,0.6208512187004089,0.05473677068948746,0.7605836391448975,0.16105666756629944,0
ASGR,124,244,122,0,0,0,0,0,0.11320290714502335,-0.1234157383441925,-3.5231919288635254,0.266067236661911,-0.023199956864118576,-2.6270549297332764,0.6093893647193909,0.10021577775478363,0.896136999130249,0.34332212805747986,0
OLLR,148,292,146,0,0,0,0,0,0.03742453455924988,-0.12334636598825455,-3.505697011947632,0.37501630187034607,-0.023254387080669403,-2.7002651691436768,0.6801894307136536,0.10009197890758514,0.8054318428039551,0.3051731288433075,0
IL2DR,88,172,86,0,0,0,0,0,0.06006787344813347,-0.12737703323364258,-3.4933838844299316,0.46455633640289307,-0.008949261158704758,-2.737023115158081,0.7043256759643555,0.11842776834964752,0.7563607692718506,0.2397693395614624,0
AFDR,140,276,138,0,0,0,0,0,0.07430994510650635,-0.12341577559709549,-3.494263172149658,0.2527402639389038,-0.023204907774925232,-2.5868823528289795,0.8021753430366516,0.10021086782217026,0.9073808193206787,0.5494350790977478,0
CEPVR,116,228,114,0,0,0,0,0,0.07007904350757599,-0.09336673468351364,-3.493025779724121,0.36667460203170776,-0.03865187615156174,-2.7170705795288086,0.6485493183135986,0.054714858531951904,0.7759552001953125,0.28187471628189087,0
ASJR,152,300,150,0,0,0,0,0,0.07232928276062012,-0.12341578304767609,-3.4939815998077393,0.23450416326522827,-0.023204993456602097,-2.61173415184021,0.6289823055267334,0.10021078586578369,0.8822474479675293,0.3944781422615051,0
AQR,148,292,146,0,0,0,0,0,0.15203788876533508,-0.15615761280059814,-2.763169050216675,0.14902248978614807,0.049316685646772385,-2.4046058654785156,0.5318728685379028,0.20547430217266083,0.3585631847381592,0.38285037875175476,0
IL2DL,88,172,86,0,0,0,0,0,0.05986775457859039,-0.020441891625523567,-3.491832971572876,0.46574923396110535,0.09491325914859772,-2.737194061279297,0.7035542726516724,0.11535514891147614,0.7546389102935791,0.23780503869056702,0
BAGL,124,244,122,0,0,0,0,0,0.06490113586187363,-0.09148448705673218,-3.5055060386657715,0.382467120885849,0.08061815053224564,-2.719611406326294,0.5922146439552307,0.17210263013839722,0.7858946323394775,0.2097475230693817,0
CEPVL,116,228,114,0,0,0,0,0,0.07007884234189987,-0.004066351801156998,-3.493025779724121,0.3666745722293854,0.050648514181375504,-2.7170703411102295,0.6485493779182434,0.0547148659825325,0.7759554386138916,0.28187480568885803,0
ADEL,132,260,130,0,0,0,0,0,0.045614346861839294,-0.02121594548225403,-2.8179690837860107,0.14786282181739807,0.19719833135604858,-2.389284610748291,0.49117228388786316,0.2184142768383026,0.4286844730377197,0.3433094620704651,0
FLPL,192,380,190,0,0,0,0,0,5.946497185504995e-05,-0.021215975284576416,-3.516969680786133,0.13875634968280792,0.1202998012304306,-2.237408399581909,0.5918490886688232,0.14151577651500702,1.2795612812042236,0.4530927538871765,0
ADLL,140,276,138,0,0,0,0,0,0.07888654619455338,-0.01891345903277397,-3.508661985397339,0.36498233675956726,0.08069750666618347,-2.6407837867736816,0.6446744203567505,0.09961096942424774,0.8678781986236572,0.2796920835971832,0
ASHL,144,284,142,0,0,0,0,0,0.11775873601436615,-0.019513532519340515,-3.494349718093872,0.01942705735564232,0.08069751411676407,-2.582345724105835,0.932712972164154,0.10021104663610458,0.9120039939880371,0.9132859110832214,0
AWBL,144,284,142,0,0,0,0,0,0.20484721660614014,-0.019527599215507507,-3.499065637588501,0.2640473544597626,0.08069750666618347,-2.5895907878875732,0.7847861647605896,0.10022510588169098,0.9094748497009277,0.5207388401031494,0
AFDL,140,276,138,0,0,0,0,0,0.0743100643157959,-0.0195133239030838,-3.494262933731079,0.25274014472961426,0.08069752156734467,-2.5868821144104004,0.8021752834320068,0.10021084547042847,0.9073808193206787,0.5494351387023926,0
ADFL,140,276,138,0,0,0,0,0,0.0929790735244751,-0.019513525068759918,-3.523191452026367,0.26611077785491943,0.08069750666618347,-2.622004985809326,0.6446742415428162,0.10021103173494339,0.901186466217041,0.37856346368789673,0
ASEL,176,348,174,0,0,0,0,0,0.1136094257235527,-0.09148447215557098,-3.4943454265594482,0.028273548930883408,0.08069750666618347,-2.5802621841430664,0.9307757019996643,0.17218197882175446,0.9140832424163818,0.902502179145813,0
AWCL,156,308,154,0,0,0,0,0,0.1228756234049797,-0.08531951159238815,-3.4943413734436035,-0.009894311428070068,0.08069169521331787,-2.595923900604248,0.9264644384384155,0.16601121425628662,0.8984174728393555,0.9363587498664856,0
ASJL,152,300,150,0,0,0,0,0,0.07232916355133057,-0.01951325312256813,-3.4939815998077393,0.23450413346290588,0.08069751411676407,-2.61173415184021,0.6289823055267334,0.1002107709646225,0.8822474479675293,0.3944781720638275,0
CEPDL,128,252,126,0,0,0,0,0,0.08423454314470291,-0.004850715398788452,-3.4958102703094482,0.45979467034339905,0.04988605156540871,-2.735226631164551,0.6208513379096985,0.05473676696419716,0.7605836391448975,0.16105666756629944,0
ASIL,156,308,154,0,0,0,0,0,0.11834508925676346,-0.019514426589012146,-3.4943180084228516,0.16563665866851807,0.08069752156734467,-2.5720906257629395,0.8722101449966431,0.10021194815635681,0.9222273826599121,0.706573486328125,0
ASKL,144,284,142,0,0,0,0,0,0.12166449427604675,-0.019513528794050217,-3.494349956512451,0.11502357572317123,0.08069358021020889,-2.5756797790527344,0.8914379477500916,0.10020710527896881,0.9186701774597168,0.7764143943786621,0
ASGL,124,244,122,0,0,0,0,0,0.11320177465677261,-0.019518274813890457,-3.5231916904449463,0.2660672664642334,0.08069749921560287,-2.6270551681518555,0.6093893647193909,0.10021577775478363,0.8961365222930908,0.34332209825515747,0
AWAL,144,284,142,0,0,0,0,0,0.11041265726089478,-0.019513126462697983,-3.4942739009857178,0.22038443386554718,0.08069750666618347,-2.5831828117370605,0.8247291445732117,0.10021063685417175,0.9110910892486572,0.6043447256088257,0
OLLL,148,292,146,0,0,0,0,0,0.03742421045899391,-0.019463855773210526,-3.5056967735290527,0.37501633167266846,0.08062811195850372,-2.7002649307250977,0.6801893711090088,0.10009196400642395,0.8054318428039551,0.30517303943634033,0
IL2L,88,172,86,0,0,0,0,0,0.081512451171875,0.00529078021645546,-3.5005526542663574,0.4481704831123352,0.08069545775651932,-2.737002372741699,0.5934298038482666,0.07540467381477356,0.7635502815246582,0.1452593207359314,0
OLQsoVR,36,68,34,0,0,0,0,0,0.05285030975937843,-0.09080898761749268,-3.4929604530334473,0.35936346650123596,-0.03865189105272293,-3.045069932937622,0.6911640167236328,0.052157096564769745,0.4478905200958252,0.33180055022239685,0
ILsoVR,32,60,30,0,0,0,0,0,0.07157960534095764,-0.07398577034473419,-3.493006467819214,0.47605371475219727,-0.038651879876852036,-3.1739678382873535,0.6060923933982849,0.035333890467882156,0.31903862953186035,0.13003867864608765,0
XXXR,40,76,38,0,0,0,0,0,0.1008879542350769,-0.09415633976459503,-2.940777540206909,0.44065946340560913,-0.0764518529176712,-2.8300607204437256,0.4672963321208954,0.017704486846923828,0.1107168197631836,0.026636868715286255,0
OLLsoR,56,108,54,0,0,0,0,0,0.13052596151828766,-0.14078082144260406,-3.49428391456604,0.29755789041519165,-0.048009030520915985,-2.8652966022491455,0.8245939016342163,0.09277179092168808,0.6289873123168945,0.5270360112190247,0
ILsoR,40,76,38,0,0,0,0,0,0.13052502274513245,-0.10677950829267502,-3.49428391456604,0.39141085743904114,-0.04800906032323837,-3.099520444869995,0.7339695692062378,0.058770447969436646,0.3947634696960449,0.34255871176719666,0
AMsoR,40,76,38,0,0,0,0,0,1.62293672474334e-05,-0.11838376522064209,-3.4939513206481934,0.5402405261993408,-0.04668927565217018,-3.1344335079193115,0.5964781641960144,0.07169449329376221,0.35951781272888184,0.056237637996673584,0
PHso1R,56,108,54,0,0,0,0,0,7.04201556800399e-06,-0.02523968741297722,4.111462116241455,0.10765789449214935,-0.00895135011523962,4.23298978805542,0.17481361329555511,0.016288336366415024,0.12152767181396484,0.06715571880340576,0
PHso2R,48,92,46,0,0,0,0,0,7.729146091151051e-06,-0.026312798261642456,4.128885269165039,0.11177031695842743,-0.007172418758273125,4.233001232147217,0.17530006170272827,0.01914037950336933,0.10411596298217773,0.06352974474430084,0
PHso2L,48,92,46,0,0,0,0,0,8.406790584558621e-06,-0.005623866803944111,4.128885269165039,0.11177030205726624,0.01351651269942522,4.233002185821533,0.17530004680156708,0.01914037950336933,0.10411691665649414,0.06352974474430084,0
PHso1L,56,108,54,0,0,0,0,0,7.264008672791533e-06,-0.0038557415828108788,4.111462116241455,0.10765790194272995,0.012432597577571869,4.23298978805542,0.1748136430978775,0.016288340091705322,0.12152767181396484,0.06715574115514755,0
ADEsoL,60,120,60,0,0,0,0,0,0.010064746253192425,0.05230923742055893,-2.603438138961792,0.37003353238105774,0.19705471396446228,-2.4983086585998535,0.39524179697036743,0.14474546909332275,0.10512948036193848,0.025208264589309692,0
AMsoL,40,76,38,0,0,0,0,0,1.6229010725510307e-05,0.003971051424741745,-3.4939517974853516,0.5402405858039856,0.07566552609205246,-3.1344337463378906,0.5964782238006592,0.07169447839260101,0.35951805114746094,0.056237637996673584,0
ILsoDR,36,68,34,0,0,0,0,0,0.14505484700202942,-0.09708556532859802,-3.4917850494384766,0.5711079239845276,-0.037867531180381775,-3.153087854385376,0.6624756455421448,0.05921803414821625,0.3386971950531006,0.09136772155761719,0
ADEsoR,60,120,60,0,0,0,0,0,0.010064896196126938,-0.21229523420333862,-2.603437900543213,0.37003347277641296,-0.09502745419740677,-2.4983081817626953,0.39524173736572266,0.11726778000593185,0.10512971878051758,0.025208264589309692,0
CEPsoVR,48,92,46,0,0,0,0,0,0.1457652747631073,-0.09400517493486404,-3.4986653327941895,0.44416457414627075,-0.038651928305625916,-2.8867313861846924,0.5684700012207031,0.05535324662923813,0.6119339466094971,0.12430542707443237,0
CEPsoDR,56,108,54,0,0,0,0,0,0.42373713850975037,-0.10884013772010803,-3.495626211166382,0.5083103775978088,-0.03387876972556114,-2.8544366359710693,0.6442458629608154,0.07496136426925659,0.6411895751953125,0.1359354853630066,0
OLQsoDR,36,68,34,0,0,0,0,0,0.1507580727338791,-0.09643250703811646,-3.4917407035827637,0.4868074059486389,-0.03786753490567207,-3.1225337982177734,0.7325148582458496,0.05856497213244438,0.36920690536499023,0.2457074522972107,0
ILsoVL,32,60,30,0,0,0,0,0,0.07158005982637405,-0.004066351801156998,-3.493006467819214,0.47605371475219727,0.03126753866672516,-3.1739678382873535,0.6060923337936401,0.035333890467882156,0.31903862953186035,0.13003861904144287,0
OLQsoVL,36,68,34,0,0,0,0,0,0.052850257605314255,-0.004066351801156998,-3.4929604530334473,0.3593633770942688,0.04809074103832245,-3.045069932937622,0.691163957118988,0.052157092839479446,0.4478905200958252,0.33180058002471924,0
ILsoL,40,76,38,0,0,0,0,0,0.13052451610565186,0.005290798842906952,-3.49428391456604,0.39141082763671875,0.06406126171350479,-3.099520444869995,0.7339695692062378,0.05877046287059784,0.3947634696960449,0.34255874156951904,0
ILsoDL,36,68,34,0,0,0,0,0,0.14304834604263306,-0.004850722849369049,-3.4917032718658447,0.47948816418647766,0.0543673075735569,-3.15097975730896,0.7416631579399109,0.05921803042292595,0.34072351455688477,0.2621749937534332,0
OLQsoDL,36,68,34,0,0,0,0,0,0.14304785430431366,-0.0048507265746593475,-3.491703510284424,0.4677411615848541,0.053714245557785034,-3.122309446334839,0.7526968717575073,0.05856497213244438,0.36939406394958496,0.2849557101726532,0
XXXL,40,76,38,0,0,0,0,0,0.10088834911584854,0.033733583986759186,-2.940777063369751,0.44065937399864197,0.05143807828426361,-2.8300604820251465,0.4672962725162506,0.017704494297504425,0.11071658134460449,0.026636898517608643,0
OLLsoL,56,108,54,0,0,0,0,0,0.13052484393119812,0.005290776491165161,-3.494284152984619,0.29755789041519165,0.09806255251169205,-2.8652966022491455,0.8245938420295715,0.09277177602052689,0.6289875507354736,0.5270359516143799,0
CEPsoDL,56,108,54,0,0,0,0,0,0.3246169984340668,-0.004458222538232803,-3.4917218685150146,0.3153572976589203,0.06197529658675194,-2.8581345081329346,0.804585337638855,0.06643351912498474,0.6335873603820801,0.4892280399799347,0
CEPsoVL,48,92,46,0,0,0,0,0,0.21082578599452972,-0.004066351801156998,-3.4986653327941895,0.44416454434394836,0.05128689110279083,-2.8867313861846924,0.5684700012207031,0.05535324290394783,0.6119339466094971,0.12430545687675476,0
OLQshVR,60,116,58,0,0,0,0,0,0.057642076164484024,-0.11475948989391327,-3.497546434402466,0.23081550002098083,-0.034199491143226624,-2.8914458751678467,0.7938357591629028,0.08055999875068665,0.6061005592346191,0.5630202293395996,0
ILshVR,40,76,38,0,0,0,0,0,0.040445730090141296,-0.0761708989739418,-3.498321294784546,0.49648505449295044,-0.035911742597818375,-3.144515037536621,0.5711948871612549,0.04025915637612343,0.3538062572479248,0.07470983266830444,0
OLLshR,56,108,54,0,0,0,0,0,0.07776256650686264,-0.1308981478214264,-3.4973292350769043,0.5168510675430298,-0.047481436282396317,-2.917165994644165,0.6045377254486084,0.08341671526432037,0.5801632404327393,0.08768665790557861,0
ILshR,60,116,58,0,0,0,0,0,0.07335056364536285,-0.1281953603029251,-3.4973764419555664,0.28575196862220764,-0.04481375962495804,-2.9163601398468018,0.8117058277130127,0.08338160067796707,0.5810163021087646,0.5259538888931274,0
AMshR,92,180,90,0,0,0,0,0,3.954089606850175e-06,-0.12304828315973282,-3.495243549346924,0.3034836947917938,-0.047857776284217834,-2.389789342880249,0.7635266780853271,0.07519050687551498,1.1054542064666748,0.4600429832935333,0
PHshR,32,60,30,0,0,0,0,0,4.4618540414376184e-05,-0.0269206240773201,4.097930908203125,0.13007792830467224,-0.013010403141379356,4.21505880355835,0.165964737534523,0.013910220935940742,0.11712789535522461,0.03588680922985077,0
PHshL,32,60,30,0,0,0,0,0,4.898402767139487e-05,0.0003643622621893883,4.097930908203125,0.13007794320583344,0.014274582266807556,4.215059280395508,0.1659647524356842,0.013910220004618168,0.11712837219238281,0.03588680922985077,0
OLQshDR,56,108,54,0,0,0,0,0,0.23048514127731323,-0.12448009103536606,-3.4917030334472656,0.27189016342163086,-0.03786752372980118,-2.852254867553711,0.8889158964157104,0.08661256730556488,0.6394481658935547,0.6170257329940796,0
CEPshVR,104,204,102,0,0,0,0,0,0.06961901485919952,-0.11522544920444489,-3.492910861968994,0.06764925271272659,-0.021147295832633972,-2.67755389213562,0.8621455430984497,0.09407815337181091,0.815356969833374,0.7944962978363037,0
CEPshDR,104,204,102,0,0,0,0,0,0.1715170443058014,-0.11504565179347992,-3.4917778968811035,0.37326380610466003,-0.022366181015968323,-2.695585012435913,0.7660332322120667,0.0926794707775116,0.7961928844451904,0.3927694261074066,0
ILshDR,44,84,42,0,0,0,0,0,0.10481922328472137,-0.14788636565208435,-3.4917290210723877,0.35899457335472107,-0.02443014457821846,-2.9013750553131104,0.8065658211708069,0.12345622479915619,0.5903539657592773,0.4475712478160858,0
ADEshR,100,200,100,0,0,0,0,0,0.024543501436710358,-0.20969361066818237,-2.504528760910034,0.34848663210868835,-0.09566280245780945,-2.3582944869995117,0.38120341300964355,0.11403080821037292,0.14623427391052246,0.0327167809009552,0
ADEshL,68,136,68,0,0,0,0,0,0.0325765423476696,0.052944570779800415,-2.5048184394836426,0.3500261604785919,0.19475752115249634,-2.3584256172180176,0.3742656409740448,0.14181295037269592,0.146392822265625,0.02423948049545288,0
ILshVL,40,76,38,0,0,0,0,0,0.04044470191001892,-0.006806503981351852,-3.498321294784546,0.49648502469062805,0.033452652394771576,-3.144515037536621,0.5711948871612549,0.04025915637612343,0.3538062572479248,0.07470986247062683,0
ILshDL,44,84,42,0,0,0,0,0,0.07579631358385086,-0.006299803499132395,-3.4929864406585693,0.5214506983757019,0.09245587885379791,-2.898980140686035,0.6700567007064819,0.09875568002462387,0.5940062999725342,0.14860600233078003,0
OLQshDL,56,108,54,0,0,0,0,0,0.11600901931524277,-0.004850737750530243,-3.4917056560516357,0.36019134521484375,0.08176182955503464,-2.8524746894836426,0.8162089586257935,0.08661256730556488,0.6392309665679932,0.4560176134109497,0
ILshL,60,116,58,0,0,0,0,0,0.07335019111633301,0.0020955055952072144,-3.4973762035369873,0.2857520878314972,0.08547709882259369,-2.9163601398468018,0.8117059469223022,0.08338159322738647,0.5810160636901855,0.5259538888931274,0
OLQshVL,60,116,58,0,0,0,0,0,0.05764086917042732,-0.008518725633621216,-3.497546911239624,0.23081520199775696,0.07204127311706543,-2.891446113586426,0.7938356399536133,0.08055999875068665,0.6061007976531982,0.5630204677581787,0
OLLshL,56,108,54,0,0,0,0,0,0.07776445895433426,-0.016202671453356743,-3.4951653480529785,0.5168936848640442,0.10867544263601303,-2.918917655944824,0.6044952273368835,0.12487811595201492,0.5762476921081543,0.08760154247283936,0
CEPshDL,104,204,102,0,0,0,0,0,0.17151708900928497,-0.020352063700556755,-3.4917774200439453,0.3732638657093048,0.07232740521430969,-2.695584774017334,0.7660332322120667,0.0926794707775116,0.7961926460266113,0.39276936650276184,0
CEPshVL,104,204,102,0,0,0,0,0,0.0979488268494606,-0.02157094143331051,-3.493006706237793,0.32325345277786255,0.07250721752643585,-2.681553363800049,0.6749716401100159,0.09407816082239151,0.8114533424377441,0.3517181873321533,0
AMshL,92,180,90,0,0,0,0,0,3.954117346438579e-06,0.005139533430337906,-3.495243787765503,0.30348366498947144,0.08033003658056259,-2.389789581298828,0.7635266184806824,0.07519049942493439,1.1054542064666748,0.46004295349121094,0
Cube,66,132,75,0,12,0,0,0,1.8899990320205688,-1.0135931968688965,-1.8086742162704468,1.6944806575775146,1.0135931968688965,0.2185121774673462,3.7216670513153076,2.027186393737793,2.027186393737793,2.027186393737793,12
1um,8,12,6,0,0,0,0,0,3.999999523162842,-1.6849998235702515,5.000028133392334,5.599972248077393,-1.6750000715255737,5.0100274085998535,5.609971523284912,0.009999752044677734,0.009999275207519531,0.009999275207519531,0
1mm,8,12,6,0,0,0,0,0,3.999999523162842,-6.999828338623047,4.0001726150512695,5.000171661376953,2.999828338623047,13.999828338623047,14.99982738494873,9.999656677246094,9.999655723571777,9.999655723571777,0
10um,8,12,6,0,0,0,0,0,3.999999523162842,-1.729998230934143,5.000001430511475,5.7000017166137695,-1.6300016641616821,5.0999979972839355,5.7999982833862305,0.09999656677246094,0.09999656677246094,0.09999656677246094,0
100um,8,12,6,0,0,0,0,0,3.999999523162842,-2.4999828338623047,5.000017166137695,6.000017166137695,-1.5000171661376953,5.999982833862305,6.999982833862305,0.9999656677246094,0.9999656677246094,0.9999656677246094,0
